{"type":"FeatureCollection","features":[{"type":"Feature","properties":{"slug":"chugureti-1","parent_slug":"chugureti","parent_name_en":"Chugureti","parent_name_ka":"ჩუღურეთის რაიონი","parent_name_ru":"Чугурети","index":1,"color_index":0,"name_en":"Chugureti 1"},"geometry":{"type":"Polygon","coordinates":[[[44.79626,41.70135],[44.8038,41.70135],[44.8038,41.70698],[44.79626,41.70698],[44.79626,41.70135]]]}},{"type":"Feature","properties":{"slug":"chugureti-10","parent_slug":"chugureti","parent_name_en":"Chugureti","parent_name_ka":"ჩუღურეთის რაიონი","parent_name_ru":"Чугурети","index":10,"color_index":0,"name_en":"Chugureti 10"},"geometry":{"type":"Polygon","coordinates":[[[44.79626,41.71261],[44.8038,41.71261],[44.8038,41.71824],[44.79626,41.71824],[44.79626,41.71261]]]}},{"type":"Feature","properties":{"slug":"chugureti-11","parent_slug":"chugureti","parent_name_en":"Chugureti","parent_name_ka":"ჩუღურეთის რაიონი","parent_name_ru":"Чугурети","index":11,"color_index":0,"name_en":"Chugureti 11"},"geometry":{"type":"Polygon","coordinates":[[[44.8038,41.71261],[44.81135,41.71261],[44.81135,41.71824],[44.8038,41.71824],[44.8038,41.71261]]]}},{"type":"Feature","properties":{"slug":"chugureti-12","parent_slug":"chugureti","parent_name_en":"Chugureti","parent_name_ka":"ჩუღურეთის რაიონი","parent_name_ru":"Чугурети","index":12,"color_index":0,"name_en":"Chugureti 12"},"geometry":{"type":"Polygon","coordinates":[[[44.81135,41.71261],[44.8189,41.71261],[44.8189,41.71824],[44.81135,41.71824],[44.81135,41.71261]]]}},{"type":"Feature","properties":{"slug":"chugureti-13","parent_slug":"chugureti","parent_name_en":"Chugureti","parent_name_ka":"ჩუღურეთის რაიონი","parent_name_ru":"Чугурети","index":13,"color_index":0,"name_en":"Chugureti 13"},"geometry":{"type":"Polygon","coordinates":[[[44.8189,41.71261],[44.82645,41.71261],[44.82645,41.71824],[44.8189,41.71824],[44.8189,41.71261]]]}},{"type":"Feature","properties":{"slug":"chugureti-14","parent_slug":"chugureti","parent_name_en":"Chugureti","parent_name_ka":"ჩუღურეთის რაიონი","parent_name_ru":"Чугурети","index":14,"color_index":0,"name_en":"Chugureti 14"},"geometry":{"type":"Polygon","coordinates":[[[44.82645,41.71261],[44.834,41.71261],[44.834,41.71824],[44.82645,41.71824],[44.82645,41.71261]]]}},{"type":"Feature","properties":{"slug":"chugureti-15","parent_slug":"chugureti","parent_name_en":"Chugureti","parent_name_ka":"ჩუღურეთის რაიონი","parent_name_ru":"Чугурети","index":15,"color_index":0,"name_en":"Chugureti 15"},"geometry":{"type":"Polygon","coordinates":[[[44.79626,41.71824],[44.8038,41.71824],[44.8038,41.72387],[44.79626,41.72387],[44.79626,41.71824]]]}},{"type":"Feature","properties":{"slug":"chugureti-16","parent_slug":"chugureti","parent_name_en":"Chugureti","parent_name_ka":"ჩუღურეთის რაიონი","parent_name_ru":"Чугурети","index":16,"color_index":0,"name_en":"Chugureti 16"},"geometry":{"type":"Polygon","coordinates":[[[44.8038,41.71824],[44.81135,41.71824],[44.81135,41.72387],[44.8038,41.72387],[44.8038,41.71824]]]}},{"type":"Feature","properties":{"slug":"chugureti-17","parent_slug":"chugureti","parent_name_en":"Chugureti","parent_name_ka":"ჩუღურეთის რაიონი","parent_name_ru":"Чугурети","index":17,"color_index":0,"name_en":"Chugureti 17"},"geometry":{"type":"Polygon","coordinates":[[[44.81135,41.71824],[44.8189,41.71824],[44.8189,41.72387],[44.81135,41.72387],[44.81135,41.71824]]]}},{"type":"Feature","properties":{"slug":"chugureti-18","parent_slug":"chugureti","parent_name_en":"Chugureti","parent_name_ka":"ჩუღურეთის რაიონი","parent_name_ru":"Чугурети","index":18,"color_index":0,"name_en":"Chugureti 18"},"geometry":{"type":"Polygon","coordinates":[[[44.8189,41.71824],[44.82645,41.71824],[44.82645,41.72387],[44.8189,41.72387],[44.8189,41.71824]]]}},{"type":"Feature","properties":{"slug":"chugureti-19","parent_slug":"chugureti","parent_name_en":"Chugureti","parent_name_ka":"ჩუღურეთის რაიონი","parent_name_ru":"Чугурети","index":19,"color_index":0,"name_en":"Chugureti 19"},"geometry":{"type":"Polygon","coordinates":[[[44.82645,41.71824],[44.834,41.71824],[44.834,41.72387],[44.82645,41.72387],[44.82645,41.71824]]]}},{"type":"Feature","properties":{"slug":"chugureti-2","parent_slug":"chugureti","parent_name_en":"Chugureti","parent_name_ka":"ჩუღურეთის რაიონი","parent_name_ru":"Чугурети","index":2,"color_index":0,"name_en":"Chugureti 2"},"geometry":{"type":"Polygon","coordinates":[[[44.8038,41.70135],[44.81135,41.70135],[44.81135,41.70698],[44.8038,41.70698],[44.8038,41.70135]]]}},{"type":"Feature","properties":{"slug":"chugureti-20","parent_slug":"chugureti","parent_name_en":"Chugureti","parent_name_ka":"ჩუღურეთის რაიონი","parent_name_ru":"Чугурети","index":20,"color_index":0,"name_en":"Chugureti 20"},"geometry":{"type":"Polygon","coordinates":[[[44.834,41.71824],[44.84155,41.71824],[44.84155,41.72387],[44.834,41.72387],[44.834,41.71824]]]}},{"type":"Feature","properties":{"slug":"chugureti-21","parent_slug":"chugureti","parent_name_en":"Chugureti","parent_name_ka":"ჩუღურეთის რაიონი","parent_name_ru":"Чугурети","index":21,"color_index":0,"name_en":"Chugureti 21"},"geometry":{"type":"Polygon","coordinates":[[[44.84155,41.71824],[44.84909,41.71824],[44.84909,41.72387],[44.84155,41.72387],[44.84155,41.71824]]]}},{"type":"Feature","properties":{"slug":"chugureti-22","parent_slug":"chugureti","parent_name_en":"Chugureti","parent_name_ka":"ჩუღურეთის რაიონი","parent_name_ru":"Чугурети","index":22,"color_index":0,"name_en":"Chugureti 22"},"geometry":{"type":"Polygon","coordinates":[[[44.84909,41.71824],[44.85664,41.71824],[44.85664,41.72387],[44.84909,41.72387],[44.84909,41.71824]]]}},{"type":"Feature","properties":{"slug":"chugureti-23","parent_slug":"chugureti","parent_name_en":"Chugureti","parent_name_ka":"ჩუღურეთის რაიონი","parent_name_ru":"Чугурети","index":23,"color_index":0,"name_en":"Chugureti 23"},"geometry":{"type":"Polygon","coordinates":[[[44.85664,41.71824],[44.86419,41.71824],[44.86419,41.72387],[44.85664,41.72387],[44.85664,41.71824]]]}},{"type":"Feature","properties":{"slug":"chugureti-24","parent_slug":"chugureti","parent_name_en":"Chugureti","parent_name_ka":"ჩუღურეთის რაიონი","parent_name_ru":"Чугурети","index":24,"color_index":0,"name_en":"Chugureti 24"},"geometry":{"type":"Polygon","coordinates":[[[44.81135,41.72387],[44.8189,41.72387],[44.8189,41.7295],[44.81135,41.7295],[44.81135,41.72387]]]}},{"type":"Feature","properties":{"slug":"chugureti-25","parent_slug":"chugureti","parent_name_en":"Chugureti","parent_name_ka":"ჩუღურეთის რაიონი","parent_name_ru":"Чугурети","index":25,"color_index":0,"name_en":"Chugureti 25"},"geometry":{"type":"Polygon","coordinates":[[[44.8189,41.72387],[44.82645,41.72387],[44.82645,41.7295],[44.8189,41.7295],[44.8189,41.72387]]]}},{"type":"Feature","properties":{"slug":"chugureti-26","parent_slug":"chugureti","parent_name_en":"Chugureti","parent_name_ka":"ჩუღურეთის რაიონი","parent_name_ru":"Чугурети","index":26,"color_index":0,"name_en":"Chugureti 26"},"geometry":{"type":"Polygon","coordinates":[[[44.82645,41.72387],[44.834,41.72387],[44.834,41.7295],[44.82645,41.7295],[44.82645,41.72387]]]}},{"type":"Feature","properties":{"slug":"chugureti-27","parent_slug":"chugureti","parent_name_en":"Chugureti","parent_name_ka":"ჩუღურეთის რაიონი","parent_name_ru":"Чугурети","index":27,"color_index":0,"name_en":"Chugureti 27"},"geometry":{"type":"Polygon","coordinates":[[[44.834,41.72387],[44.84155,41.72387],[44.84155,41.7295],[44.834,41.7295],[44.834,41.72387]]]}},{"type":"Feature","properties":{"slug":"chugureti-28","parent_slug":"chugureti","parent_name_en":"Chugureti","parent_name_ka":"ჩუღურეთის რაიონი","parent_name_ru":"Чугурети","index":28,"color_index":0,"name_en":"Chugureti 28"},"geometry":{"type":"Polygon","coordinates":[[[44.84155,41.72387],[44.84909,41.72387],[44.84909,41.7295],[44.84155,41.7295],[44.84155,41.72387]]]}},{"type":"Feature","properties":{"slug":"chugureti-29","parent_slug":"chugureti","parent_name_en":"Chugureti","parent_name_ka":"ჩუღურეთის რაიონი","parent_name_ru":"Чугурети","index":29,"color_index":0,"name_en":"Chugureti 29"},"geometry":{"type":"Polygon","coordinates":[[[44.84909,41.72387],[44.85664,41.72387],[44.85664,41.7295],[44.84909,41.7295],[44.84909,41.72387]]]}},{"type":"Feature","properties":{"slug":"chugureti-3","parent_slug":"chugureti","parent_name_en":"Chugureti","parent_name_ka":"ჩუღურეთის რაიონი","parent_name_ru":"Чугурети","index":3,"color_index":0,"name_en":"Chugureti 3"},"geometry":{"type":"Polygon","coordinates":[[[44.81135,41.70135],[44.8189,41.70135],[44.8189,41.70698],[44.81135,41.70698],[44.81135,41.70135]]]}},{"type":"Feature","properties":{"slug":"chugureti-30","parent_slug":"chugureti","parent_name_en":"Chugureti","parent_name_ka":"ჩუღურეთის რაიონი","parent_name_ru":"Чугурети","index":30,"color_index":0,"name_en":"Chugureti 30"},"geometry":{"type":"Polygon","coordinates":[[[44.85664,41.72387],[44.86419,41.72387],[44.86419,41.7295],[44.85664,41.7295],[44.85664,41.72387]]]}},{"type":"Feature","properties":{"slug":"chugureti-31","parent_slug":"chugureti","parent_name_en":"Chugureti","parent_name_ka":"ჩუღურეთის რაიონი","parent_name_ru":"Чугурети","index":31,"color_index":0,"name_en":"Chugureti 31"},"geometry":{"type":"Polygon","coordinates":[[[44.86419,41.72387],[44.87174,41.72387],[44.87174,41.7295],[44.86419,41.7295],[44.86419,41.72387]]]}},{"type":"Feature","properties":{"slug":"chugureti-32","parent_slug":"chugureti","parent_name_en":"Chugureti","parent_name_ka":"ჩუღურეთის რაიონი","parent_name_ru":"Чугурети","index":32,"color_index":0,"name_en":"Chugureti 32"},"geometry":{"type":"Polygon","coordinates":[[[44.834,41.7295],[44.84155,41.7295],[44.84155,41.73514],[44.834,41.73514],[44.834,41.7295]]]}},{"type":"Feature","properties":{"slug":"chugureti-33","parent_slug":"chugureti","parent_name_en":"Chugureti","parent_name_ka":"ჩუღურეთის რაიონი","parent_name_ru":"Чугурети","index":33,"color_index":0,"name_en":"Chugureti 33"},"geometry":{"type":"Polygon","coordinates":[[[44.84155,41.7295],[44.84909,41.7295],[44.84909,41.73514],[44.84155,41.73514],[44.84155,41.7295]]]}},{"type":"Feature","properties":{"slug":"chugureti-34","parent_slug":"chugureti","parent_name_en":"Chugureti","parent_name_ka":"ჩუღურეთის რაიონი","parent_name_ru":"Чугурети","index":34,"color_index":0,"name_en":"Chugureti 34"},"geometry":{"type":"Polygon","coordinates":[[[44.84909,41.7295],[44.85664,41.7295],[44.85664,41.73514],[44.84909,41.73514],[44.84909,41.7295]]]}},{"type":"Feature","properties":{"slug":"chugureti-35","parent_slug":"chugureti","parent_name_en":"Chugureti","parent_name_ka":"ჩუღურეთის რაიონი","parent_name_ru":"Чугурети","index":35,"color_index":0,"name_en":"Chugureti 35"},"geometry":{"type":"Polygon","coordinates":[[[44.84155,41.73514],[44.84909,41.73514],[44.84909,41.74077],[44.84155,41.74077],[44.84155,41.73514]]]}},{"type":"Feature","properties":{"slug":"chugureti-4","parent_slug":"chugureti","parent_name_en":"Chugureti","parent_name_ka":"ჩუღურეთის რაიონი","parent_name_ru":"Чугурети","index":4,"color_index":0,"name_en":"Chugureti 4"},"geometry":{"type":"Polygon","coordinates":[[[44.78871,41.70698],[44.79626,41.70698],[44.79626,41.71261],[44.78871,41.71261],[44.78871,41.70698]]]}},{"type":"Feature","properties":{"slug":"chugureti-5","parent_slug":"chugureti","parent_name_en":"Chugureti","parent_name_ka":"ჩუღურეთის რაიონი","parent_name_ru":"Чугурети","index":5,"color_index":0,"name_en":"Chugureti 5"},"geometry":{"type":"Polygon","coordinates":[[[44.79626,41.70698],[44.8038,41.70698],[44.8038,41.71261],[44.79626,41.71261],[44.79626,41.70698]]]}},{"type":"Feature","properties":{"slug":"chugureti-6","parent_slug":"chugureti","parent_name_en":"Chugureti","parent_name_ka":"ჩუღურეთის რაიონი","parent_name_ru":"Чугурети","index":6,"color_index":0,"name_en":"Chugureti 6"},"geometry":{"type":"Polygon","coordinates":[[[44.8038,41.70698],[44.81135,41.70698],[44.81135,41.71261],[44.8038,41.71261],[44.8038,41.70698]]]}},{"type":"Feature","properties":{"slug":"chugureti-7","parent_slug":"chugureti","parent_name_en":"Chugureti","parent_name_ka":"ჩუღურეთის რაიონი","parent_name_ru":"Чугурети","index":7,"color_index":0,"name_en":"Chugureti 7"},"geometry":{"type":"Polygon","coordinates":[[[44.81135,41.70698],[44.8189,41.70698],[44.8189,41.71261],[44.81135,41.71261],[44.81135,41.70698]]]}},{"type":"Feature","properties":{"slug":"chugureti-8","parent_slug":"chugureti","parent_name_en":"Chugureti","parent_name_ka":"ჩუღურეთის რაიონი","parent_name_ru":"Чугурети","index":8,"color_index":0,"name_en":"Chugureti 8"},"geometry":{"type":"Polygon","coordinates":[[[44.8189,41.70698],[44.82645,41.70698],[44.82645,41.71261],[44.8189,41.71261],[44.8189,41.70698]]]}},{"type":"Feature","properties":{"slug":"chugureti-9","parent_slug":"chugureti","parent_name_en":"Chugureti","parent_name_ka":"ჩუღურეთის რაიონი","parent_name_ru":"Чугурети","index":9,"color_index":0,"name_en":"Chugureti 9"},"geometry":{"type":"Polygon","coordinates":[[[44.78871,41.71261],[44.79626,41.71261],[44.79626,41.71824],[44.78871,41.71824],[44.78871,41.71261]]]}},{"type":"Feature","properties":{"slug":"didube-1","parent_slug":"didube","parent_name_en":"Didube","parent_name_ka":"დიდუბის რაიონი","parent_name_ru":"Дидубе","index":1,"color_index":1,"name_en":"Didube 1"},"geometry":{"type":"Polygon","coordinates":[[[44.78116,41.71824],[44.78871,41.71824],[44.78871,41.72387],[44.78116,41.72387],[44.78116,41.71824]]]}},{"type":"Feature","properties":{"slug":"didube-10","parent_slug":"didube","parent_name_en":"Didube","parent_name_ka":"დიდუბის რაიონი","parent_name_ru":"Дидубе","index":10,"color_index":1,"name_en":"Didube 10"},"geometry":{"type":"Polygon","coordinates":[[[44.77361,41.7464],[44.78116,41.7464],[44.78116,41.75203],[44.77361,41.75203],[44.77361,41.7464]]]}},{"type":"Feature","properties":{"slug":"didube-11","parent_slug":"didube","parent_name_en":"Didube","parent_name_ka":"დიდუბის რაიონი","parent_name_ru":"Дидубе","index":11,"color_index":1,"name_en":"Didube 11"},"geometry":{"type":"Polygon","coordinates":[[[44.77361,41.75203],[44.78116,41.75203],[44.78116,41.75766],[44.77361,41.75766],[44.77361,41.75203]]]}},{"type":"Feature","properties":{"slug":"didube-12","parent_slug":"didube","parent_name_en":"Didube","parent_name_ka":"დიდუბის რაიონი","parent_name_ru":"Дидубе","index":12,"color_index":1,"name_en":"Didube 12"},"geometry":{"type":"Polygon","coordinates":[[[44.76606,41.75766],[44.77361,41.75766],[44.77361,41.76329],[44.76606,41.76329],[44.76606,41.75766]]]}},{"type":"Feature","properties":{"slug":"didube-13","parent_slug":"didube","parent_name_en":"Didube","parent_name_ka":"დიდუბის რაიონი","parent_name_ru":"Дидубе","index":13,"color_index":1,"name_en":"Didube 13"},"geometry":{"type":"Polygon","coordinates":[[[44.77361,41.75766],[44.78116,41.75766],[44.78116,41.76329],[44.77361,41.76329],[44.77361,41.75766]]]}},{"type":"Feature","properties":{"slug":"didube-14","parent_slug":"didube","parent_name_en":"Didube","parent_name_ka":"დიდუბის რაიონი","parent_name_ru":"Дидубе","index":14,"color_index":1,"name_en":"Didube 14"},"geometry":{"type":"Polygon","coordinates":[[[44.76606,41.76329],[44.77361,41.76329],[44.77361,41.76892],[44.76606,41.76892],[44.76606,41.76329]]]}},{"type":"Feature","properties":{"slug":"didube-15","parent_slug":"didube","parent_name_en":"Didube","parent_name_ka":"დიდუბის რაიონი","parent_name_ru":"Дидубе","index":15,"color_index":1,"name_en":"Didube 15"},"geometry":{"type":"Polygon","coordinates":[[[44.77361,41.76329],[44.78116,41.76329],[44.78116,41.76892],[44.77361,41.76892],[44.77361,41.76329]]]}},{"type":"Feature","properties":{"slug":"didube-16","parent_slug":"didube","parent_name_en":"Didube","parent_name_ka":"დიდუბის რაიონი","parent_name_ru":"Дидубе","index":16,"color_index":1,"name_en":"Didube 16"},"geometry":{"type":"Polygon","coordinates":[[[44.76606,41.76892],[44.77361,41.76892],[44.77361,41.77455],[44.76606,41.77455],[44.76606,41.76892]]]}},{"type":"Feature","properties":{"slug":"didube-17","parent_slug":"didube","parent_name_en":"Didube","parent_name_ka":"დიდუბის რაიონი","parent_name_ru":"Дидубе","index":17,"color_index":1,"name_en":"Didube 17"},"geometry":{"type":"Polygon","coordinates":[[[44.77361,41.76892],[44.78116,41.76892],[44.78116,41.77455],[44.77361,41.77455],[44.77361,41.76892]]]}},{"type":"Feature","properties":{"slug":"didube-18","parent_slug":"didube","parent_name_en":"Didube","parent_name_ka":"დიდუბის რაიონი","parent_name_ru":"Дидубе","index":18,"color_index":1,"name_en":"Didube 18"},"geometry":{"type":"Polygon","coordinates":[[[44.76606,41.77455],[44.77361,41.77455],[44.77361,41.78018],[44.76606,41.78018],[44.76606,41.77455]]]}},{"type":"Feature","properties":{"slug":"didube-19","parent_slug":"didube","parent_name_en":"Didube","parent_name_ka":"დიდუბის რაიონი","parent_name_ru":"Дидубе","index":19,"color_index":1,"name_en":"Didube 19"},"geometry":{"type":"Polygon","coordinates":[[[44.77361,41.77455],[44.78116,41.77455],[44.78116,41.78018],[44.77361,41.78018],[44.77361,41.77455]]]}},{"type":"Feature","properties":{"slug":"didube-2","parent_slug":"didube","parent_name_en":"Didube","parent_name_ka":"დიდუბის რაიონი","parent_name_ru":"Дидубе","index":2,"color_index":1,"name_en":"Didube 2"},"geometry":{"type":"Polygon","coordinates":[[[44.78871,41.71824],[44.79626,41.71824],[44.79626,41.72387],[44.78871,41.72387],[44.78871,41.71824]]]}},{"type":"Feature","properties":{"slug":"didube-20","parent_slug":"didube","parent_name_en":"Didube","parent_name_ka":"დიდუბის რაიონი","parent_name_ru":"Дидубе","index":20,"color_index":1,"name_en":"Didube 20"},"geometry":{"type":"Polygon","coordinates":[[[44.78116,41.77455],[44.78871,41.77455],[44.78871,41.78018],[44.78116,41.78018],[44.78116,41.77455]]]}},{"type":"Feature","properties":{"slug":"didube-21","parent_slug":"didube","parent_name_en":"Didube","parent_name_ka":"დიდუბის რაიონი","parent_name_ru":"Дидубе","index":21,"color_index":1,"name_en":"Didube 21"},"geometry":{"type":"Polygon","coordinates":[[[44.76606,41.78018],[44.77361,41.78018],[44.77361,41.78581],[44.76606,41.78581],[44.76606,41.78018]]]}},{"type":"Feature","properties":{"slug":"didube-22","parent_slug":"didube","parent_name_en":"Didube","parent_name_ka":"დიდუბის რაიონი","parent_name_ru":"Дидубе","index":22,"color_index":1,"name_en":"Didube 22"},"geometry":{"type":"Polygon","coordinates":[[[44.77361,41.78018],[44.78116,41.78018],[44.78116,41.78581],[44.77361,41.78581],[44.77361,41.78018]]]}},{"type":"Feature","properties":{"slug":"didube-23","parent_slug":"didube","parent_name_en":"Didube","parent_name_ka":"დიდუბის რაიონი","parent_name_ru":"Дидубе","index":23,"color_index":1,"name_en":"Didube 23"},"geometry":{"type":"Polygon","coordinates":[[[44.78116,41.78018],[44.78871,41.78018],[44.78871,41.78581],[44.78116,41.78581],[44.78116,41.78018]]]}},{"type":"Feature","properties":{"slug":"didube-3","parent_slug":"didube","parent_name_en":"Didube","parent_name_ka":"დიდუბის რაიონი","parent_name_ru":"Дидубе","index":3,"color_index":1,"name_en":"Didube 3"},"geometry":{"type":"Polygon","coordinates":[[[44.78116,41.72387],[44.78871,41.72387],[44.78871,41.7295],[44.78116,41.7295],[44.78116,41.72387]]]}},{"type":"Feature","properties":{"slug":"didube-4","parent_slug":"didube","parent_name_en":"Didube","parent_name_ka":"დიდუბის რაიონი","parent_name_ru":"Дидубе","index":4,"color_index":1,"name_en":"Didube 4"},"geometry":{"type":"Polygon","coordinates":[[[44.78871,41.72387],[44.79626,41.72387],[44.79626,41.7295],[44.78871,41.7295],[44.78871,41.72387]]]}},{"type":"Feature","properties":{"slug":"didube-5","parent_slug":"didube","parent_name_en":"Didube","parent_name_ka":"დიდუბის რაიონი","parent_name_ru":"Дидубе","index":5,"color_index":1,"name_en":"Didube 5"},"geometry":{"type":"Polygon","coordinates":[[[44.77361,41.7295],[44.78116,41.7295],[44.78116,41.73514],[44.77361,41.73514],[44.77361,41.7295]]]}},{"type":"Feature","properties":{"slug":"didube-6","parent_slug":"didube","parent_name_en":"Didube","parent_name_ka":"დიდუბის რაიონი","parent_name_ru":"Дидубе","index":6,"color_index":1,"name_en":"Didube 6"},"geometry":{"type":"Polygon","coordinates":[[[44.78116,41.7295],[44.78871,41.7295],[44.78871,41.73514],[44.78116,41.73514],[44.78116,41.7295]]]}},{"type":"Feature","properties":{"slug":"didube-7","parent_slug":"didube","parent_name_en":"Didube","parent_name_ka":"დიდუბის რაიონი","parent_name_ru":"Дидубе","index":7,"color_index":1,"name_en":"Didube 7"},"geometry":{"type":"Polygon","coordinates":[[[44.77361,41.73514],[44.78116,41.73514],[44.78116,41.74077],[44.77361,41.74077],[44.77361,41.73514]]]}},{"type":"Feature","properties":{"slug":"didube-8","parent_slug":"didube","parent_name_en":"Didube","parent_name_ka":"დიდუბის რაიონი","parent_name_ru":"Дидубе","index":8,"color_index":1,"name_en":"Didube 8"},"geometry":{"type":"Polygon","coordinates":[[[44.78116,41.73514],[44.78871,41.73514],[44.78871,41.74077],[44.78116,41.74077],[44.78116,41.73514]]]}},{"type":"Feature","properties":{"slug":"didube-9","parent_slug":"didube","parent_name_en":"Didube","parent_name_ka":"დიდუბის რაიონი","parent_name_ru":"Дидубе","index":9,"color_index":1,"name_en":"Didube 9"},"geometry":{"type":"Polygon","coordinates":[[[44.77361,41.74077],[44.78116,41.74077],[44.78116,41.7464],[44.77361,41.7464],[44.77361,41.74077]]]}},{"type":"Feature","properties":{"slug":"gldani-1","parent_slug":"gldani","parent_name_en":"Gldani","parent_name_ka":"გლდანის რაიონი","parent_name_ru":"Глдани","index":1,"color_index":2,"name_en":"Gldani 1"},"geometry":{"type":"Polygon","coordinates":[[[44.86419,41.75766],[44.87174,41.75766],[44.87174,41.76329],[44.86419,41.76329],[44.86419,41.75766]]]}},{"type":"Feature","properties":{"slug":"gldani-10","parent_slug":"gldani","parent_name_en":"Gldani","parent_name_ka":"გლდანის რაიონი","parent_name_ru":"Глдани","index":10,"color_index":2,"name_en":"Gldani 10"},"geometry":{"type":"Polygon","coordinates":[[[44.82645,41.77455],[44.834,41.77455],[44.834,41.78018],[44.82645,41.78018],[44.82645,41.77455]]]}},{"type":"Feature","properties":{"slug":"gldani-100","parent_slug":"gldani","parent_name_en":"Gldani","parent_name_ka":"გლდანის რაიონი","parent_name_ru":"Глдани","index":100,"color_index":2,"name_en":"Gldani 100"},"geometry":{"type":"Polygon","coordinates":[[[44.85664,41.81396],[44.86419,41.81396],[44.86419,41.81959],[44.85664,41.81959],[44.85664,41.81396]]]}},{"type":"Feature","properties":{"slug":"gldani-101","parent_slug":"gldani","parent_name_en":"Gldani","parent_name_ka":"გლდანის რაიონი","parent_name_ru":"Глдани","index":101,"color_index":2,"name_en":"Gldani 101"},"geometry":{"type":"Polygon","coordinates":[[[44.86419,41.81396],[44.87174,41.81396],[44.87174,41.81959],[44.86419,41.81959],[44.86419,41.81396]]]}},{"type":"Feature","properties":{"slug":"gldani-102","parent_slug":"gldani","parent_name_en":"Gldani","parent_name_ka":"გლდანის რაიონი","parent_name_ru":"Глдани","index":102,"color_index":2,"name_en":"Gldani 102"},"geometry":{"type":"Polygon","coordinates":[[[44.75097,41.81959],[44.75851,41.81959],[44.75851,41.82523],[44.75097,41.82523],[44.75097,41.81959]]]}},{"type":"Feature","properties":{"slug":"gldani-103","parent_slug":"gldani","parent_name_en":"Gldani","parent_name_ka":"გლდანის რაიონი","parent_name_ru":"Глдани","index":103,"color_index":2,"name_en":"Gldani 103"},"geometry":{"type":"Polygon","coordinates":[[[44.75851,41.81959],[44.76606,41.81959],[44.76606,41.82523],[44.75851,41.82523],[44.75851,41.81959]]]}},{"type":"Feature","properties":{"slug":"gldani-104","parent_slug":"gldani","parent_name_en":"Gldani","parent_name_ka":"გლდანის რაიონი","parent_name_ru":"Глдани","index":104,"color_index":2,"name_en":"Gldani 104"},"geometry":{"type":"Polygon","coordinates":[[[44.78116,41.81959],[44.78871,41.81959],[44.78871,41.82523],[44.78116,41.82523],[44.78116,41.81959]]]}},{"type":"Feature","properties":{"slug":"gldani-105","parent_slug":"gldani","parent_name_en":"Gldani","parent_name_ka":"გლდანის რაიონი","parent_name_ru":"Глдани","index":105,"color_index":2,"name_en":"Gldani 105"},"geometry":{"type":"Polygon","coordinates":[[[44.78871,41.81959],[44.79626,41.81959],[44.79626,41.82523],[44.78871,41.82523],[44.78871,41.81959]]]}},{"type":"Feature","properties":{"slug":"gldani-106","parent_slug":"gldani","parent_name_en":"Gldani","parent_name_ka":"გლდანის რაიონი","parent_name_ru":"Глдани","index":106,"color_index":2,"name_en":"Gldani 106"},"geometry":{"type":"Polygon","coordinates":[[[44.79626,41.81959],[44.8038,41.81959],[44.8038,41.82523],[44.79626,41.82523],[44.79626,41.81959]]]}},{"type":"Feature","properties":{"slug":"gldani-107","parent_slug":"gldani","parent_name_en":"Gldani","parent_name_ka":"გლდანის რაიონი","parent_name_ru":"Глдани","index":107,"color_index":2,"name_en":"Gldani 107"},"geometry":{"type":"Polygon","coordinates":[[[44.8038,41.81959],[44.81135,41.81959],[44.81135,41.82523],[44.8038,41.82523],[44.8038,41.81959]]]}},{"type":"Feature","properties":{"slug":"gldani-108","parent_slug":"gldani","parent_name_en":"Gldani","parent_name_ka":"გლდანის რაიონი","parent_name_ru":"Глдани","index":108,"color_index":2,"name_en":"Gldani 108"},"geometry":{"type":"Polygon","coordinates":[[[44.81135,41.81959],[44.8189,41.81959],[44.8189,41.82523],[44.81135,41.82523],[44.81135,41.81959]]]}},{"type":"Feature","properties":{"slug":"gldani-109","parent_slug":"gldani","parent_name_en":"Gldani","parent_name_ka":"გლდანის რაიონი","parent_name_ru":"Глдани","index":109,"color_index":2,"name_en":"Gldani 109"},"geometry":{"type":"Polygon","coordinates":[[[44.8189,41.81959],[44.82645,41.81959],[44.82645,41.82523],[44.8189,41.82523],[44.8189,41.81959]]]}},{"type":"Feature","properties":{"slug":"gldani-11","parent_slug":"gldani","parent_name_en":"Gldani","parent_name_ka":"გლდანის რაიონი","parent_name_ru":"Глдани","index":11,"color_index":2,"name_en":"Gldani 11"},"geometry":{"type":"Polygon","coordinates":[[[44.834,41.77455],[44.84155,41.77455],[44.84155,41.78018],[44.834,41.78018],[44.834,41.77455]]]}},{"type":"Feature","properties":{"slug":"gldani-110","parent_slug":"gldani","parent_name_en":"Gldani","parent_name_ka":"გლდანის რაიონი","parent_name_ru":"Глдани","index":110,"color_index":2,"name_en":"Gldani 110"},"geometry":{"type":"Polygon","coordinates":[[[44.82645,41.81959],[44.834,41.81959],[44.834,41.82523],[44.82645,41.82523],[44.82645,41.81959]]]}},{"type":"Feature","properties":{"slug":"gldani-111","parent_slug":"gldani","parent_name_en":"Gldani","parent_name_ka":"გლდანის რაიონი","parent_name_ru":"Глдани","index":111,"color_index":2,"name_en":"Gldani 111"},"geometry":{"type":"Polygon","coordinates":[[[44.834,41.81959],[44.84155,41.81959],[44.84155,41.82523],[44.834,41.82523],[44.834,41.81959]]]}},{"type":"Feature","properties":{"slug":"gldani-112","parent_slug":"gldani","parent_name_en":"Gldani","parent_name_ka":"გლდანის რაიონი","parent_name_ru":"Глдани","index":112,"color_index":2,"name_en":"Gldani 112"},"geometry":{"type":"Polygon","coordinates":[[[44.84155,41.81959],[44.84909,41.81959],[44.84909,41.82523],[44.84155,41.82523],[44.84155,41.81959]]]}},{"type":"Feature","properties":{"slug":"gldani-113","parent_slug":"gldani","parent_name_en":"Gldani","parent_name_ka":"გლდანის რაიონი","parent_name_ru":"Глдани","index":113,"color_index":2,"name_en":"Gldani 113"},"geometry":{"type":"Polygon","coordinates":[[[44.84909,41.81959],[44.85664,41.81959],[44.85664,41.82523],[44.84909,41.82523],[44.84909,41.81959]]]}},{"type":"Feature","properties":{"slug":"gldani-114","parent_slug":"gldani","parent_name_en":"Gldani","parent_name_ka":"გლდანის რაიონი","parent_name_ru":"Глдани","index":114,"color_index":2,"name_en":"Gldani 114"},"geometry":{"type":"Polygon","coordinates":[[[44.74342,41.82523],[44.75097,41.82523],[44.75097,41.83086],[44.74342,41.83086],[44.74342,41.82523]]]}},{"type":"Feature","properties":{"slug":"gldani-115","parent_slug":"gldani","parent_name_en":"Gldani","parent_name_ka":"გლდანის რაიონი","parent_name_ru":"Глдани","index":115,"color_index":2,"name_en":"Gldani 115"},"geometry":{"type":"Polygon","coordinates":[[[44.75097,41.82523],[44.75851,41.82523],[44.75851,41.83086],[44.75097,41.83086],[44.75097,41.82523]]]}},{"type":"Feature","properties":{"slug":"gldani-116","parent_slug":"gldani","parent_name_en":"Gldani","parent_name_ka":"გლდანის რაიონი","parent_name_ru":"Глдани","index":116,"color_index":2,"name_en":"Gldani 116"},"geometry":{"type":"Polygon","coordinates":[[[44.75851,41.82523],[44.76606,41.82523],[44.76606,41.83086],[44.75851,41.83086],[44.75851,41.82523]]]}},{"type":"Feature","properties":{"slug":"gldani-117","parent_slug":"gldani","parent_name_en":"Gldani","parent_name_ka":"გლდანის რაიონი","parent_name_ru":"Глдани","index":117,"color_index":2,"name_en":"Gldani 117"},"geometry":{"type":"Polygon","coordinates":[[[44.76606,41.82523],[44.77361,41.82523],[44.77361,41.83086],[44.76606,41.83086],[44.76606,41.82523]]]}},{"type":"Feature","properties":{"slug":"gldani-118","parent_slug":"gldani","parent_name_en":"Gldani","parent_name_ka":"გლდანის რაიონი","parent_name_ru":"Глдани","index":118,"color_index":2,"name_en":"Gldani 118"},"geometry":{"type":"Polygon","coordinates":[[[44.77361,41.82523],[44.78116,41.82523],[44.78116,41.83086],[44.77361,41.83086],[44.77361,41.82523]]]}},{"type":"Feature","properties":{"slug":"gldani-119","parent_slug":"gldani","parent_name_en":"Gldani","parent_name_ka":"გლდანის რაიონი","parent_name_ru":"Глдани","index":119,"color_index":2,"name_en":"Gldani 119"},"geometry":{"type":"Polygon","coordinates":[[[44.78116,41.82523],[44.78871,41.82523],[44.78871,41.83086],[44.78116,41.83086],[44.78116,41.82523]]]}},{"type":"Feature","properties":{"slug":"gldani-12","parent_slug":"gldani","parent_name_en":"Gldani","parent_name_ka":"გლდანის რაიონი","parent_name_ru":"Глдани","index":12,"color_index":2,"name_en":"Gldani 12"},"geometry":{"type":"Polygon","coordinates":[[[44.84155,41.77455],[44.84909,41.77455],[44.84909,41.78018],[44.84155,41.78018],[44.84155,41.77455]]]}},{"type":"Feature","properties":{"slug":"gldani-120","parent_slug":"gldani","parent_name_en":"Gldani","parent_name_ka":"გლდანის რაიონი","parent_name_ru":"Глдани","index":120,"color_index":2,"name_en":"Gldani 120"},"geometry":{"type":"Polygon","coordinates":[[[44.78871,41.82523],[44.79626,41.82523],[44.79626,41.83086],[44.78871,41.83086],[44.78871,41.82523]]]}},{"type":"Feature","properties":{"slug":"gldani-121","parent_slug":"gldani","parent_name_en":"Gldani","parent_name_ka":"გლდანის რაიონი","parent_name_ru":"Глдани","index":121,"color_index":2,"name_en":"Gldani 121"},"geometry":{"type":"Polygon","coordinates":[[[44.79626,41.82523],[44.8038,41.82523],[44.8038,41.83086],[44.79626,41.83086],[44.79626,41.82523]]]}},{"type":"Feature","properties":{"slug":"gldani-122","parent_slug":"gldani","parent_name_en":"Gldani","parent_name_ka":"გლდანის რაიონი","parent_name_ru":"Глдани","index":122,"color_index":2,"name_en":"Gldani 122"},"geometry":{"type":"Polygon","coordinates":[[[44.8038,41.82523],[44.81135,41.82523],[44.81135,41.83086],[44.8038,41.83086],[44.8038,41.82523]]]}},{"type":"Feature","properties":{"slug":"gldani-123","parent_slug":"gldani","parent_name_en":"Gldani","parent_name_ka":"გლდანის რაიონი","parent_name_ru":"Глдани","index":123,"color_index":2,"name_en":"Gldani 123"},"geometry":{"type":"Polygon","coordinates":[[[44.81135,41.82523],[44.8189,41.82523],[44.8189,41.83086],[44.81135,41.83086],[44.81135,41.82523]]]}},{"type":"Feature","properties":{"slug":"gldani-124","parent_slug":"gldani","parent_name_en":"Gldani","parent_name_ka":"გლდანის რაიონი","parent_name_ru":"Глдани","index":124,"color_index":2,"name_en":"Gldani 124"},"geometry":{"type":"Polygon","coordinates":[[[44.8189,41.82523],[44.82645,41.82523],[44.82645,41.83086],[44.8189,41.83086],[44.8189,41.82523]]]}},{"type":"Feature","properties":{"slug":"gldani-125","parent_slug":"gldani","parent_name_en":"Gldani","parent_name_ka":"გლდანის რაიონი","parent_name_ru":"Глдани","index":125,"color_index":2,"name_en":"Gldani 125"},"geometry":{"type":"Polygon","coordinates":[[[44.75097,41.83086],[44.75851,41.83086],[44.75851,41.83649],[44.75097,41.83649],[44.75097,41.83086]]]}},{"type":"Feature","properties":{"slug":"gldani-126","parent_slug":"gldani","parent_name_en":"Gldani","parent_name_ka":"გლდანის რაიონი","parent_name_ru":"Глдани","index":126,"color_index":2,"name_en":"Gldani 126"},"geometry":{"type":"Polygon","coordinates":[[[44.75851,41.83086],[44.76606,41.83086],[44.76606,41.83649],[44.75851,41.83649],[44.75851,41.83086]]]}},{"type":"Feature","properties":{"slug":"gldani-127","parent_slug":"gldani","parent_name_en":"Gldani","parent_name_ka":"გლდანის რაიონი","parent_name_ru":"Глдани","index":127,"color_index":2,"name_en":"Gldani 127"},"geometry":{"type":"Polygon","coordinates":[[[44.76606,41.83086],[44.77361,41.83086],[44.77361,41.83649],[44.76606,41.83649],[44.76606,41.83086]]]}},{"type":"Feature","properties":{"slug":"gldani-128","parent_slug":"gldani","parent_name_en":"Gldani","parent_name_ka":"გლდანის რაიონი","parent_name_ru":"Глдани","index":128,"color_index":2,"name_en":"Gldani 128"},"geometry":{"type":"Polygon","coordinates":[[[44.77361,41.83086],[44.78116,41.83086],[44.78116,41.83649],[44.77361,41.83649],[44.77361,41.83086]]]}},{"type":"Feature","properties":{"slug":"gldani-129","parent_slug":"gldani","parent_name_en":"Gldani","parent_name_ka":"გლდანის რაიონი","parent_name_ru":"Глдани","index":129,"color_index":2,"name_en":"Gldani 129"},"geometry":{"type":"Polygon","coordinates":[[[44.78116,41.83086],[44.78871,41.83086],[44.78871,41.83649],[44.78116,41.83649],[44.78116,41.83086]]]}},{"type":"Feature","properties":{"slug":"gldani-13","parent_slug":"gldani","parent_name_en":"Gldani","parent_name_ka":"გლდანის რაიონი","parent_name_ru":"Глдани","index":13,"color_index":2,"name_en":"Gldani 13"},"geometry":{"type":"Polygon","coordinates":[[[44.84909,41.77455],[44.85664,41.77455],[44.85664,41.78018],[44.84909,41.78018],[44.84909,41.77455]]]}},{"type":"Feature","properties":{"slug":"gldani-130","parent_slug":"gldani","parent_name_en":"Gldani","parent_name_ka":"გლდანის რაიონი","parent_name_ru":"Глдани","index":130,"color_index":2,"name_en":"Gldani 130"},"geometry":{"type":"Polygon","coordinates":[[[44.78871,41.83086],[44.79626,41.83086],[44.79626,41.83649],[44.78871,41.83649],[44.78871,41.83086]]]}},{"type":"Feature","properties":{"slug":"gldani-131","parent_slug":"gldani","parent_name_en":"Gldani","parent_name_ka":"გლდანის რაიონი","parent_name_ru":"Глдани","index":131,"color_index":2,"name_en":"Gldani 131"},"geometry":{"type":"Polygon","coordinates":[[[44.79626,41.83086],[44.8038,41.83086],[44.8038,41.83649],[44.79626,41.83649],[44.79626,41.83086]]]}},{"type":"Feature","properties":{"slug":"gldani-132","parent_slug":"gldani","parent_name_en":"Gldani","parent_name_ka":"გლდანის რაიონი","parent_name_ru":"Глдани","index":132,"color_index":2,"name_en":"Gldani 132"},"geometry":{"type":"Polygon","coordinates":[[[44.8038,41.83086],[44.81135,41.83086],[44.81135,41.83649],[44.8038,41.83649],[44.8038,41.83086]]]}},{"type":"Feature","properties":{"slug":"gldani-133","parent_slug":"gldani","parent_name_en":"Gldani","parent_name_ka":"გლდანის რაიონი","parent_name_ru":"Глдани","index":133,"color_index":2,"name_en":"Gldani 133"},"geometry":{"type":"Polygon","coordinates":[[[44.76606,41.83649],[44.77361,41.83649],[44.77361,41.84212],[44.76606,41.84212],[44.76606,41.83649]]]}},{"type":"Feature","properties":{"slug":"gldani-134","parent_slug":"gldani","parent_name_en":"Gldani","parent_name_ka":"გლდანის რაიონი","parent_name_ru":"Глдани","index":134,"color_index":2,"name_en":"Gldani 134"},"geometry":{"type":"Polygon","coordinates":[[[44.77361,41.83649],[44.78116,41.83649],[44.78116,41.84212],[44.77361,41.84212],[44.77361,41.83649]]]}},{"type":"Feature","properties":{"slug":"gldani-135","parent_slug":"gldani","parent_name_en":"Gldani","parent_name_ka":"გლდანის რაიონი","parent_name_ru":"Глдани","index":135,"color_index":2,"name_en":"Gldani 135"},"geometry":{"type":"Polygon","coordinates":[[[44.78116,41.83649],[44.78871,41.83649],[44.78871,41.84212],[44.78116,41.84212],[44.78116,41.83649]]]}},{"type":"Feature","properties":{"slug":"gldani-14","parent_slug":"gldani","parent_name_en":"Gldani","parent_name_ka":"გლდანის რაიონი","parent_name_ru":"Глдани","index":14,"color_index":2,"name_en":"Gldani 14"},"geometry":{"type":"Polygon","coordinates":[[[44.85664,41.77455],[44.86419,41.77455],[44.86419,41.78018],[44.85664,41.78018],[44.85664,41.77455]]]}},{"type":"Feature","properties":{"slug":"gldani-15","parent_slug":"gldani","parent_name_en":"Gldani","parent_name_ka":"გლდანის რაიონი","parent_name_ru":"Глдани","index":15,"color_index":2,"name_en":"Gldani 15"},"geometry":{"type":"Polygon","coordinates":[[[44.86419,41.77455],[44.87174,41.77455],[44.87174,41.78018],[44.86419,41.78018],[44.86419,41.77455]]]}},{"type":"Feature","properties":{"slug":"gldani-16","parent_slug":"gldani","parent_name_en":"Gldani","parent_name_ka":"გლდანის რაიონი","parent_name_ru":"Глдани","index":16,"color_index":2,"name_en":"Gldani 16"},"geometry":{"type":"Polygon","coordinates":[[[44.87174,41.77455],[44.87929,41.77455],[44.87929,41.78018],[44.87174,41.78018],[44.87174,41.77455]]]}},{"type":"Feature","properties":{"slug":"gldani-17","parent_slug":"gldani","parent_name_en":"Gldani","parent_name_ka":"გლდანის რაიონი","parent_name_ru":"Глдани","index":17,"color_index":2,"name_en":"Gldani 17"},"geometry":{"type":"Polygon","coordinates":[[[44.81135,41.78018],[44.8189,41.78018],[44.8189,41.78581],[44.81135,41.78581],[44.81135,41.78018]]]}},{"type":"Feature","properties":{"slug":"gldani-18","parent_slug":"gldani","parent_name_en":"Gldani","parent_name_ka":"გლდანის რაიონი","parent_name_ru":"Глдани","index":18,"color_index":2,"name_en":"Gldani 18"},"geometry":{"type":"Polygon","coordinates":[[[44.8189,41.78018],[44.82645,41.78018],[44.82645,41.78581],[44.8189,41.78581],[44.8189,41.78018]]]}},{"type":"Feature","properties":{"slug":"gldani-19","parent_slug":"gldani","parent_name_en":"Gldani","parent_name_ka":"გლდანის რაიონი","parent_name_ru":"Глдани","index":19,"color_index":2,"name_en":"Gldani 19"},"geometry":{"type":"Polygon","coordinates":[[[44.82645,41.78018],[44.834,41.78018],[44.834,41.78581],[44.82645,41.78581],[44.82645,41.78018]]]}},{"type":"Feature","properties":{"slug":"gldani-2","parent_slug":"gldani","parent_name_en":"Gldani","parent_name_ka":"გლდანის რაიონი","parent_name_ru":"Глдани","index":2,"color_index":2,"name_en":"Gldani 2"},"geometry":{"type":"Polygon","coordinates":[[[44.85664,41.76329],[44.86419,41.76329],[44.86419,41.76892],[44.85664,41.76892],[44.85664,41.76329]]]}},{"type":"Feature","properties":{"slug":"gldani-20","parent_slug":"gldani","parent_name_en":"Gldani","parent_name_ka":"გლდანის რაიონი","parent_name_ru":"Глдани","index":20,"color_index":2,"name_en":"Gldani 20"},"geometry":{"type":"Polygon","coordinates":[[[44.834,41.78018],[44.84155,41.78018],[44.84155,41.78581],[44.834,41.78581],[44.834,41.78018]]]}},{"type":"Feature","properties":{"slug":"gldani-21","parent_slug":"gldani","parent_name_en":"Gldani","parent_name_ka":"გლდანის რაიონი","parent_name_ru":"Глдани","index":21,"color_index":2,"name_en":"Gldani 21"},"geometry":{"type":"Polygon","coordinates":[[[44.84155,41.78018],[44.84909,41.78018],[44.84909,41.78581],[44.84155,41.78581],[44.84155,41.78018]]]}},{"type":"Feature","properties":{"slug":"gldani-22","parent_slug":"gldani","parent_name_en":"Gldani","parent_name_ka":"გლდანის რაიონი","parent_name_ru":"Глдани","index":22,"color_index":2,"name_en":"Gldani 22"},"geometry":{"type":"Polygon","coordinates":[[[44.84909,41.78018],[44.85664,41.78018],[44.85664,41.78581],[44.84909,41.78581],[44.84909,41.78018]]]}},{"type":"Feature","properties":{"slug":"gldani-23","parent_slug":"gldani","parent_name_en":"Gldani","parent_name_ka":"გლდანის რაიონი","parent_name_ru":"Глдани","index":23,"color_index":2,"name_en":"Gldani 23"},"geometry":{"type":"Polygon","coordinates":[[[44.85664,41.78018],[44.86419,41.78018],[44.86419,41.78581],[44.85664,41.78581],[44.85664,41.78018]]]}},{"type":"Feature","properties":{"slug":"gldani-24","parent_slug":"gldani","parent_name_en":"Gldani","parent_name_ka":"გლდანის რაიონი","parent_name_ru":"Глдани","index":24,"color_index":2,"name_en":"Gldani 24"},"geometry":{"type":"Polygon","coordinates":[[[44.86419,41.78018],[44.87174,41.78018],[44.87174,41.78581],[44.86419,41.78581],[44.86419,41.78018]]]}},{"type":"Feature","properties":{"slug":"gldani-25","parent_slug":"gldani","parent_name_en":"Gldani","parent_name_ka":"გლდანის რაიონი","parent_name_ru":"Глдани","index":25,"color_index":2,"name_en":"Gldani 25"},"geometry":{"type":"Polygon","coordinates":[[[44.87174,41.78018],[44.87929,41.78018],[44.87929,41.78581],[44.87174,41.78581],[44.87174,41.78018]]]}},{"type":"Feature","properties":{"slug":"gldani-26","parent_slug":"gldani","parent_name_en":"Gldani","parent_name_ka":"გლდანის რაიონი","parent_name_ru":"Глдани","index":26,"color_index":2,"name_en":"Gldani 26"},"geometry":{"type":"Polygon","coordinates":[[[44.78871,41.78581],[44.79626,41.78581],[44.79626,41.79144],[44.78871,41.79144],[44.78871,41.78581]]]}},{"type":"Feature","properties":{"slug":"gldani-27","parent_slug":"gldani","parent_name_en":"Gldani","parent_name_ka":"გლდანის რაიონი","parent_name_ru":"Глдани","index":27,"color_index":2,"name_en":"Gldani 27"},"geometry":{"type":"Polygon","coordinates":[[[44.79626,41.78581],[44.8038,41.78581],[44.8038,41.79144],[44.79626,41.79144],[44.79626,41.78581]]]}},{"type":"Feature","properties":{"slug":"gldani-28","parent_slug":"gldani","parent_name_en":"Gldani","parent_name_ka":"გლდანის რაიონი","parent_name_ru":"Глдани","index":28,"color_index":2,"name_en":"Gldani 28"},"geometry":{"type":"Polygon","coordinates":[[[44.8038,41.78581],[44.81135,41.78581],[44.81135,41.79144],[44.8038,41.79144],[44.8038,41.78581]]]}},{"type":"Feature","properties":{"slug":"gldani-29","parent_slug":"gldani","parent_name_en":"Gldani","parent_name_ka":"გლდანის რაიონი","parent_name_ru":"Глдани","index":29,"color_index":2,"name_en":"Gldani 29"},"geometry":{"type":"Polygon","coordinates":[[[44.81135,41.78581],[44.8189,41.78581],[44.8189,41.79144],[44.81135,41.79144],[44.81135,41.78581]]]}},{"type":"Feature","properties":{"slug":"gldani-3","parent_slug":"gldani","parent_name_en":"Gldani","parent_name_ka":"გლდანის რაიონი","parent_name_ru":"Глдани","index":3,"color_index":2,"name_en":"Gldani 3"},"geometry":{"type":"Polygon","coordinates":[[[44.86419,41.76329],[44.87174,41.76329],[44.87174,41.76892],[44.86419,41.76892],[44.86419,41.76329]]]}},{"type":"Feature","properties":{"slug":"gldani-30","parent_slug":"gldani","parent_name_en":"Gldani","parent_name_ka":"გლდანის რაიონი","parent_name_ru":"Глдани","index":30,"color_index":2,"name_en":"Gldani 30"},"geometry":{"type":"Polygon","coordinates":[[[44.8189,41.78581],[44.82645,41.78581],[44.82645,41.79144],[44.8189,41.79144],[44.8189,41.78581]]]}},{"type":"Feature","properties":{"slug":"gldani-31","parent_slug":"gldani","parent_name_en":"Gldani","parent_name_ka":"გლდანის რაიონი","parent_name_ru":"Глдани","index":31,"color_index":2,"name_en":"Gldani 31"},"geometry":{"type":"Polygon","coordinates":[[[44.82645,41.78581],[44.834,41.78581],[44.834,41.79144],[44.82645,41.79144],[44.82645,41.78581]]]}},{"type":"Feature","properties":{"slug":"gldani-32","parent_slug":"gldani","parent_name_en":"Gldani","parent_name_ka":"გლდანის რაიონი","parent_name_ru":"Глдани","index":32,"color_index":2,"name_en":"Gldani 32"},"geometry":{"type":"Polygon","coordinates":[[[44.834,41.78581],[44.84155,41.78581],[44.84155,41.79144],[44.834,41.79144],[44.834,41.78581]]]}},{"type":"Feature","properties":{"slug":"gldani-33","parent_slug":"gldani","parent_name_en":"Gldani","parent_name_ka":"გლდანის რაიონი","parent_name_ru":"Глдани","index":33,"color_index":2,"name_en":"Gldani 33"},"geometry":{"type":"Polygon","coordinates":[[[44.84155,41.78581],[44.84909,41.78581],[44.84909,41.79144],[44.84155,41.79144],[44.84155,41.78581]]]}},{"type":"Feature","properties":{"slug":"gldani-34","parent_slug":"gldani","parent_name_en":"Gldani","parent_name_ka":"გლდანის რაიონი","parent_name_ru":"Глдани","index":34,"color_index":2,"name_en":"Gldani 34"},"geometry":{"type":"Polygon","coordinates":[[[44.84909,41.78581],[44.85664,41.78581],[44.85664,41.79144],[44.84909,41.79144],[44.84909,41.78581]]]}},{"type":"Feature","properties":{"slug":"gldani-35","parent_slug":"gldani","parent_name_en":"Gldani","parent_name_ka":"გლდანის რაიონი","parent_name_ru":"Глдани","index":35,"color_index":2,"name_en":"Gldani 35"},"geometry":{"type":"Polygon","coordinates":[[[44.85664,41.78581],[44.86419,41.78581],[44.86419,41.79144],[44.85664,41.79144],[44.85664,41.78581]]]}},{"type":"Feature","properties":{"slug":"gldani-36","parent_slug":"gldani","parent_name_en":"Gldani","parent_name_ka":"გლდანის რაიონი","parent_name_ru":"Глдани","index":36,"color_index":2,"name_en":"Gldani 36"},"geometry":{"type":"Polygon","coordinates":[[[44.86419,41.78581],[44.87174,41.78581],[44.87174,41.79144],[44.86419,41.79144],[44.86419,41.78581]]]}},{"type":"Feature","properties":{"slug":"gldani-37","parent_slug":"gldani","parent_name_en":"Gldani","parent_name_ka":"გლდანის რაიონი","parent_name_ru":"Глдани","index":37,"color_index":2,"name_en":"Gldani 37"},"geometry":{"type":"Polygon","coordinates":[[[44.87174,41.78581],[44.87929,41.78581],[44.87929,41.79144],[44.87174,41.79144],[44.87174,41.78581]]]}},{"type":"Feature","properties":{"slug":"gldani-38","parent_slug":"gldani","parent_name_en":"Gldani","parent_name_ka":"გლდანის რაიონი","parent_name_ru":"Глдани","index":38,"color_index":2,"name_en":"Gldani 38"},"geometry":{"type":"Polygon","coordinates":[[[44.78871,41.79144],[44.79626,41.79144],[44.79626,41.79707],[44.78871,41.79707],[44.78871,41.79144]]]}},{"type":"Feature","properties":{"slug":"gldani-39","parent_slug":"gldani","parent_name_en":"Gldani","parent_name_ka":"გლდანის რაიონი","parent_name_ru":"Глдани","index":39,"color_index":2,"name_en":"Gldani 39"},"geometry":{"type":"Polygon","coordinates":[[[44.79626,41.79144],[44.8038,41.79144],[44.8038,41.79707],[44.79626,41.79707],[44.79626,41.79144]]]}},{"type":"Feature","properties":{"slug":"gldani-4","parent_slug":"gldani","parent_name_en":"Gldani","parent_name_ka":"გლდანის რაიონი","parent_name_ru":"Глдани","index":4,"color_index":2,"name_en":"Gldani 4"},"geometry":{"type":"Polygon","coordinates":[[[44.87174,41.76329],[44.87929,41.76329],[44.87929,41.76892],[44.87174,41.76892],[44.87174,41.76329]]]}},{"type":"Feature","properties":{"slug":"gldani-40","parent_slug":"gldani","parent_name_en":"Gldani","parent_name_ka":"გლდანის რაიონი","parent_name_ru":"Глдани","index":40,"color_index":2,"name_en":"Gldani 40"},"geometry":{"type":"Polygon","coordinates":[[[44.8038,41.79144],[44.81135,41.79144],[44.81135,41.79707],[44.8038,41.79707],[44.8038,41.79144]]]}},{"type":"Feature","properties":{"slug":"gldani-41","parent_slug":"gldani","parent_name_en":"Gldani","parent_name_ka":"გლდანის რაიონი","parent_name_ru":"Глдани","index":41,"color_index":2,"name_en":"Gldani 41"},"geometry":{"type":"Polygon","coordinates":[[[44.81135,41.79144],[44.8189,41.79144],[44.8189,41.79707],[44.81135,41.79707],[44.81135,41.79144]]]}},{"type":"Feature","properties":{"slug":"gldani-42","parent_slug":"gldani","parent_name_en":"Gldani","parent_name_ka":"გლდანის რაიონი","parent_name_ru":"Глдани","index":42,"color_index":2,"name_en":"Gldani 42"},"geometry":{"type":"Polygon","coordinates":[[[44.8189,41.79144],[44.82645,41.79144],[44.82645,41.79707],[44.8189,41.79707],[44.8189,41.79144]]]}},{"type":"Feature","properties":{"slug":"gldani-43","parent_slug":"gldani","parent_name_en":"Gldani","parent_name_ka":"გლდანის რაიონი","parent_name_ru":"Глдани","index":43,"color_index":2,"name_en":"Gldani 43"},"geometry":{"type":"Polygon","coordinates":[[[44.82645,41.79144],[44.834,41.79144],[44.834,41.79707],[44.82645,41.79707],[44.82645,41.79144]]]}},{"type":"Feature","properties":{"slug":"gldani-44","parent_slug":"gldani","parent_name_en":"Gldani","parent_name_ka":"გლდანის რაიონი","parent_name_ru":"Глдани","index":44,"color_index":2,"name_en":"Gldani 44"},"geometry":{"type":"Polygon","coordinates":[[[44.834,41.79144],[44.84155,41.79144],[44.84155,41.79707],[44.834,41.79707],[44.834,41.79144]]]}},{"type":"Feature","properties":{"slug":"gldani-45","parent_slug":"gldani","parent_name_en":"Gldani","parent_name_ka":"გლდანის რაიონი","parent_name_ru":"Глдани","index":45,"color_index":2,"name_en":"Gldani 45"},"geometry":{"type":"Polygon","coordinates":[[[44.84155,41.79144],[44.84909,41.79144],[44.84909,41.79707],[44.84155,41.79707],[44.84155,41.79144]]]}},{"type":"Feature","properties":{"slug":"gldani-46","parent_slug":"gldani","parent_name_en":"Gldani","parent_name_ka":"გლდანის რაიონი","parent_name_ru":"Глдани","index":46,"color_index":2,"name_en":"Gldani 46"},"geometry":{"type":"Polygon","coordinates":[[[44.84909,41.79144],[44.85664,41.79144],[44.85664,41.79707],[44.84909,41.79707],[44.84909,41.79144]]]}},{"type":"Feature","properties":{"slug":"gldani-47","parent_slug":"gldani","parent_name_en":"Gldani","parent_name_ka":"გლდანის რაიონი","parent_name_ru":"Глдани","index":47,"color_index":2,"name_en":"Gldani 47"},"geometry":{"type":"Polygon","coordinates":[[[44.85664,41.79144],[44.86419,41.79144],[44.86419,41.79707],[44.85664,41.79707],[44.85664,41.79144]]]}},{"type":"Feature","properties":{"slug":"gldani-48","parent_slug":"gldani","parent_name_en":"Gldani","parent_name_ka":"გლდანის რაიონი","parent_name_ru":"Глдани","index":48,"color_index":2,"name_en":"Gldani 48"},"geometry":{"type":"Polygon","coordinates":[[[44.86419,41.79144],[44.87174,41.79144],[44.87174,41.79707],[44.86419,41.79707],[44.86419,41.79144]]]}},{"type":"Feature","properties":{"slug":"gldani-49","parent_slug":"gldani","parent_name_en":"Gldani","parent_name_ka":"გლდანის რაიონი","parent_name_ru":"Глдани","index":49,"color_index":2,"name_en":"Gldani 49"},"geometry":{"type":"Polygon","coordinates":[[[44.87174,41.79144],[44.87929,41.79144],[44.87929,41.79707],[44.87174,41.79707],[44.87174,41.79144]]]}},{"type":"Feature","properties":{"slug":"gldani-5","parent_slug":"gldani","parent_name_en":"Gldani","parent_name_ka":"გლდანის რაიონი","parent_name_ru":"Глдани","index":5,"color_index":2,"name_en":"Gldani 5"},"geometry":{"type":"Polygon","coordinates":[[[44.84909,41.76892],[44.85664,41.76892],[44.85664,41.77455],[44.84909,41.77455],[44.84909,41.76892]]]}},{"type":"Feature","properties":{"slug":"gldani-50","parent_slug":"gldani","parent_name_en":"Gldani","parent_name_ka":"გლდანის რაიონი","parent_name_ru":"Глдани","index":50,"color_index":2,"name_en":"Gldani 50"},"geometry":{"type":"Polygon","coordinates":[[[44.78871,41.79707],[44.79626,41.79707],[44.79626,41.8027],[44.78871,41.8027],[44.78871,41.79707]]]}},{"type":"Feature","properties":{"slug":"gldani-51","parent_slug":"gldani","parent_name_en":"Gldani","parent_name_ka":"გლდანის რაიონი","parent_name_ru":"Глдани","index":51,"color_index":2,"name_en":"Gldani 51"},"geometry":{"type":"Polygon","coordinates":[[[44.79626,41.79707],[44.8038,41.79707],[44.8038,41.8027],[44.79626,41.8027],[44.79626,41.79707]]]}},{"type":"Feature","properties":{"slug":"gldani-52","parent_slug":"gldani","parent_name_en":"Gldani","parent_name_ka":"გლდანის რაიონი","parent_name_ru":"Глдани","index":52,"color_index":2,"name_en":"Gldani 52"},"geometry":{"type":"Polygon","coordinates":[[[44.8038,41.79707],[44.81135,41.79707],[44.81135,41.8027],[44.8038,41.8027],[44.8038,41.79707]]]}},{"type":"Feature","properties":{"slug":"gldani-53","parent_slug":"gldani","parent_name_en":"Gldani","parent_name_ka":"გლდანის რაიონი","parent_name_ru":"Глдани","index":53,"color_index":2,"name_en":"Gldani 53"},"geometry":{"type":"Polygon","coordinates":[[[44.81135,41.79707],[44.8189,41.79707],[44.8189,41.8027],[44.81135,41.8027],[44.81135,41.79707]]]}},{"type":"Feature","properties":{"slug":"gldani-54","parent_slug":"gldani","parent_name_en":"Gldani","parent_name_ka":"გლდანის რაიონი","parent_name_ru":"Глдани","index":54,"color_index":2,"name_en":"Gldani 54"},"geometry":{"type":"Polygon","coordinates":[[[44.8189,41.79707],[44.82645,41.79707],[44.82645,41.8027],[44.8189,41.8027],[44.8189,41.79707]]]}},{"type":"Feature","properties":{"slug":"gldani-55","parent_slug":"gldani","parent_name_en":"Gldani","parent_name_ka":"გლდანის რაიონი","parent_name_ru":"Глдани","index":55,"color_index":2,"name_en":"Gldani 55"},"geometry":{"type":"Polygon","coordinates":[[[44.82645,41.79707],[44.834,41.79707],[44.834,41.8027],[44.82645,41.8027],[44.82645,41.79707]]]}},{"type":"Feature","properties":{"slug":"gldani-56","parent_slug":"gldani","parent_name_en":"Gldani","parent_name_ka":"გლდანის რაიონი","parent_name_ru":"Глдани","index":56,"color_index":2,"name_en":"Gldani 56"},"geometry":{"type":"Polygon","coordinates":[[[44.834,41.79707],[44.84155,41.79707],[44.84155,41.8027],[44.834,41.8027],[44.834,41.79707]]]}},{"type":"Feature","properties":{"slug":"gldani-57","parent_slug":"gldani","parent_name_en":"Gldani","parent_name_ka":"გლდანის რაიონი","parent_name_ru":"Глдани","index":57,"color_index":2,"name_en":"Gldani 57"},"geometry":{"type":"Polygon","coordinates":[[[44.84155,41.79707],[44.84909,41.79707],[44.84909,41.8027],[44.84155,41.8027],[44.84155,41.79707]]]}},{"type":"Feature","properties":{"slug":"gldani-58","parent_slug":"gldani","parent_name_en":"Gldani","parent_name_ka":"გლდანის რაიონი","parent_name_ru":"Глдани","index":58,"color_index":2,"name_en":"Gldani 58"},"geometry":{"type":"Polygon","coordinates":[[[44.84909,41.79707],[44.85664,41.79707],[44.85664,41.8027],[44.84909,41.8027],[44.84909,41.79707]]]}},{"type":"Feature","properties":{"slug":"gldani-59","parent_slug":"gldani","parent_name_en":"Gldani","parent_name_ka":"გლდანის რაიონი","parent_name_ru":"Глдани","index":59,"color_index":2,"name_en":"Gldani 59"},"geometry":{"type":"Polygon","coordinates":[[[44.85664,41.79707],[44.86419,41.79707],[44.86419,41.8027],[44.85664,41.8027],[44.85664,41.79707]]]}},{"type":"Feature","properties":{"slug":"gldani-6","parent_slug":"gldani","parent_name_en":"Gldani","parent_name_ka":"გლდანის რაიონი","parent_name_ru":"Глдани","index":6,"color_index":2,"name_en":"Gldani 6"},"geometry":{"type":"Polygon","coordinates":[[[44.85664,41.76892],[44.86419,41.76892],[44.86419,41.77455],[44.85664,41.77455],[44.85664,41.76892]]]}},{"type":"Feature","properties":{"slug":"gldani-60","parent_slug":"gldani","parent_name_en":"Gldani","parent_name_ka":"გლდანის რაიონი","parent_name_ru":"Глдани","index":60,"color_index":2,"name_en":"Gldani 60"},"geometry":{"type":"Polygon","coordinates":[[[44.86419,41.79707],[44.87174,41.79707],[44.87174,41.8027],[44.86419,41.8027],[44.86419,41.79707]]]}},{"type":"Feature","properties":{"slug":"gldani-61","parent_slug":"gldani","parent_name_en":"Gldani","parent_name_ka":"გლდანის რაიონი","parent_name_ru":"Глдани","index":61,"color_index":2,"name_en":"Gldani 61"},"geometry":{"type":"Polygon","coordinates":[[[44.87174,41.79707],[44.87929,41.79707],[44.87929,41.8027],[44.87174,41.8027],[44.87174,41.79707]]]}},{"type":"Feature","properties":{"slug":"gldani-62","parent_slug":"gldani","parent_name_en":"Gldani","parent_name_ka":"გლდანის რაიონი","parent_name_ru":"Глдани","index":62,"color_index":2,"name_en":"Gldani 62"},"geometry":{"type":"Polygon","coordinates":[[[44.87929,41.79707],[44.88684,41.79707],[44.88684,41.8027],[44.87929,41.8027],[44.87929,41.79707]]]}},{"type":"Feature","properties":{"slug":"gldani-63","parent_slug":"gldani","parent_name_en":"Gldani","parent_name_ka":"გლდანის რაიონი","parent_name_ru":"Глдани","index":63,"color_index":2,"name_en":"Gldani 63"},"geometry":{"type":"Polygon","coordinates":[[[44.88684,41.79707],[44.89438,41.79707],[44.89438,41.8027],[44.88684,41.8027],[44.88684,41.79707]]]}},{"type":"Feature","properties":{"slug":"gldani-64","parent_slug":"gldani","parent_name_en":"Gldani","parent_name_ka":"გლდანის რაიონი","parent_name_ru":"Глдани","index":64,"color_index":2,"name_en":"Gldani 64"},"geometry":{"type":"Polygon","coordinates":[[[44.78871,41.8027],[44.79626,41.8027],[44.79626,41.80833],[44.78871,41.80833],[44.78871,41.8027]]]}},{"type":"Feature","properties":{"slug":"gldani-65","parent_slug":"gldani","parent_name_en":"Gldani","parent_name_ka":"გლდანის რაიონი","parent_name_ru":"Глдани","index":65,"color_index":2,"name_en":"Gldani 65"},"geometry":{"type":"Polygon","coordinates":[[[44.79626,41.8027],[44.8038,41.8027],[44.8038,41.80833],[44.79626,41.80833],[44.79626,41.8027]]]}},{"type":"Feature","properties":{"slug":"gldani-66","parent_slug":"gldani","parent_name_en":"Gldani","parent_name_ka":"გლდანის რაიონი","parent_name_ru":"Глдани","index":66,"color_index":2,"name_en":"Gldani 66"},"geometry":{"type":"Polygon","coordinates":[[[44.8038,41.8027],[44.81135,41.8027],[44.81135,41.80833],[44.8038,41.80833],[44.8038,41.8027]]]}},{"type":"Feature","properties":{"slug":"gldani-67","parent_slug":"gldani","parent_name_en":"Gldani","parent_name_ka":"გლდანის რაიონი","parent_name_ru":"Глдани","index":67,"color_index":2,"name_en":"Gldani 67"},"geometry":{"type":"Polygon","coordinates":[[[44.81135,41.8027],[44.8189,41.8027],[44.8189,41.80833],[44.81135,41.80833],[44.81135,41.8027]]]}},{"type":"Feature","properties":{"slug":"gldani-68","parent_slug":"gldani","parent_name_en":"Gldani","parent_name_ka":"გლდანის რაიონი","parent_name_ru":"Глдани","index":68,"color_index":2,"name_en":"Gldani 68"},"geometry":{"type":"Polygon","coordinates":[[[44.8189,41.8027],[44.82645,41.8027],[44.82645,41.80833],[44.8189,41.80833],[44.8189,41.8027]]]}},{"type":"Feature","properties":{"slug":"gldani-69","parent_slug":"gldani","parent_name_en":"Gldani","parent_name_ka":"გლდანის რაიონი","parent_name_ru":"Глдани","index":69,"color_index":2,"name_en":"Gldani 69"},"geometry":{"type":"Polygon","coordinates":[[[44.82645,41.8027],[44.834,41.8027],[44.834,41.80833],[44.82645,41.80833],[44.82645,41.8027]]]}},{"type":"Feature","properties":{"slug":"gldani-7","parent_slug":"gldani","parent_name_en":"Gldani","parent_name_ka":"გლდანის რაიონი","parent_name_ru":"Глдани","index":7,"color_index":2,"name_en":"Gldani 7"},"geometry":{"type":"Polygon","coordinates":[[[44.86419,41.76892],[44.87174,41.76892],[44.87174,41.77455],[44.86419,41.77455],[44.86419,41.76892]]]}},{"type":"Feature","properties":{"slug":"gldani-70","parent_slug":"gldani","parent_name_en":"Gldani","parent_name_ka":"გლდანის რაიონი","parent_name_ru":"Глдани","index":70,"color_index":2,"name_en":"Gldani 70"},"geometry":{"type":"Polygon","coordinates":[[[44.834,41.8027],[44.84155,41.8027],[44.84155,41.80833],[44.834,41.80833],[44.834,41.8027]]]}},{"type":"Feature","properties":{"slug":"gldani-71","parent_slug":"gldani","parent_name_en":"Gldani","parent_name_ka":"გლდანის რაიონი","parent_name_ru":"Глдани","index":71,"color_index":2,"name_en":"Gldani 71"},"geometry":{"type":"Polygon","coordinates":[[[44.84155,41.8027],[44.84909,41.8027],[44.84909,41.80833],[44.84155,41.80833],[44.84155,41.8027]]]}},{"type":"Feature","properties":{"slug":"gldani-72","parent_slug":"gldani","parent_name_en":"Gldani","parent_name_ka":"გლდანის რაიონი","parent_name_ru":"Глдани","index":72,"color_index":2,"name_en":"Gldani 72"},"geometry":{"type":"Polygon","coordinates":[[[44.84909,41.8027],[44.85664,41.8027],[44.85664,41.80833],[44.84909,41.80833],[44.84909,41.8027]]]}},{"type":"Feature","properties":{"slug":"gldani-73","parent_slug":"gldani","parent_name_en":"Gldani","parent_name_ka":"გლდანის რაიონი","parent_name_ru":"Глдани","index":73,"color_index":2,"name_en":"Gldani 73"},"geometry":{"type":"Polygon","coordinates":[[[44.85664,41.8027],[44.86419,41.8027],[44.86419,41.80833],[44.85664,41.80833],[44.85664,41.8027]]]}},{"type":"Feature","properties":{"slug":"gldani-74","parent_slug":"gldani","parent_name_en":"Gldani","parent_name_ka":"გლდანის რაიონი","parent_name_ru":"Глдани","index":74,"color_index":2,"name_en":"Gldani 74"},"geometry":{"type":"Polygon","coordinates":[[[44.86419,41.8027],[44.87174,41.8027],[44.87174,41.80833],[44.86419,41.80833],[44.86419,41.8027]]]}},{"type":"Feature","properties":{"slug":"gldani-75","parent_slug":"gldani","parent_name_en":"Gldani","parent_name_ka":"გლდანის რაიონი","parent_name_ru":"Глдани","index":75,"color_index":2,"name_en":"Gldani 75"},"geometry":{"type":"Polygon","coordinates":[[[44.87174,41.8027],[44.87929,41.8027],[44.87929,41.80833],[44.87174,41.80833],[44.87174,41.8027]]]}},{"type":"Feature","properties":{"slug":"gldani-76","parent_slug":"gldani","parent_name_en":"Gldani","parent_name_ka":"გლდანის რაიონი","parent_name_ru":"Глдани","index":76,"color_index":2,"name_en":"Gldani 76"},"geometry":{"type":"Polygon","coordinates":[[[44.87929,41.8027],[44.88684,41.8027],[44.88684,41.80833],[44.87929,41.80833],[44.87929,41.8027]]]}},{"type":"Feature","properties":{"slug":"gldani-77","parent_slug":"gldani","parent_name_en":"Gldani","parent_name_ka":"გლდანის რაიონი","parent_name_ru":"Глдани","index":77,"color_index":2,"name_en":"Gldani 77"},"geometry":{"type":"Polygon","coordinates":[[[44.78871,41.80833],[44.79626,41.80833],[44.79626,41.81396],[44.78871,41.81396],[44.78871,41.80833]]]}},{"type":"Feature","properties":{"slug":"gldani-78","parent_slug":"gldani","parent_name_en":"Gldani","parent_name_ka":"გლდანის რაიონი","parent_name_ru":"Глдани","index":78,"color_index":2,"name_en":"Gldani 78"},"geometry":{"type":"Polygon","coordinates":[[[44.79626,41.80833],[44.8038,41.80833],[44.8038,41.81396],[44.79626,41.81396],[44.79626,41.80833]]]}},{"type":"Feature","properties":{"slug":"gldani-79","parent_slug":"gldani","parent_name_en":"Gldani","parent_name_ka":"გლდანის რაიონი","parent_name_ru":"Глдани","index":79,"color_index":2,"name_en":"Gldani 79"},"geometry":{"type":"Polygon","coordinates":[[[44.8038,41.80833],[44.81135,41.80833],[44.81135,41.81396],[44.8038,41.81396],[44.8038,41.80833]]]}},{"type":"Feature","properties":{"slug":"gldani-8","parent_slug":"gldani","parent_name_en":"Gldani","parent_name_ka":"გლდანის რაიონი","parent_name_ru":"Глдани","index":8,"color_index":2,"name_en":"Gldani 8"},"geometry":{"type":"Polygon","coordinates":[[[44.87174,41.76892],[44.87929,41.76892],[44.87929,41.77455],[44.87174,41.77455],[44.87174,41.76892]]]}},{"type":"Feature","properties":{"slug":"gldani-80","parent_slug":"gldani","parent_name_en":"Gldani","parent_name_ka":"გლდანის რაიონი","parent_name_ru":"Глдани","index":80,"color_index":2,"name_en":"Gldani 80"},"geometry":{"type":"Polygon","coordinates":[[[44.81135,41.80833],[44.8189,41.80833],[44.8189,41.81396],[44.81135,41.81396],[44.81135,41.80833]]]}},{"type":"Feature","properties":{"slug":"gldani-81","parent_slug":"gldani","parent_name_en":"Gldani","parent_name_ka":"გლდანის რაიონი","parent_name_ru":"Глдани","index":81,"color_index":2,"name_en":"Gldani 81"},"geometry":{"type":"Polygon","coordinates":[[[44.8189,41.80833],[44.82645,41.80833],[44.82645,41.81396],[44.8189,41.81396],[44.8189,41.80833]]]}},{"type":"Feature","properties":{"slug":"gldani-82","parent_slug":"gldani","parent_name_en":"Gldani","parent_name_ka":"გლდანის რაიონი","parent_name_ru":"Глдани","index":82,"color_index":2,"name_en":"Gldani 82"},"geometry":{"type":"Polygon","coordinates":[[[44.82645,41.80833],[44.834,41.80833],[44.834,41.81396],[44.82645,41.81396],[44.82645,41.80833]]]}},{"type":"Feature","properties":{"slug":"gldani-83","parent_slug":"gldani","parent_name_en":"Gldani","parent_name_ka":"გლდანის რაიონი","parent_name_ru":"Глдани","index":83,"color_index":2,"name_en":"Gldani 83"},"geometry":{"type":"Polygon","coordinates":[[[44.834,41.80833],[44.84155,41.80833],[44.84155,41.81396],[44.834,41.81396],[44.834,41.80833]]]}},{"type":"Feature","properties":{"slug":"gldani-84","parent_slug":"gldani","parent_name_en":"Gldani","parent_name_ka":"გლდანის რაიონი","parent_name_ru":"Глдани","index":84,"color_index":2,"name_en":"Gldani 84"},"geometry":{"type":"Polygon","coordinates":[[[44.84155,41.80833],[44.84909,41.80833],[44.84909,41.81396],[44.84155,41.81396],[44.84155,41.80833]]]}},{"type":"Feature","properties":{"slug":"gldani-85","parent_slug":"gldani","parent_name_en":"Gldani","parent_name_ka":"გლდანის რაიონი","parent_name_ru":"Глдани","index":85,"color_index":2,"name_en":"Gldani 85"},"geometry":{"type":"Polygon","coordinates":[[[44.84909,41.80833],[44.85664,41.80833],[44.85664,41.81396],[44.84909,41.81396],[44.84909,41.80833]]]}},{"type":"Feature","properties":{"slug":"gldani-86","parent_slug":"gldani","parent_name_en":"Gldani","parent_name_ka":"გლდანის რაიონი","parent_name_ru":"Глдани","index":86,"color_index":2,"name_en":"Gldani 86"},"geometry":{"type":"Polygon","coordinates":[[[44.85664,41.80833],[44.86419,41.80833],[44.86419,41.81396],[44.85664,41.81396],[44.85664,41.80833]]]}},{"type":"Feature","properties":{"slug":"gldani-87","parent_slug":"gldani","parent_name_en":"Gldani","parent_name_ka":"გლდანის რაიონი","parent_name_ru":"Глдани","index":87,"color_index":2,"name_en":"Gldani 87"},"geometry":{"type":"Polygon","coordinates":[[[44.86419,41.80833],[44.87174,41.80833],[44.87174,41.81396],[44.86419,41.81396],[44.86419,41.80833]]]}},{"type":"Feature","properties":{"slug":"gldani-88","parent_slug":"gldani","parent_name_en":"Gldani","parent_name_ka":"გლდანის რაიონი","parent_name_ru":"Глдани","index":88,"color_index":2,"name_en":"Gldani 88"},"geometry":{"type":"Polygon","coordinates":[[[44.87174,41.80833],[44.87929,41.80833],[44.87929,41.81396],[44.87174,41.81396],[44.87174,41.80833]]]}},{"type":"Feature","properties":{"slug":"gldani-89","parent_slug":"gldani","parent_name_en":"Gldani","parent_name_ka":"გლდანის რაიონი","parent_name_ru":"Глдани","index":89,"color_index":2,"name_en":"Gldani 89"},"geometry":{"type":"Polygon","coordinates":[[[44.87929,41.80833],[44.88684,41.80833],[44.88684,41.81396],[44.87929,41.81396],[44.87929,41.80833]]]}},{"type":"Feature","properties":{"slug":"gldani-9","parent_slug":"gldani","parent_name_en":"Gldani","parent_name_ka":"გლდანის რაიონი","parent_name_ru":"Глдани","index":9,"color_index":2,"name_en":"Gldani 9"},"geometry":{"type":"Polygon","coordinates":[[[44.87929,41.76892],[44.88684,41.76892],[44.88684,41.77455],[44.87929,41.77455],[44.87929,41.76892]]]}},{"type":"Feature","properties":{"slug":"gldani-90","parent_slug":"gldani","parent_name_en":"Gldani","parent_name_ka":"გლდანის რაიონი","parent_name_ru":"Глдани","index":90,"color_index":2,"name_en":"Gldani 90"},"geometry":{"type":"Polygon","coordinates":[[[44.78116,41.81396],[44.78871,41.81396],[44.78871,41.81959],[44.78116,41.81959],[44.78116,41.81396]]]}},{"type":"Feature","properties":{"slug":"gldani-91","parent_slug":"gldani","parent_name_en":"Gldani","parent_name_ka":"გლდანის რაიონი","parent_name_ru":"Глдани","index":91,"color_index":2,"name_en":"Gldani 91"},"geometry":{"type":"Polygon","coordinates":[[[44.78871,41.81396],[44.79626,41.81396],[44.79626,41.81959],[44.78871,41.81959],[44.78871,41.81396]]]}},{"type":"Feature","properties":{"slug":"gldani-92","parent_slug":"gldani","parent_name_en":"Gldani","parent_name_ka":"გლდანის რაიონი","parent_name_ru":"Глдани","index":92,"color_index":2,"name_en":"Gldani 92"},"geometry":{"type":"Polygon","coordinates":[[[44.79626,41.81396],[44.8038,41.81396],[44.8038,41.81959],[44.79626,41.81959],[44.79626,41.81396]]]}},{"type":"Feature","properties":{"slug":"gldani-93","parent_slug":"gldani","parent_name_en":"Gldani","parent_name_ka":"გლდანის რაიონი","parent_name_ru":"Глдани","index":93,"color_index":2,"name_en":"Gldani 93"},"geometry":{"type":"Polygon","coordinates":[[[44.8038,41.81396],[44.81135,41.81396],[44.81135,41.81959],[44.8038,41.81959],[44.8038,41.81396]]]}},{"type":"Feature","properties":{"slug":"gldani-94","parent_slug":"gldani","parent_name_en":"Gldani","parent_name_ka":"გლდანის რაიონი","parent_name_ru":"Глдани","index":94,"color_index":2,"name_en":"Gldani 94"},"geometry":{"type":"Polygon","coordinates":[[[44.81135,41.81396],[44.8189,41.81396],[44.8189,41.81959],[44.81135,41.81959],[44.81135,41.81396]]]}},{"type":"Feature","properties":{"slug":"gldani-95","parent_slug":"gldani","parent_name_en":"Gldani","parent_name_ka":"გლდანის რაიონი","parent_name_ru":"Глдани","index":95,"color_index":2,"name_en":"Gldani 95"},"geometry":{"type":"Polygon","coordinates":[[[44.8189,41.81396],[44.82645,41.81396],[44.82645,41.81959],[44.8189,41.81959],[44.8189,41.81396]]]}},{"type":"Feature","properties":{"slug":"gldani-96","parent_slug":"gldani","parent_name_en":"Gldani","parent_name_ka":"გლდანის რაიონი","parent_name_ru":"Глдани","index":96,"color_index":2,"name_en":"Gldani 96"},"geometry":{"type":"Polygon","coordinates":[[[44.82645,41.81396],[44.834,41.81396],[44.834,41.81959],[44.82645,41.81959],[44.82645,41.81396]]]}},{"type":"Feature","properties":{"slug":"gldani-97","parent_slug":"gldani","parent_name_en":"Gldani","parent_name_ka":"გლდანის რაიონი","parent_name_ru":"Глдани","index":97,"color_index":2,"name_en":"Gldani 97"},"geometry":{"type":"Polygon","coordinates":[[[44.834,41.81396],[44.84155,41.81396],[44.84155,41.81959],[44.834,41.81959],[44.834,41.81396]]]}},{"type":"Feature","properties":{"slug":"gldani-98","parent_slug":"gldani","parent_name_en":"Gldani","parent_name_ka":"გლდანის რაიონი","parent_name_ru":"Глдани","index":98,"color_index":2,"name_en":"Gldani 98"},"geometry":{"type":"Polygon","coordinates":[[[44.84155,41.81396],[44.84909,41.81396],[44.84909,41.81959],[44.84155,41.81959],[44.84155,41.81396]]]}},{"type":"Feature","properties":{"slug":"gldani-99","parent_slug":"gldani","parent_name_en":"Gldani","parent_name_ka":"გლდანის რაიონი","parent_name_ru":"Глдани","index":99,"color_index":2,"name_en":"Gldani 99"},"geometry":{"type":"Polygon","coordinates":[[[44.84909,41.81396],[44.85664,41.81396],[44.85664,41.81959],[44.84909,41.81959],[44.84909,41.81396]]]}},{"type":"Feature","properties":{"slug":"isani-1","parent_slug":"isani","parent_name_en":"Isani","parent_name_ka":"ისნის რაიონი","parent_name_ru":"Исани","index":1,"color_index":3,"name_en":"Isani 1"},"geometry":{"type":"Polygon","coordinates":[[[44.85664,41.66757],[44.86419,41.66757],[44.86419,41.6732],[44.85664,41.6732],[44.85664,41.66757]]]}},{"type":"Feature","properties":{"slug":"isani-10","parent_slug":"isani","parent_name_en":"Isani","parent_name_ka":"ისნის რაიონი","parent_name_ru":"Исани","index":10,"color_index":3,"name_en":"Isani 10"},"geometry":{"type":"Polygon","coordinates":[[[44.84155,41.67883],[44.84909,41.67883],[44.84909,41.68446],[44.84155,41.68446],[44.84155,41.67883]]]}},{"type":"Feature","properties":{"slug":"isani-11","parent_slug":"isani","parent_name_en":"Isani","parent_name_ka":"ისნის რაიონი","parent_name_ru":"Исани","index":11,"color_index":3,"name_en":"Isani 11"},"geometry":{"type":"Polygon","coordinates":[[[44.84909,41.67883],[44.85664,41.67883],[44.85664,41.68446],[44.84909,41.68446],[44.84909,41.67883]]]}},{"type":"Feature","properties":{"slug":"isani-12","parent_slug":"isani","parent_name_en":"Isani","parent_name_ka":"ისნის რაიონი","parent_name_ru":"Исани","index":12,"color_index":3,"name_en":"Isani 12"},"geometry":{"type":"Polygon","coordinates":[[[44.85664,41.67883],[44.86419,41.67883],[44.86419,41.68446],[44.85664,41.68446],[44.85664,41.67883]]]}},{"type":"Feature","properties":{"slug":"isani-13","parent_slug":"isani","parent_name_en":"Isani","parent_name_ka":"ისნის რაიონი","parent_name_ru":"Исани","index":13,"color_index":3,"name_en":"Isani 13"},"geometry":{"type":"Polygon","coordinates":[[[44.86419,41.67883],[44.87174,41.67883],[44.87174,41.68446],[44.86419,41.68446],[44.86419,41.67883]]]}},{"type":"Feature","properties":{"slug":"isani-14","parent_slug":"isani","parent_name_en":"Isani","parent_name_ka":"ისნის რაიონი","parent_name_ru":"Исани","index":14,"color_index":3,"name_en":"Isani 14"},"geometry":{"type":"Polygon","coordinates":[[[44.8189,41.68446],[44.82645,41.68446],[44.82645,41.69009],[44.8189,41.69009],[44.8189,41.68446]]]}},{"type":"Feature","properties":{"slug":"isani-15","parent_slug":"isani","parent_name_en":"Isani","parent_name_ka":"ისნის რაიონი","parent_name_ru":"Исани","index":15,"color_index":3,"name_en":"Isani 15"},"geometry":{"type":"Polygon","coordinates":[[[44.82645,41.68446],[44.834,41.68446],[44.834,41.69009],[44.82645,41.69009],[44.82645,41.68446]]]}},{"type":"Feature","properties":{"slug":"isani-16","parent_slug":"isani","parent_name_en":"Isani","parent_name_ka":"ისნის რაიონი","parent_name_ru":"Исани","index":16,"color_index":3,"name_en":"Isani 16"},"geometry":{"type":"Polygon","coordinates":[[[44.834,41.68446],[44.84155,41.68446],[44.84155,41.69009],[44.834,41.69009],[44.834,41.68446]]]}},{"type":"Feature","properties":{"slug":"isani-17","parent_slug":"isani","parent_name_en":"Isani","parent_name_ka":"ისნის რაიონი","parent_name_ru":"Исани","index":17,"color_index":3,"name_en":"Isani 17"},"geometry":{"type":"Polygon","coordinates":[[[44.84155,41.68446],[44.84909,41.68446],[44.84909,41.69009],[44.84155,41.69009],[44.84155,41.68446]]]}},{"type":"Feature","properties":{"slug":"isani-18","parent_slug":"isani","parent_name_en":"Isani","parent_name_ka":"ისნის რაიონი","parent_name_ru":"Исани","index":18,"color_index":3,"name_en":"Isani 18"},"geometry":{"type":"Polygon","coordinates":[[[44.84909,41.68446],[44.85664,41.68446],[44.85664,41.69009],[44.84909,41.69009],[44.84909,41.68446]]]}},{"type":"Feature","properties":{"slug":"isani-19","parent_slug":"isani","parent_name_en":"Isani","parent_name_ka":"ისნის რაიონი","parent_name_ru":"Исани","index":19,"color_index":3,"name_en":"Isani 19"},"geometry":{"type":"Polygon","coordinates":[[[44.85664,41.68446],[44.86419,41.68446],[44.86419,41.69009],[44.85664,41.69009],[44.85664,41.68446]]]}},{"type":"Feature","properties":{"slug":"isani-2","parent_slug":"isani","parent_name_en":"Isani","parent_name_ka":"ისნის რაიონი","parent_name_ru":"Исани","index":2,"color_index":3,"name_en":"Isani 2"},"geometry":{"type":"Polygon","coordinates":[[[44.86419,41.66757],[44.87174,41.66757],[44.87174,41.6732],[44.86419,41.6732],[44.86419,41.66757]]]}},{"type":"Feature","properties":{"slug":"isani-20","parent_slug":"isani","parent_name_en":"Isani","parent_name_ka":"ისნის რაიონი","parent_name_ru":"Исани","index":20,"color_index":3,"name_en":"Isani 20"},"geometry":{"type":"Polygon","coordinates":[[[44.86419,41.68446],[44.87174,41.68446],[44.87174,41.69009],[44.86419,41.69009],[44.86419,41.68446]]]}},{"type":"Feature","properties":{"slug":"isani-21","parent_slug":"isani","parent_name_en":"Isani","parent_name_ka":"ისნის რაიონი","parent_name_ru":"Исани","index":21,"color_index":3,"name_en":"Isani 21"},"geometry":{"type":"Polygon","coordinates":[[[44.81135,41.69009],[44.8189,41.69009],[44.8189,41.69572],[44.81135,41.69572],[44.81135,41.69009]]]}},{"type":"Feature","properties":{"slug":"isani-22","parent_slug":"isani","parent_name_en":"Isani","parent_name_ka":"ისნის რაიონი","parent_name_ru":"Исани","index":22,"color_index":3,"name_en":"Isani 22"},"geometry":{"type":"Polygon","coordinates":[[[44.8189,41.69009],[44.82645,41.69009],[44.82645,41.69572],[44.8189,41.69572],[44.8189,41.69009]]]}},{"type":"Feature","properties":{"slug":"isani-23","parent_slug":"isani","parent_name_en":"Isani","parent_name_ka":"ისნის რაიონი","parent_name_ru":"Исани","index":23,"color_index":3,"name_en":"Isani 23"},"geometry":{"type":"Polygon","coordinates":[[[44.82645,41.69009],[44.834,41.69009],[44.834,41.69572],[44.82645,41.69572],[44.82645,41.69009]]]}},{"type":"Feature","properties":{"slug":"isani-24","parent_slug":"isani","parent_name_en":"Isani","parent_name_ka":"ისნის რაიონი","parent_name_ru":"Исани","index":24,"color_index":3,"name_en":"Isani 24"},"geometry":{"type":"Polygon","coordinates":[[[44.834,41.69009],[44.84155,41.69009],[44.84155,41.69572],[44.834,41.69572],[44.834,41.69009]]]}},{"type":"Feature","properties":{"slug":"isani-25","parent_slug":"isani","parent_name_en":"Isani","parent_name_ka":"ისნის რაიონი","parent_name_ru":"Исани","index":25,"color_index":3,"name_en":"Isani 25"},"geometry":{"type":"Polygon","coordinates":[[[44.84155,41.69009],[44.84909,41.69009],[44.84909,41.69572],[44.84155,41.69572],[44.84155,41.69009]]]}},{"type":"Feature","properties":{"slug":"isani-26","parent_slug":"isani","parent_name_en":"Isani","parent_name_ka":"ისნის რაიონი","parent_name_ru":"Исани","index":26,"color_index":3,"name_en":"Isani 26"},"geometry":{"type":"Polygon","coordinates":[[[44.84909,41.69009],[44.85664,41.69009],[44.85664,41.69572],[44.84909,41.69572],[44.84909,41.69009]]]}},{"type":"Feature","properties":{"slug":"isani-27","parent_slug":"isani","parent_name_en":"Isani","parent_name_ka":"ისნის რაიონი","parent_name_ru":"Исани","index":27,"color_index":3,"name_en":"Isani 27"},"geometry":{"type":"Polygon","coordinates":[[[44.85664,41.69009],[44.86419,41.69009],[44.86419,41.69572],[44.85664,41.69572],[44.85664,41.69009]]]}},{"type":"Feature","properties":{"slug":"isani-28","parent_slug":"isani","parent_name_en":"Isani","parent_name_ka":"ისნის რაიონი","parent_name_ru":"Исани","index":28,"color_index":3,"name_en":"Isani 28"},"geometry":{"type":"Polygon","coordinates":[[[44.81135,41.69572],[44.8189,41.69572],[44.8189,41.70135],[44.81135,41.70135],[44.81135,41.69572]]]}},{"type":"Feature","properties":{"slug":"isani-29","parent_slug":"isani","parent_name_en":"Isani","parent_name_ka":"ისნის რაიონი","parent_name_ru":"Исани","index":29,"color_index":3,"name_en":"Isani 29"},"geometry":{"type":"Polygon","coordinates":[[[44.8189,41.69572],[44.82645,41.69572],[44.82645,41.70135],[44.8189,41.70135],[44.8189,41.69572]]]}},{"type":"Feature","properties":{"slug":"isani-3","parent_slug":"isani","parent_name_en":"Isani","parent_name_ka":"ისნის რაიონი","parent_name_ru":"Исани","index":3,"color_index":3,"name_en":"Isani 3"},"geometry":{"type":"Polygon","coordinates":[[[44.834,41.6732],[44.84155,41.6732],[44.84155,41.67883],[44.834,41.67883],[44.834,41.6732]]]}},{"type":"Feature","properties":{"slug":"isani-30","parent_slug":"isani","parent_name_en":"Isani","parent_name_ka":"ისნის რაიონი","parent_name_ru":"Исани","index":30,"color_index":3,"name_en":"Isani 30"},"geometry":{"type":"Polygon","coordinates":[[[44.82645,41.69572],[44.834,41.69572],[44.834,41.70135],[44.82645,41.70135],[44.82645,41.69572]]]}},{"type":"Feature","properties":{"slug":"isani-31","parent_slug":"isani","parent_name_en":"Isani","parent_name_ka":"ისნის რაიონი","parent_name_ru":"Исани","index":31,"color_index":3,"name_en":"Isani 31"},"geometry":{"type":"Polygon","coordinates":[[[44.834,41.69572],[44.84155,41.69572],[44.84155,41.70135],[44.834,41.70135],[44.834,41.69572]]]}},{"type":"Feature","properties":{"slug":"isani-32","parent_slug":"isani","parent_name_en":"Isani","parent_name_ka":"ისნის რაიონი","parent_name_ru":"Исани","index":32,"color_index":3,"name_en":"Isani 32"},"geometry":{"type":"Polygon","coordinates":[[[44.84155,41.69572],[44.84909,41.69572],[44.84909,41.70135],[44.84155,41.70135],[44.84155,41.69572]]]}},{"type":"Feature","properties":{"slug":"isani-33","parent_slug":"isani","parent_name_en":"Isani","parent_name_ka":"ისნის რაიონი","parent_name_ru":"Исани","index":33,"color_index":3,"name_en":"Isani 33"},"geometry":{"type":"Polygon","coordinates":[[[44.84909,41.69572],[44.85664,41.69572],[44.85664,41.70135],[44.84909,41.70135],[44.84909,41.69572]]]}},{"type":"Feature","properties":{"slug":"isani-34","parent_slug":"isani","parent_name_en":"Isani","parent_name_ka":"ისნის რაიონი","parent_name_ru":"Исани","index":34,"color_index":3,"name_en":"Isani 34"},"geometry":{"type":"Polygon","coordinates":[[[44.85664,41.69572],[44.86419,41.69572],[44.86419,41.70135],[44.85664,41.70135],[44.85664,41.69572]]]}},{"type":"Feature","properties":{"slug":"isani-35","parent_slug":"isani","parent_name_en":"Isani","parent_name_ka":"ისნის რაიონი","parent_name_ru":"Исани","index":35,"color_index":3,"name_en":"Isani 35"},"geometry":{"type":"Polygon","coordinates":[[[44.8189,41.70135],[44.82645,41.70135],[44.82645,41.70698],[44.8189,41.70698],[44.8189,41.70135]]]}},{"type":"Feature","properties":{"slug":"isani-36","parent_slug":"isani","parent_name_en":"Isani","parent_name_ka":"ისნის რაიონი","parent_name_ru":"Исани","index":36,"color_index":3,"name_en":"Isani 36"},"geometry":{"type":"Polygon","coordinates":[[[44.82645,41.70135],[44.834,41.70135],[44.834,41.70698],[44.82645,41.70698],[44.82645,41.70135]]]}},{"type":"Feature","properties":{"slug":"isani-37","parent_slug":"isani","parent_name_en":"Isani","parent_name_ka":"ისნის რაიონი","parent_name_ru":"Исани","index":37,"color_index":3,"name_en":"Isani 37"},"geometry":{"type":"Polygon","coordinates":[[[44.834,41.70135],[44.84155,41.70135],[44.84155,41.70698],[44.834,41.70698],[44.834,41.70135]]]}},{"type":"Feature","properties":{"slug":"isani-38","parent_slug":"isani","parent_name_en":"Isani","parent_name_ka":"ისნის რაიონი","parent_name_ru":"Исани","index":38,"color_index":3,"name_en":"Isani 38"},"geometry":{"type":"Polygon","coordinates":[[[44.84155,41.70135],[44.84909,41.70135],[44.84909,41.70698],[44.84155,41.70698],[44.84155,41.70135]]]}},{"type":"Feature","properties":{"slug":"isani-39","parent_slug":"isani","parent_name_en":"Isani","parent_name_ka":"ისნის რაიონი","parent_name_ru":"Исани","index":39,"color_index":3,"name_en":"Isani 39"},"geometry":{"type":"Polygon","coordinates":[[[44.84909,41.70135],[44.85664,41.70135],[44.85664,41.70698],[44.84909,41.70698],[44.84909,41.70135]]]}},{"type":"Feature","properties":{"slug":"isani-4","parent_slug":"isani","parent_name_en":"Isani","parent_name_ka":"ისნის რაიონი","parent_name_ru":"Исани","index":4,"color_index":3,"name_en":"Isani 4"},"geometry":{"type":"Polygon","coordinates":[[[44.84155,41.6732],[44.84909,41.6732],[44.84909,41.67883],[44.84155,41.67883],[44.84155,41.6732]]]}},{"type":"Feature","properties":{"slug":"isani-40","parent_slug":"isani","parent_name_en":"Isani","parent_name_ka":"ისნის რაიონი","parent_name_ru":"Исани","index":40,"color_index":3,"name_en":"Isani 40"},"geometry":{"type":"Polygon","coordinates":[[[44.82645,41.70698],[44.834,41.70698],[44.834,41.71261],[44.82645,41.71261],[44.82645,41.70698]]]}},{"type":"Feature","properties":{"slug":"isani-41","parent_slug":"isani","parent_name_en":"Isani","parent_name_ka":"ისნის რაიონი","parent_name_ru":"Исани","index":41,"color_index":3,"name_en":"Isani 41"},"geometry":{"type":"Polygon","coordinates":[[[44.834,41.70698],[44.84155,41.70698],[44.84155,41.71261],[44.834,41.71261],[44.834,41.70698]]]}},{"type":"Feature","properties":{"slug":"isani-42","parent_slug":"isani","parent_name_en":"Isani","parent_name_ka":"ისნის რაიონი","parent_name_ru":"Исани","index":42,"color_index":3,"name_en":"Isani 42"},"geometry":{"type":"Polygon","coordinates":[[[44.84155,41.70698],[44.84909,41.70698],[44.84909,41.71261],[44.84155,41.71261],[44.84155,41.70698]]]}},{"type":"Feature","properties":{"slug":"isani-43","parent_slug":"isani","parent_name_en":"Isani","parent_name_ka":"ისნის რაიონი","parent_name_ru":"Исани","index":43,"color_index":3,"name_en":"Isani 43"},"geometry":{"type":"Polygon","coordinates":[[[44.834,41.71261],[44.84155,41.71261],[44.84155,41.71824],[44.834,41.71824],[44.834,41.71261]]]}},{"type":"Feature","properties":{"slug":"isani-5","parent_slug":"isani","parent_name_en":"Isani","parent_name_ka":"ისნის რაიონი","parent_name_ru":"Исани","index":5,"color_index":3,"name_en":"Isani 5"},"geometry":{"type":"Polygon","coordinates":[[[44.84909,41.6732],[44.85664,41.6732],[44.85664,41.67883],[44.84909,41.67883],[44.84909,41.6732]]]}},{"type":"Feature","properties":{"slug":"isani-6","parent_slug":"isani","parent_name_en":"Isani","parent_name_ka":"ისნის რაიონი","parent_name_ru":"Исани","index":6,"color_index":3,"name_en":"Isani 6"},"geometry":{"type":"Polygon","coordinates":[[[44.85664,41.6732],[44.86419,41.6732],[44.86419,41.67883],[44.85664,41.67883],[44.85664,41.6732]]]}},{"type":"Feature","properties":{"slug":"isani-7","parent_slug":"isani","parent_name_en":"Isani","parent_name_ka":"ისნის რაიონი","parent_name_ru":"Исани","index":7,"color_index":3,"name_en":"Isani 7"},"geometry":{"type":"Polygon","coordinates":[[[44.86419,41.6732],[44.87174,41.6732],[44.87174,41.67883],[44.86419,41.67883],[44.86419,41.6732]]]}},{"type":"Feature","properties":{"slug":"isani-8","parent_slug":"isani","parent_name_en":"Isani","parent_name_ka":"ისნის რაიონი","parent_name_ru":"Исани","index":8,"color_index":3,"name_en":"Isani 8"},"geometry":{"type":"Polygon","coordinates":[[[44.87174,41.6732],[44.87929,41.6732],[44.87929,41.67883],[44.87174,41.67883],[44.87174,41.6732]]]}},{"type":"Feature","properties":{"slug":"isani-9","parent_slug":"isani","parent_name_en":"Isani","parent_name_ka":"ისნის რაიონი","parent_name_ru":"Исани","index":9,"color_index":3,"name_en":"Isani 9"},"geometry":{"type":"Polygon","coordinates":[[[44.834,41.67883],[44.84155,41.67883],[44.84155,41.68446],[44.834,41.68446],[44.834,41.67883]]]}},{"type":"Feature","properties":{"slug":"krtsanisi-1","parent_slug":"krtsanisi","parent_name_en":"Krtsanisi","parent_name_ka":"კრწანისის რაიონი","parent_name_ru":"Крцаниси","index":1,"color_index":4,"name_en":"Krtsanisi 1"},"geometry":{"type":"Polygon","coordinates":[[[44.90193,41.62252],[44.90948,41.62252],[44.90948,41.62815],[44.90193,41.62815],[44.90193,41.62252]]]}},{"type":"Feature","properties":{"slug":"krtsanisi-10","parent_slug":"krtsanisi","parent_name_en":"Krtsanisi","parent_name_ka":"კრწანისის რაიონი","parent_name_ru":"Крцаниси","index":10,"color_index":4,"name_en":"Krtsanisi 10"},"geometry":{"type":"Polygon","coordinates":[[[44.88684,41.63941],[44.89438,41.63941],[44.89438,41.64505],[44.88684,41.64505],[44.88684,41.63941]]]}},{"type":"Feature","properties":{"slug":"krtsanisi-11","parent_slug":"krtsanisi","parent_name_en":"Krtsanisi","parent_name_ka":"კრწანისის რაიონი","parent_name_ru":"Крцаниси","index":11,"color_index":4,"name_en":"Krtsanisi 11"},"geometry":{"type":"Polygon","coordinates":[[[44.89438,41.63941],[44.90193,41.63941],[44.90193,41.64505],[44.89438,41.64505],[44.89438,41.63941]]]}},{"type":"Feature","properties":{"slug":"krtsanisi-12","parent_slug":"krtsanisi","parent_name_en":"Krtsanisi","parent_name_ka":"კრწანისის რაიონი","parent_name_ru":"Крцаниси","index":12,"color_index":4,"name_en":"Krtsanisi 12"},"geometry":{"type":"Polygon","coordinates":[[[44.90193,41.63941],[44.90948,41.63941],[44.90948,41.64505],[44.90193,41.64505],[44.90193,41.63941]]]}},{"type":"Feature","properties":{"slug":"krtsanisi-13","parent_slug":"krtsanisi","parent_name_en":"Krtsanisi","parent_name_ka":"კრწანისის რაიონი","parent_name_ru":"Крцаниси","index":13,"color_index":4,"name_en":"Krtsanisi 13"},"geometry":{"type":"Polygon","coordinates":[[[44.90948,41.63941],[44.91703,41.63941],[44.91703,41.64505],[44.90948,41.64505],[44.90948,41.63941]]]}},{"type":"Feature","properties":{"slug":"krtsanisi-14","parent_slug":"krtsanisi","parent_name_en":"Krtsanisi","parent_name_ka":"კრწანისის რაიონი","parent_name_ru":"Крцаниси","index":14,"color_index":4,"name_en":"Krtsanisi 14"},"geometry":{"type":"Polygon","coordinates":[[[44.91703,41.63941],[44.92458,41.63941],[44.92458,41.64505],[44.91703,41.64505],[44.91703,41.63941]]]}},{"type":"Feature","properties":{"slug":"krtsanisi-15","parent_slug":"krtsanisi","parent_name_en":"Krtsanisi","parent_name_ka":"კრწანისის რაიონი","parent_name_ru":"Крцаниси","index":15,"color_index":4,"name_en":"Krtsanisi 15"},"geometry":{"type":"Polygon","coordinates":[[[44.92458,41.63941],[44.93213,41.63941],[44.93213,41.64505],[44.92458,41.64505],[44.92458,41.63941]]]}},{"type":"Feature","properties":{"slug":"krtsanisi-16","parent_slug":"krtsanisi","parent_name_en":"Krtsanisi","parent_name_ka":"კრწანისის რაიონი","parent_name_ru":"Крцаниси","index":16,"color_index":4,"name_en":"Krtsanisi 16"},"geometry":{"type":"Polygon","coordinates":[[[44.87929,41.64505],[44.88684,41.64505],[44.88684,41.65068],[44.87929,41.65068],[44.87929,41.64505]]]}},{"type":"Feature","properties":{"slug":"krtsanisi-17","parent_slug":"krtsanisi","parent_name_en":"Krtsanisi","parent_name_ka":"კრწანისის რაიონი","parent_name_ru":"Крцаниси","index":17,"color_index":4,"name_en":"Krtsanisi 17"},"geometry":{"type":"Polygon","coordinates":[[[44.88684,41.64505],[44.89438,41.64505],[44.89438,41.65068],[44.88684,41.65068],[44.88684,41.64505]]]}},{"type":"Feature","properties":{"slug":"krtsanisi-18","parent_slug":"krtsanisi","parent_name_en":"Krtsanisi","parent_name_ka":"კრწანისის რაიონი","parent_name_ru":"Крцаниси","index":18,"color_index":4,"name_en":"Krtsanisi 18"},"geometry":{"type":"Polygon","coordinates":[[[44.89438,41.64505],[44.90193,41.64505],[44.90193,41.65068],[44.89438,41.65068],[44.89438,41.64505]]]}},{"type":"Feature","properties":{"slug":"krtsanisi-19","parent_slug":"krtsanisi","parent_name_en":"Krtsanisi","parent_name_ka":"კრწანისის რაიონი","parent_name_ru":"Крцаниси","index":19,"color_index":4,"name_en":"Krtsanisi 19"},"geometry":{"type":"Polygon","coordinates":[[[44.90193,41.64505],[44.90948,41.64505],[44.90948,41.65068],[44.90193,41.65068],[44.90193,41.64505]]]}},{"type":"Feature","properties":{"slug":"krtsanisi-2","parent_slug":"krtsanisi","parent_name_en":"Krtsanisi","parent_name_ka":"კრწანისის რაიონი","parent_name_ru":"Крцаниси","index":2,"color_index":4,"name_en":"Krtsanisi 2"},"geometry":{"type":"Polygon","coordinates":[[[44.90948,41.62252],[44.91703,41.62252],[44.91703,41.62815],[44.90948,41.62815],[44.90948,41.62252]]]}},{"type":"Feature","properties":{"slug":"krtsanisi-20","parent_slug":"krtsanisi","parent_name_en":"Krtsanisi","parent_name_ka":"კრწანისის რაიონი","parent_name_ru":"Крцаниси","index":20,"color_index":4,"name_en":"Krtsanisi 20"},"geometry":{"type":"Polygon","coordinates":[[[44.90948,41.64505],[44.91703,41.64505],[44.91703,41.65068],[44.90948,41.65068],[44.90948,41.64505]]]}},{"type":"Feature","properties":{"slug":"krtsanisi-21","parent_slug":"krtsanisi","parent_name_en":"Krtsanisi","parent_name_ka":"კრწანისის რაიონი","parent_name_ru":"Крцаниси","index":21,"color_index":4,"name_en":"Krtsanisi 21"},"geometry":{"type":"Polygon","coordinates":[[[44.91703,41.64505],[44.92458,41.64505],[44.92458,41.65068],[44.91703,41.65068],[44.91703,41.64505]]]}},{"type":"Feature","properties":{"slug":"krtsanisi-22","parent_slug":"krtsanisi","parent_name_en":"Krtsanisi","parent_name_ka":"კრწანისის რაიონი","parent_name_ru":"Крцаниси","index":22,"color_index":4,"name_en":"Krtsanisi 22"},"geometry":{"type":"Polygon","coordinates":[[[44.92458,41.64505],[44.93213,41.64505],[44.93213,41.65068],[44.92458,41.65068],[44.92458,41.64505]]]}},{"type":"Feature","properties":{"slug":"krtsanisi-23","parent_slug":"krtsanisi","parent_name_en":"Krtsanisi","parent_name_ka":"კრწანისის რაიონი","parent_name_ru":"Крцаниси","index":23,"color_index":4,"name_en":"Krtsanisi 23"},"geometry":{"type":"Polygon","coordinates":[[[44.79626,41.65068],[44.8038,41.65068],[44.8038,41.65631],[44.79626,41.65631],[44.79626,41.65068]]]}},{"type":"Feature","properties":{"slug":"krtsanisi-24","parent_slug":"krtsanisi","parent_name_en":"Krtsanisi","parent_name_ka":"კრწანისის რაიონი","parent_name_ru":"Крцаниси","index":24,"color_index":4,"name_en":"Krtsanisi 24"},"geometry":{"type":"Polygon","coordinates":[[[44.86419,41.65068],[44.87174,41.65068],[44.87174,41.65631],[44.86419,41.65631],[44.86419,41.65068]]]}},{"type":"Feature","properties":{"slug":"krtsanisi-25","parent_slug":"krtsanisi","parent_name_en":"Krtsanisi","parent_name_ka":"კრწანისის რაიონი","parent_name_ru":"Крцаниси","index":25,"color_index":4,"name_en":"Krtsanisi 25"},"geometry":{"type":"Polygon","coordinates":[[[44.87174,41.65068],[44.87929,41.65068],[44.87929,41.65631],[44.87174,41.65631],[44.87174,41.65068]]]}},{"type":"Feature","properties":{"slug":"krtsanisi-26","parent_slug":"krtsanisi","parent_name_en":"Krtsanisi","parent_name_ka":"კრწანისის რაიონი","parent_name_ru":"Крцаниси","index":26,"color_index":4,"name_en":"Krtsanisi 26"},"geometry":{"type":"Polygon","coordinates":[[[44.87929,41.65068],[44.88684,41.65068],[44.88684,41.65631],[44.87929,41.65631],[44.87929,41.65068]]]}},{"type":"Feature","properties":{"slug":"krtsanisi-27","parent_slug":"krtsanisi","parent_name_en":"Krtsanisi","parent_name_ka":"კრწანისის რაიონი","parent_name_ru":"Крцаниси","index":27,"color_index":4,"name_en":"Krtsanisi 27"},"geometry":{"type":"Polygon","coordinates":[[[44.88684,41.65068],[44.89438,41.65068],[44.89438,41.65631],[44.88684,41.65631],[44.88684,41.65068]]]}},{"type":"Feature","properties":{"slug":"krtsanisi-28","parent_slug":"krtsanisi","parent_name_en":"Krtsanisi","parent_name_ka":"კრწანისის რაიონი","parent_name_ru":"Крцаниси","index":28,"color_index":4,"name_en":"Krtsanisi 28"},"geometry":{"type":"Polygon","coordinates":[[[44.89438,41.65068],[44.90193,41.65068],[44.90193,41.65631],[44.89438,41.65631],[44.89438,41.65068]]]}},{"type":"Feature","properties":{"slug":"krtsanisi-29","parent_slug":"krtsanisi","parent_name_en":"Krtsanisi","parent_name_ka":"კრწანისის რაიონი","parent_name_ru":"Крцаниси","index":29,"color_index":4,"name_en":"Krtsanisi 29"},"geometry":{"type":"Polygon","coordinates":[[[44.90193,41.65068],[44.90948,41.65068],[44.90948,41.65631],[44.90193,41.65631],[44.90193,41.65068]]]}},{"type":"Feature","properties":{"slug":"krtsanisi-3","parent_slug":"krtsanisi","parent_name_en":"Krtsanisi","parent_name_ka":"კრწანისის რაიონი","parent_name_ru":"Крцаниси","index":3,"color_index":4,"name_en":"Krtsanisi 3"},"geometry":{"type":"Polygon","coordinates":[[[44.91703,41.62252],[44.92458,41.62252],[44.92458,41.62815],[44.91703,41.62815],[44.91703,41.62252]]]}},{"type":"Feature","properties":{"slug":"krtsanisi-30","parent_slug":"krtsanisi","parent_name_en":"Krtsanisi","parent_name_ka":"კრწანისის რაიონი","parent_name_ru":"Крцаниси","index":30,"color_index":4,"name_en":"Krtsanisi 30"},"geometry":{"type":"Polygon","coordinates":[[[44.91703,41.65068],[44.92458,41.65068],[44.92458,41.65631],[44.91703,41.65631],[44.91703,41.65068]]]}},{"type":"Feature","properties":{"slug":"krtsanisi-31","parent_slug":"krtsanisi","parent_name_en":"Krtsanisi","parent_name_ka":"კრწანისის რაიონი","parent_name_ru":"Крцаниси","index":31,"color_index":4,"name_en":"Krtsanisi 31"},"geometry":{"type":"Polygon","coordinates":[[[44.79626,41.65631],[44.8038,41.65631],[44.8038,41.66194],[44.79626,41.66194],[44.79626,41.65631]]]}},{"type":"Feature","properties":{"slug":"krtsanisi-32","parent_slug":"krtsanisi","parent_name_en":"Krtsanisi","parent_name_ka":"კრწანისის რაიონი","parent_name_ru":"Крцаниси","index":32,"color_index":4,"name_en":"Krtsanisi 32"},"geometry":{"type":"Polygon","coordinates":[[[44.8038,41.65631],[44.81135,41.65631],[44.81135,41.66194],[44.8038,41.66194],[44.8038,41.65631]]]}},{"type":"Feature","properties":{"slug":"krtsanisi-33","parent_slug":"krtsanisi","parent_name_en":"Krtsanisi","parent_name_ka":"კრწანისის რაიონი","parent_name_ru":"Крцаниси","index":33,"color_index":4,"name_en":"Krtsanisi 33"},"geometry":{"type":"Polygon","coordinates":[[[44.81135,41.65631],[44.8189,41.65631],[44.8189,41.66194],[44.81135,41.66194],[44.81135,41.65631]]]}},{"type":"Feature","properties":{"slug":"krtsanisi-34","parent_slug":"krtsanisi","parent_name_en":"Krtsanisi","parent_name_ka":"კრწანისის რაიონი","parent_name_ru":"Крцаниси","index":34,"color_index":4,"name_en":"Krtsanisi 34"},"geometry":{"type":"Polygon","coordinates":[[[44.8189,41.65631],[44.82645,41.65631],[44.82645,41.66194],[44.8189,41.66194],[44.8189,41.65631]]]}},{"type":"Feature","properties":{"slug":"krtsanisi-35","parent_slug":"krtsanisi","parent_name_en":"Krtsanisi","parent_name_ka":"კრწანისის რაიონი","parent_name_ru":"Крцаниси","index":35,"color_index":4,"name_en":"Krtsanisi 35"},"geometry":{"type":"Polygon","coordinates":[[[44.82645,41.65631],[44.834,41.65631],[44.834,41.66194],[44.82645,41.66194],[44.82645,41.65631]]]}},{"type":"Feature","properties":{"slug":"krtsanisi-36","parent_slug":"krtsanisi","parent_name_en":"Krtsanisi","parent_name_ka":"კრწანისის რაიონი","parent_name_ru":"Крцаниси","index":36,"color_index":4,"name_en":"Krtsanisi 36"},"geometry":{"type":"Polygon","coordinates":[[[44.834,41.65631],[44.84155,41.65631],[44.84155,41.66194],[44.834,41.66194],[44.834,41.65631]]]}},{"type":"Feature","properties":{"slug":"krtsanisi-37","parent_slug":"krtsanisi","parent_name_en":"Krtsanisi","parent_name_ka":"კრწანისის რაიონი","parent_name_ru":"Крцаниси","index":37,"color_index":4,"name_en":"Krtsanisi 37"},"geometry":{"type":"Polygon","coordinates":[[[44.84155,41.65631],[44.84909,41.65631],[44.84909,41.66194],[44.84155,41.66194],[44.84155,41.65631]]]}},{"type":"Feature","properties":{"slug":"krtsanisi-38","parent_slug":"krtsanisi","parent_name_en":"Krtsanisi","parent_name_ka":"კრწანისის რაიონი","parent_name_ru":"Крцаниси","index":38,"color_index":4,"name_en":"Krtsanisi 38"},"geometry":{"type":"Polygon","coordinates":[[[44.84909,41.65631],[44.85664,41.65631],[44.85664,41.66194],[44.84909,41.66194],[44.84909,41.65631]]]}},{"type":"Feature","properties":{"slug":"krtsanisi-39","parent_slug":"krtsanisi","parent_name_en":"Krtsanisi","parent_name_ka":"კრწანისის რაიონი","parent_name_ru":"Крцаниси","index":39,"color_index":4,"name_en":"Krtsanisi 39"},"geometry":{"type":"Polygon","coordinates":[[[44.85664,41.65631],[44.86419,41.65631],[44.86419,41.66194],[44.85664,41.66194],[44.85664,41.65631]]]}},{"type":"Feature","properties":{"slug":"krtsanisi-4","parent_slug":"krtsanisi","parent_name_en":"Krtsanisi","parent_name_ka":"კრწანისის რაიონი","parent_name_ru":"Крцаниси","index":4,"color_index":4,"name_en":"Krtsanisi 4"},"geometry":{"type":"Polygon","coordinates":[[[44.90193,41.62815],[44.90948,41.62815],[44.90948,41.63378],[44.90193,41.63378],[44.90193,41.62815]]]}},{"type":"Feature","properties":{"slug":"krtsanisi-40","parent_slug":"krtsanisi","parent_name_en":"Krtsanisi","parent_name_ka":"კრწანისის რაიონი","parent_name_ru":"Крцаниси","index":40,"color_index":4,"name_en":"Krtsanisi 40"},"geometry":{"type":"Polygon","coordinates":[[[44.86419,41.65631],[44.87174,41.65631],[44.87174,41.66194],[44.86419,41.66194],[44.86419,41.65631]]]}},{"type":"Feature","properties":{"slug":"krtsanisi-41","parent_slug":"krtsanisi","parent_name_en":"Krtsanisi","parent_name_ka":"კრწანისის რაიონი","parent_name_ru":"Крцаниси","index":41,"color_index":4,"name_en":"Krtsanisi 41"},"geometry":{"type":"Polygon","coordinates":[[[44.87174,41.65631],[44.87929,41.65631],[44.87929,41.66194],[44.87174,41.66194],[44.87174,41.65631]]]}},{"type":"Feature","properties":{"slug":"krtsanisi-42","parent_slug":"krtsanisi","parent_name_en":"Krtsanisi","parent_name_ka":"კრწანისის რაიონი","parent_name_ru":"Крцаниси","index":42,"color_index":4,"name_en":"Krtsanisi 42"},"geometry":{"type":"Polygon","coordinates":[[[44.87929,41.65631],[44.88684,41.65631],[44.88684,41.66194],[44.87929,41.66194],[44.87929,41.65631]]]}},{"type":"Feature","properties":{"slug":"krtsanisi-43","parent_slug":"krtsanisi","parent_name_en":"Krtsanisi","parent_name_ka":"კრწანისის რაიონი","parent_name_ru":"Крцаниси","index":43,"color_index":4,"name_en":"Krtsanisi 43"},"geometry":{"type":"Polygon","coordinates":[[[44.88684,41.65631],[44.89438,41.65631],[44.89438,41.66194],[44.88684,41.66194],[44.88684,41.65631]]]}},{"type":"Feature","properties":{"slug":"krtsanisi-44","parent_slug":"krtsanisi","parent_name_en":"Krtsanisi","parent_name_ka":"კრწანისის რაიონი","parent_name_ru":"Крцаниси","index":44,"color_index":4,"name_en":"Krtsanisi 44"},"geometry":{"type":"Polygon","coordinates":[[[44.79626,41.66194],[44.8038,41.66194],[44.8038,41.66757],[44.79626,41.66757],[44.79626,41.66194]]]}},{"type":"Feature","properties":{"slug":"krtsanisi-45","parent_slug":"krtsanisi","parent_name_en":"Krtsanisi","parent_name_ka":"კრწანისის რაიონი","parent_name_ru":"Крцаниси","index":45,"color_index":4,"name_en":"Krtsanisi 45"},"geometry":{"type":"Polygon","coordinates":[[[44.8038,41.66194],[44.81135,41.66194],[44.81135,41.66757],[44.8038,41.66757],[44.8038,41.66194]]]}},{"type":"Feature","properties":{"slug":"krtsanisi-46","parent_slug":"krtsanisi","parent_name_en":"Krtsanisi","parent_name_ka":"კრწანისის რაიონი","parent_name_ru":"Крцаниси","index":46,"color_index":4,"name_en":"Krtsanisi 46"},"geometry":{"type":"Polygon","coordinates":[[[44.81135,41.66194],[44.8189,41.66194],[44.8189,41.66757],[44.81135,41.66757],[44.81135,41.66194]]]}},{"type":"Feature","properties":{"slug":"krtsanisi-47","parent_slug":"krtsanisi","parent_name_en":"Krtsanisi","parent_name_ka":"კრწანისის რაიონი","parent_name_ru":"Крцаниси","index":47,"color_index":4,"name_en":"Krtsanisi 47"},"geometry":{"type":"Polygon","coordinates":[[[44.8189,41.66194],[44.82645,41.66194],[44.82645,41.66757],[44.8189,41.66757],[44.8189,41.66194]]]}},{"type":"Feature","properties":{"slug":"krtsanisi-48","parent_slug":"krtsanisi","parent_name_en":"Krtsanisi","parent_name_ka":"კრწანისის რაიონი","parent_name_ru":"Крцаниси","index":48,"color_index":4,"name_en":"Krtsanisi 48"},"geometry":{"type":"Polygon","coordinates":[[[44.82645,41.66194],[44.834,41.66194],[44.834,41.66757],[44.82645,41.66757],[44.82645,41.66194]]]}},{"type":"Feature","properties":{"slug":"krtsanisi-49","parent_slug":"krtsanisi","parent_name_en":"Krtsanisi","parent_name_ka":"კრწანისის რაიონი","parent_name_ru":"Крцаниси","index":49,"color_index":4,"name_en":"Krtsanisi 49"},"geometry":{"type":"Polygon","coordinates":[[[44.834,41.66194],[44.84155,41.66194],[44.84155,41.66757],[44.834,41.66757],[44.834,41.66194]]]}},{"type":"Feature","properties":{"slug":"krtsanisi-5","parent_slug":"krtsanisi","parent_name_en":"Krtsanisi","parent_name_ka":"კრწანისის რაიონი","parent_name_ru":"Крцаниси","index":5,"color_index":4,"name_en":"Krtsanisi 5"},"geometry":{"type":"Polygon","coordinates":[[[44.90948,41.62815],[44.91703,41.62815],[44.91703,41.63378],[44.90948,41.63378],[44.90948,41.62815]]]}},{"type":"Feature","properties":{"slug":"krtsanisi-50","parent_slug":"krtsanisi","parent_name_en":"Krtsanisi","parent_name_ka":"კრწანისის რაიონი","parent_name_ru":"Крцаниси","index":50,"color_index":4,"name_en":"Krtsanisi 50"},"geometry":{"type":"Polygon","coordinates":[[[44.84155,41.66194],[44.84909,41.66194],[44.84909,41.66757],[44.84155,41.66757],[44.84155,41.66194]]]}},{"type":"Feature","properties":{"slug":"krtsanisi-51","parent_slug":"krtsanisi","parent_name_en":"Krtsanisi","parent_name_ka":"კრწანისის რაიონი","parent_name_ru":"Крцаниси","index":51,"color_index":4,"name_en":"Krtsanisi 51"},"geometry":{"type":"Polygon","coordinates":[[[44.84909,41.66194],[44.85664,41.66194],[44.85664,41.66757],[44.84909,41.66757],[44.84909,41.66194]]]}},{"type":"Feature","properties":{"slug":"krtsanisi-52","parent_slug":"krtsanisi","parent_name_en":"Krtsanisi","parent_name_ka":"კრწანისის რაიონი","parent_name_ru":"Крцаниси","index":52,"color_index":4,"name_en":"Krtsanisi 52"},"geometry":{"type":"Polygon","coordinates":[[[44.85664,41.66194],[44.86419,41.66194],[44.86419,41.66757],[44.85664,41.66757],[44.85664,41.66194]]]}},{"type":"Feature","properties":{"slug":"krtsanisi-53","parent_slug":"krtsanisi","parent_name_en":"Krtsanisi","parent_name_ka":"კრწანისის რაიონი","parent_name_ru":"Крцаниси","index":53,"color_index":4,"name_en":"Krtsanisi 53"},"geometry":{"type":"Polygon","coordinates":[[[44.86419,41.66194],[44.87174,41.66194],[44.87174,41.66757],[44.86419,41.66757],[44.86419,41.66194]]]}},{"type":"Feature","properties":{"slug":"krtsanisi-54","parent_slug":"krtsanisi","parent_name_en":"Krtsanisi","parent_name_ka":"კრწანისის რაიონი","parent_name_ru":"Крцаниси","index":54,"color_index":4,"name_en":"Krtsanisi 54"},"geometry":{"type":"Polygon","coordinates":[[[44.79626,41.66757],[44.8038,41.66757],[44.8038,41.6732],[44.79626,41.6732],[44.79626,41.66757]]]}},{"type":"Feature","properties":{"slug":"krtsanisi-55","parent_slug":"krtsanisi","parent_name_en":"Krtsanisi","parent_name_ka":"კრწანისის რაიონი","parent_name_ru":"Крцаниси","index":55,"color_index":4,"name_en":"Krtsanisi 55"},"geometry":{"type":"Polygon","coordinates":[[[44.8038,41.66757],[44.81135,41.66757],[44.81135,41.6732],[44.8038,41.6732],[44.8038,41.66757]]]}},{"type":"Feature","properties":{"slug":"krtsanisi-56","parent_slug":"krtsanisi","parent_name_en":"Krtsanisi","parent_name_ka":"კრწანისის რაიონი","parent_name_ru":"Крцаниси","index":56,"color_index":4,"name_en":"Krtsanisi 56"},"geometry":{"type":"Polygon","coordinates":[[[44.81135,41.66757],[44.8189,41.66757],[44.8189,41.6732],[44.81135,41.6732],[44.81135,41.66757]]]}},{"type":"Feature","properties":{"slug":"krtsanisi-57","parent_slug":"krtsanisi","parent_name_en":"Krtsanisi","parent_name_ka":"კრწანისის რაიონი","parent_name_ru":"Крцаниси","index":57,"color_index":4,"name_en":"Krtsanisi 57"},"geometry":{"type":"Polygon","coordinates":[[[44.8189,41.66757],[44.82645,41.66757],[44.82645,41.6732],[44.8189,41.6732],[44.8189,41.66757]]]}},{"type":"Feature","properties":{"slug":"krtsanisi-58","parent_slug":"krtsanisi","parent_name_en":"Krtsanisi","parent_name_ka":"კრწანისის რაიონი","parent_name_ru":"Крцаниси","index":58,"color_index":4,"name_en":"Krtsanisi 58"},"geometry":{"type":"Polygon","coordinates":[[[44.82645,41.66757],[44.834,41.66757],[44.834,41.6732],[44.82645,41.6732],[44.82645,41.66757]]]}},{"type":"Feature","properties":{"slug":"krtsanisi-59","parent_slug":"krtsanisi","parent_name_en":"Krtsanisi","parent_name_ka":"კრწანისის რაიონი","parent_name_ru":"Крцаниси","index":59,"color_index":4,"name_en":"Krtsanisi 59"},"geometry":{"type":"Polygon","coordinates":[[[44.834,41.66757],[44.84155,41.66757],[44.84155,41.6732],[44.834,41.6732],[44.834,41.66757]]]}},{"type":"Feature","properties":{"slug":"krtsanisi-6","parent_slug":"krtsanisi","parent_name_en":"Krtsanisi","parent_name_ka":"კრწანისის რაიონი","parent_name_ru":"Крцаниси","index":6,"color_index":4,"name_en":"Krtsanisi 6"},"geometry":{"type":"Polygon","coordinates":[[[44.91703,41.62815],[44.92458,41.62815],[44.92458,41.63378],[44.91703,41.63378],[44.91703,41.62815]]]}},{"type":"Feature","properties":{"slug":"krtsanisi-60","parent_slug":"krtsanisi","parent_name_en":"Krtsanisi","parent_name_ka":"კრწანისის რაიონი","parent_name_ru":"Крцаниси","index":60,"color_index":4,"name_en":"Krtsanisi 60"},"geometry":{"type":"Polygon","coordinates":[[[44.84155,41.66757],[44.84909,41.66757],[44.84909,41.6732],[44.84155,41.6732],[44.84155,41.66757]]]}},{"type":"Feature","properties":{"slug":"krtsanisi-61","parent_slug":"krtsanisi","parent_name_en":"Krtsanisi","parent_name_ka":"კრწანისის რაიონი","parent_name_ru":"Крцаниси","index":61,"color_index":4,"name_en":"Krtsanisi 61"},"geometry":{"type":"Polygon","coordinates":[[[44.84909,41.66757],[44.85664,41.66757],[44.85664,41.6732],[44.84909,41.6732],[44.84909,41.66757]]]}},{"type":"Feature","properties":{"slug":"krtsanisi-62","parent_slug":"krtsanisi","parent_name_en":"Krtsanisi","parent_name_ka":"კრწანისის რაიონი","parent_name_ru":"Крцаниси","index":62,"color_index":4,"name_en":"Krtsanisi 62"},"geometry":{"type":"Polygon","coordinates":[[[44.78116,41.6732],[44.78871,41.6732],[44.78871,41.67883],[44.78116,41.67883],[44.78116,41.6732]]]}},{"type":"Feature","properties":{"slug":"krtsanisi-63","parent_slug":"krtsanisi","parent_name_en":"Krtsanisi","parent_name_ka":"კრწანისის რაიონი","parent_name_ru":"Крцаниси","index":63,"color_index":4,"name_en":"Krtsanisi 63"},"geometry":{"type":"Polygon","coordinates":[[[44.78871,41.6732],[44.79626,41.6732],[44.79626,41.67883],[44.78871,41.67883],[44.78871,41.6732]]]}},{"type":"Feature","properties":{"slug":"krtsanisi-64","parent_slug":"krtsanisi","parent_name_en":"Krtsanisi","parent_name_ka":"კრწანისის რაიონი","parent_name_ru":"Крцаниси","index":64,"color_index":4,"name_en":"Krtsanisi 64"},"geometry":{"type":"Polygon","coordinates":[[[44.79626,41.6732],[44.8038,41.6732],[44.8038,41.67883],[44.79626,41.67883],[44.79626,41.6732]]]}},{"type":"Feature","properties":{"slug":"krtsanisi-65","parent_slug":"krtsanisi","parent_name_en":"Krtsanisi","parent_name_ka":"კრწანისის რაიონი","parent_name_ru":"Крцаниси","index":65,"color_index":4,"name_en":"Krtsanisi 65"},"geometry":{"type":"Polygon","coordinates":[[[44.8038,41.6732],[44.81135,41.6732],[44.81135,41.67883],[44.8038,41.67883],[44.8038,41.6732]]]}},{"type":"Feature","properties":{"slug":"krtsanisi-66","parent_slug":"krtsanisi","parent_name_en":"Krtsanisi","parent_name_ka":"კრწანისის რაიონი","parent_name_ru":"Крцаниси","index":66,"color_index":4,"name_en":"Krtsanisi 66"},"geometry":{"type":"Polygon","coordinates":[[[44.81135,41.6732],[44.8189,41.6732],[44.8189,41.67883],[44.81135,41.67883],[44.81135,41.6732]]]}},{"type":"Feature","properties":{"slug":"krtsanisi-67","parent_slug":"krtsanisi","parent_name_en":"Krtsanisi","parent_name_ka":"კრწანისის რაიონი","parent_name_ru":"Крцаниси","index":67,"color_index":4,"name_en":"Krtsanisi 67"},"geometry":{"type":"Polygon","coordinates":[[[44.8189,41.6732],[44.82645,41.6732],[44.82645,41.67883],[44.8189,41.67883],[44.8189,41.6732]]]}},{"type":"Feature","properties":{"slug":"krtsanisi-68","parent_slug":"krtsanisi","parent_name_en":"Krtsanisi","parent_name_ka":"კრწანისის რაიონი","parent_name_ru":"Крцаниси","index":68,"color_index":4,"name_en":"Krtsanisi 68"},"geometry":{"type":"Polygon","coordinates":[[[44.82645,41.6732],[44.834,41.6732],[44.834,41.67883],[44.82645,41.67883],[44.82645,41.6732]]]}},{"type":"Feature","properties":{"slug":"krtsanisi-69","parent_slug":"krtsanisi","parent_name_en":"Krtsanisi","parent_name_ka":"კრწანისის რაიონი","parent_name_ru":"Крцаниси","index":69,"color_index":4,"name_en":"Krtsanisi 69"},"geometry":{"type":"Polygon","coordinates":[[[44.78116,41.67883],[44.78871,41.67883],[44.78871,41.68446],[44.78116,41.68446],[44.78116,41.67883]]]}},{"type":"Feature","properties":{"slug":"krtsanisi-7","parent_slug":"krtsanisi","parent_name_en":"Krtsanisi","parent_name_ka":"კრწანისის რაიონი","parent_name_ru":"Крцаниси","index":7,"color_index":4,"name_en":"Krtsanisi 7"},"geometry":{"type":"Polygon","coordinates":[[[44.90193,41.63378],[44.90948,41.63378],[44.90948,41.63941],[44.90193,41.63941],[44.90193,41.63378]]]}},{"type":"Feature","properties":{"slug":"krtsanisi-70","parent_slug":"krtsanisi","parent_name_en":"Krtsanisi","parent_name_ka":"კრწანისის რაიონი","parent_name_ru":"Крцаниси","index":70,"color_index":4,"name_en":"Krtsanisi 70"},"geometry":{"type":"Polygon","coordinates":[[[44.78871,41.67883],[44.79626,41.67883],[44.79626,41.68446],[44.78871,41.68446],[44.78871,41.67883]]]}},{"type":"Feature","properties":{"slug":"krtsanisi-71","parent_slug":"krtsanisi","parent_name_en":"Krtsanisi","parent_name_ka":"კრწანისის რაიონი","parent_name_ru":"Крцаниси","index":71,"color_index":4,"name_en":"Krtsanisi 71"},"geometry":{"type":"Polygon","coordinates":[[[44.79626,41.67883],[44.8038,41.67883],[44.8038,41.68446],[44.79626,41.68446],[44.79626,41.67883]]]}},{"type":"Feature","properties":{"slug":"krtsanisi-72","parent_slug":"krtsanisi","parent_name_en":"Krtsanisi","parent_name_ka":"კრწანისის რაიონი","parent_name_ru":"Крцаниси","index":72,"color_index":4,"name_en":"Krtsanisi 72"},"geometry":{"type":"Polygon","coordinates":[[[44.8038,41.67883],[44.81135,41.67883],[44.81135,41.68446],[44.8038,41.68446],[44.8038,41.67883]]]}},{"type":"Feature","properties":{"slug":"krtsanisi-73","parent_slug":"krtsanisi","parent_name_en":"Krtsanisi","parent_name_ka":"კრწანისის რაიონი","parent_name_ru":"Крцаниси","index":73,"color_index":4,"name_en":"Krtsanisi 73"},"geometry":{"type":"Polygon","coordinates":[[[44.81135,41.67883],[44.8189,41.67883],[44.8189,41.68446],[44.81135,41.68446],[44.81135,41.67883]]]}},{"type":"Feature","properties":{"slug":"krtsanisi-74","parent_slug":"krtsanisi","parent_name_en":"Krtsanisi","parent_name_ka":"კრწანისის რაიონი","parent_name_ru":"Крцаниси","index":74,"color_index":4,"name_en":"Krtsanisi 74"},"geometry":{"type":"Polygon","coordinates":[[[44.8189,41.67883],[44.82645,41.67883],[44.82645,41.68446],[44.8189,41.68446],[44.8189,41.67883]]]}},{"type":"Feature","properties":{"slug":"krtsanisi-75","parent_slug":"krtsanisi","parent_name_en":"Krtsanisi","parent_name_ka":"კრწანისის რაიონი","parent_name_ru":"Крцаниси","index":75,"color_index":4,"name_en":"Krtsanisi 75"},"geometry":{"type":"Polygon","coordinates":[[[44.82645,41.67883],[44.834,41.67883],[44.834,41.68446],[44.82645,41.68446],[44.82645,41.67883]]]}},{"type":"Feature","properties":{"slug":"krtsanisi-76","parent_slug":"krtsanisi","parent_name_en":"Krtsanisi","parent_name_ka":"კრწანისის რაიონი","parent_name_ru":"Крцаниси","index":76,"color_index":4,"name_en":"Krtsanisi 76"},"geometry":{"type":"Polygon","coordinates":[[[44.79626,41.68446],[44.8038,41.68446],[44.8038,41.69009],[44.79626,41.69009],[44.79626,41.68446]]]}},{"type":"Feature","properties":{"slug":"krtsanisi-77","parent_slug":"krtsanisi","parent_name_en":"Krtsanisi","parent_name_ka":"კრწანისის რაიონი","parent_name_ru":"Крцаниси","index":77,"color_index":4,"name_en":"Krtsanisi 77"},"geometry":{"type":"Polygon","coordinates":[[[44.8038,41.68446],[44.81135,41.68446],[44.81135,41.69009],[44.8038,41.69009],[44.8038,41.68446]]]}},{"type":"Feature","properties":{"slug":"krtsanisi-78","parent_slug":"krtsanisi","parent_name_en":"Krtsanisi","parent_name_ka":"კრწანისის რაიონი","parent_name_ru":"Крцаниси","index":78,"color_index":4,"name_en":"Krtsanisi 78"},"geometry":{"type":"Polygon","coordinates":[[[44.81135,41.68446],[44.8189,41.68446],[44.8189,41.69009],[44.81135,41.69009],[44.81135,41.68446]]]}},{"type":"Feature","properties":{"slug":"krtsanisi-79","parent_slug":"krtsanisi","parent_name_en":"Krtsanisi","parent_name_ka":"კრწანისის რაიონი","parent_name_ru":"Крцаниси","index":79,"color_index":4,"name_en":"Krtsanisi 79"},"geometry":{"type":"Polygon","coordinates":[[[44.8038,41.69009],[44.81135,41.69009],[44.81135,41.69572],[44.8038,41.69572],[44.8038,41.69009]]]}},{"type":"Feature","properties":{"slug":"krtsanisi-8","parent_slug":"krtsanisi","parent_name_en":"Krtsanisi","parent_name_ka":"კრწანისის რაიონი","parent_name_ru":"Крцаниси","index":8,"color_index":4,"name_en":"Krtsanisi 8"},"geometry":{"type":"Polygon","coordinates":[[[44.90948,41.63378],[44.91703,41.63378],[44.91703,41.63941],[44.90948,41.63941],[44.90948,41.63378]]]}},{"type":"Feature","properties":{"slug":"krtsanisi-9","parent_slug":"krtsanisi","parent_name_en":"Krtsanisi","parent_name_ka":"კრწანისის რაიონი","parent_name_ru":"Крцаниси","index":9,"color_index":4,"name_en":"Krtsanisi 9"},"geometry":{"type":"Polygon","coordinates":[[[44.91703,41.63378],[44.92458,41.63378],[44.92458,41.63941],[44.91703,41.63941],[44.91703,41.63378]]]}},{"type":"Feature","properties":{"slug":"mtatsminda-1","parent_slug":"mtatsminda","parent_name_en":"Mtatsminda","parent_name_ka":"მთაწმინდის რაიონი","parent_name_ru":"Мтацминда","index":1,"color_index":5,"name_en":"Mtatsminda 1"},"geometry":{"type":"Polygon","coordinates":[[[44.75097,41.62815],[44.75851,41.62815],[44.75851,41.63378],[44.75097,41.63378],[44.75097,41.62815]]]}},{"type":"Feature","properties":{"slug":"mtatsminda-10","parent_slug":"mtatsminda","parent_name_en":"Mtatsminda","parent_name_ka":"მთაწმინდის რაიონი","parent_name_ru":"Мтацминда","index":10,"color_index":5,"name_en":"Mtatsminda 10"},"geometry":{"type":"Polygon","coordinates":[[[44.78116,41.63378],[44.78871,41.63378],[44.78871,41.63941],[44.78116,41.63941],[44.78116,41.63378]]]}},{"type":"Feature","properties":{"slug":"mtatsminda-100","parent_slug":"mtatsminda","parent_name_en":"Mtatsminda","parent_name_ka":"მთაწმინდის რაიონი","parent_name_ru":"Мтацминда","index":100,"color_index":5,"name_en":"Mtatsminda 100"},"geometry":{"type":"Polygon","coordinates":[[[44.78871,41.65631],[44.79626,41.65631],[44.79626,41.66194],[44.78871,41.66194],[44.78871,41.65631]]]}},{"type":"Feature","properties":{"slug":"mtatsminda-101","parent_slug":"mtatsminda","parent_name_en":"Mtatsminda","parent_name_ka":"მთაწმინდის რაიონი","parent_name_ru":"Мтацминда","index":101,"color_index":5,"name_en":"Mtatsminda 101"},"geometry":{"type":"Polygon","coordinates":[[[44.63774,41.66194],[44.64529,41.66194],[44.64529,41.66757],[44.63774,41.66757],[44.63774,41.66194]]]}},{"type":"Feature","properties":{"slug":"mtatsminda-102","parent_slug":"mtatsminda","parent_name_en":"Mtatsminda","parent_name_ka":"მთაწმინდის რაიონი","parent_name_ru":"Мтацминда","index":102,"color_index":5,"name_en":"Mtatsminda 102"},"geometry":{"type":"Polygon","coordinates":[[[44.64529,41.66194],[44.65284,41.66194],[44.65284,41.66757],[44.64529,41.66757],[44.64529,41.66194]]]}},{"type":"Feature","properties":{"slug":"mtatsminda-103","parent_slug":"mtatsminda","parent_name_en":"Mtatsminda","parent_name_ka":"მთაწმინდის რაიონი","parent_name_ru":"Мтацминда","index":103,"color_index":5,"name_en":"Mtatsminda 103"},"geometry":{"type":"Polygon","coordinates":[[[44.65284,41.66194],[44.66039,41.66194],[44.66039,41.66757],[44.65284,41.66757],[44.65284,41.66194]]]}},{"type":"Feature","properties":{"slug":"mtatsminda-104","parent_slug":"mtatsminda","parent_name_en":"Mtatsminda","parent_name_ka":"მთაწმინდის რაიონი","parent_name_ru":"Мтацминда","index":104,"color_index":5,"name_en":"Mtatsminda 104"},"geometry":{"type":"Polygon","coordinates":[[[44.66039,41.66194],[44.66793,41.66194],[44.66793,41.66757],[44.66039,41.66757],[44.66039,41.66194]]]}},{"type":"Feature","properties":{"slug":"mtatsminda-105","parent_slug":"mtatsminda","parent_name_en":"Mtatsminda","parent_name_ka":"მთაწმინდის რაიონი","parent_name_ru":"Мтацминда","index":105,"color_index":5,"name_en":"Mtatsminda 105"},"geometry":{"type":"Polygon","coordinates":[[[44.66793,41.66194],[44.67548,41.66194],[44.67548,41.66757],[44.66793,41.66757],[44.66793,41.66194]]]}},{"type":"Feature","properties":{"slug":"mtatsminda-106","parent_slug":"mtatsminda","parent_name_en":"Mtatsminda","parent_name_ka":"მთაწმინდის რაიონი","parent_name_ru":"Мтацминда","index":106,"color_index":5,"name_en":"Mtatsminda 106"},"geometry":{"type":"Polygon","coordinates":[[[44.67548,41.66194],[44.68303,41.66194],[44.68303,41.66757],[44.67548,41.66757],[44.67548,41.66194]]]}},{"type":"Feature","properties":{"slug":"mtatsminda-107","parent_slug":"mtatsminda","parent_name_en":"Mtatsminda","parent_name_ka":"მთაწმინდის რაიონი","parent_name_ru":"Мтацминда","index":107,"color_index":5,"name_en":"Mtatsminda 107"},"geometry":{"type":"Polygon","coordinates":[[[44.68303,41.66194],[44.69058,41.66194],[44.69058,41.66757],[44.68303,41.66757],[44.68303,41.66194]]]}},{"type":"Feature","properties":{"slug":"mtatsminda-108","parent_slug":"mtatsminda","parent_name_en":"Mtatsminda","parent_name_ka":"მთაწმინდის რაიონი","parent_name_ru":"Мтацминда","index":108,"color_index":5,"name_en":"Mtatsminda 108"},"geometry":{"type":"Polygon","coordinates":[[[44.69058,41.66194],[44.69813,41.66194],[44.69813,41.66757],[44.69058,41.66757],[44.69058,41.66194]]]}},{"type":"Feature","properties":{"slug":"mtatsminda-109","parent_slug":"mtatsminda","parent_name_en":"Mtatsminda","parent_name_ka":"მთაწმინდის რაიონი","parent_name_ru":"Мтацминда","index":109,"color_index":5,"name_en":"Mtatsminda 109"},"geometry":{"type":"Polygon","coordinates":[[[44.69813,41.66194],[44.70568,41.66194],[44.70568,41.66757],[44.69813,41.66757],[44.69813,41.66194]]]}},{"type":"Feature","properties":{"slug":"mtatsminda-11","parent_slug":"mtatsminda","parent_name_en":"Mtatsminda","parent_name_ka":"მთაწმინდის რაიონი","parent_name_ru":"Мтацминда","index":11,"color_index":5,"name_en":"Mtatsminda 11"},"geometry":{"type":"Polygon","coordinates":[[[44.78871,41.63378],[44.79626,41.63378],[44.79626,41.63941],[44.78871,41.63941],[44.78871,41.63378]]]}},{"type":"Feature","properties":{"slug":"mtatsminda-110","parent_slug":"mtatsminda","parent_name_en":"Mtatsminda","parent_name_ka":"მთაწმინდის რაიონი","parent_name_ru":"Мтацминда","index":110,"color_index":5,"name_en":"Mtatsminda 110"},"geometry":{"type":"Polygon","coordinates":[[[44.70568,41.66194],[44.71322,41.66194],[44.71322,41.66757],[44.70568,41.66757],[44.70568,41.66194]]]}},{"type":"Feature","properties":{"slug":"mtatsminda-111","parent_slug":"mtatsminda","parent_name_en":"Mtatsminda","parent_name_ka":"მთაწმინდის რაიონი","parent_name_ru":"Мтацминда","index":111,"color_index":5,"name_en":"Mtatsminda 111"},"geometry":{"type":"Polygon","coordinates":[[[44.71322,41.66194],[44.72077,41.66194],[44.72077,41.66757],[44.71322,41.66757],[44.71322,41.66194]]]}},{"type":"Feature","properties":{"slug":"mtatsminda-112","parent_slug":"mtatsminda","parent_name_en":"Mtatsminda","parent_name_ka":"მთაწმინდის რაიონი","parent_name_ru":"Мтацминда","index":112,"color_index":5,"name_en":"Mtatsminda 112"},"geometry":{"type":"Polygon","coordinates":[[[44.72077,41.66194],[44.72832,41.66194],[44.72832,41.66757],[44.72077,41.66757],[44.72077,41.66194]]]}},{"type":"Feature","properties":{"slug":"mtatsminda-113","parent_slug":"mtatsminda","parent_name_en":"Mtatsminda","parent_name_ka":"მთაწმინდის რაიონი","parent_name_ru":"Мтацминда","index":113,"color_index":5,"name_en":"Mtatsminda 113"},"geometry":{"type":"Polygon","coordinates":[[[44.72832,41.66194],[44.73587,41.66194],[44.73587,41.66757],[44.72832,41.66757],[44.72832,41.66194]]]}},{"type":"Feature","properties":{"slug":"mtatsminda-114","parent_slug":"mtatsminda","parent_name_en":"Mtatsminda","parent_name_ka":"მთაწმინდის რაიონი","parent_name_ru":"Мтацминда","index":114,"color_index":5,"name_en":"Mtatsminda 114"},"geometry":{"type":"Polygon","coordinates":[[[44.73587,41.66194],[44.74342,41.66194],[44.74342,41.66757],[44.73587,41.66757],[44.73587,41.66194]]]}},{"type":"Feature","properties":{"slug":"mtatsminda-115","parent_slug":"mtatsminda","parent_name_en":"Mtatsminda","parent_name_ka":"მთაწმინდის რაიონი","parent_name_ru":"Мтацминда","index":115,"color_index":5,"name_en":"Mtatsminda 115"},"geometry":{"type":"Polygon","coordinates":[[[44.74342,41.66194],[44.75097,41.66194],[44.75097,41.66757],[44.74342,41.66757],[44.74342,41.66194]]]}},{"type":"Feature","properties":{"slug":"mtatsminda-116","parent_slug":"mtatsminda","parent_name_en":"Mtatsminda","parent_name_ka":"მთაწმინდის რაიონი","parent_name_ru":"Мтацминда","index":116,"color_index":5,"name_en":"Mtatsminda 116"},"geometry":{"type":"Polygon","coordinates":[[[44.75097,41.66194],[44.75851,41.66194],[44.75851,41.66757],[44.75097,41.66757],[44.75097,41.66194]]]}},{"type":"Feature","properties":{"slug":"mtatsminda-117","parent_slug":"mtatsminda","parent_name_en":"Mtatsminda","parent_name_ka":"მთაწმინდის რაიონი","parent_name_ru":"Мтацминда","index":117,"color_index":5,"name_en":"Mtatsminda 117"},"geometry":{"type":"Polygon","coordinates":[[[44.75851,41.66194],[44.76606,41.66194],[44.76606,41.66757],[44.75851,41.66757],[44.75851,41.66194]]]}},{"type":"Feature","properties":{"slug":"mtatsminda-118","parent_slug":"mtatsminda","parent_name_en":"Mtatsminda","parent_name_ka":"მთაწმინდის რაიონი","parent_name_ru":"Мтацминда","index":118,"color_index":5,"name_en":"Mtatsminda 118"},"geometry":{"type":"Polygon","coordinates":[[[44.76606,41.66194],[44.77361,41.66194],[44.77361,41.66757],[44.76606,41.66757],[44.76606,41.66194]]]}},{"type":"Feature","properties":{"slug":"mtatsminda-119","parent_slug":"mtatsminda","parent_name_en":"Mtatsminda","parent_name_ka":"მთაწმინდის რაიონი","parent_name_ru":"Мтацминда","index":119,"color_index":5,"name_en":"Mtatsminda 119"},"geometry":{"type":"Polygon","coordinates":[[[44.77361,41.66194],[44.78116,41.66194],[44.78116,41.66757],[44.77361,41.66757],[44.77361,41.66194]]]}},{"type":"Feature","properties":{"slug":"mtatsminda-12","parent_slug":"mtatsminda","parent_name_en":"Mtatsminda","parent_name_ka":"მთაწმინდის რაიონი","parent_name_ru":"Мтацминда","index":12,"color_index":5,"name_en":"Mtatsminda 12"},"geometry":{"type":"Polygon","coordinates":[[[44.79626,41.63378],[44.8038,41.63378],[44.8038,41.63941],[44.79626,41.63941],[44.79626,41.63378]]]}},{"type":"Feature","properties":{"slug":"mtatsminda-120","parent_slug":"mtatsminda","parent_name_en":"Mtatsminda","parent_name_ka":"მთაწმინდის რაიონი","parent_name_ru":"Мтацминда","index":120,"color_index":5,"name_en":"Mtatsminda 120"},"geometry":{"type":"Polygon","coordinates":[[[44.78116,41.66194],[44.78871,41.66194],[44.78871,41.66757],[44.78116,41.66757],[44.78116,41.66194]]]}},{"type":"Feature","properties":{"slug":"mtatsminda-121","parent_slug":"mtatsminda","parent_name_en":"Mtatsminda","parent_name_ka":"მთაწმინდის რაიონი","parent_name_ru":"Мтацминда","index":121,"color_index":5,"name_en":"Mtatsminda 121"},"geometry":{"type":"Polygon","coordinates":[[[44.78871,41.66194],[44.79626,41.66194],[44.79626,41.66757],[44.78871,41.66757],[44.78871,41.66194]]]}},{"type":"Feature","properties":{"slug":"mtatsminda-122","parent_slug":"mtatsminda","parent_name_en":"Mtatsminda","parent_name_ka":"მთაწმინდის რაიონი","parent_name_ru":"Мтацминда","index":122,"color_index":5,"name_en":"Mtatsminda 122"},"geometry":{"type":"Polygon","coordinates":[[[44.64529,41.66757],[44.65284,41.66757],[44.65284,41.6732],[44.64529,41.6732],[44.64529,41.66757]]]}},{"type":"Feature","properties":{"slug":"mtatsminda-123","parent_slug":"mtatsminda","parent_name_en":"Mtatsminda","parent_name_ka":"მთაწმინდის რაიონი","parent_name_ru":"Мтацминда","index":123,"color_index":5,"name_en":"Mtatsminda 123"},"geometry":{"type":"Polygon","coordinates":[[[44.65284,41.66757],[44.66039,41.66757],[44.66039,41.6732],[44.65284,41.6732],[44.65284,41.66757]]]}},{"type":"Feature","properties":{"slug":"mtatsminda-124","parent_slug":"mtatsminda","parent_name_en":"Mtatsminda","parent_name_ka":"მთაწმინდის რაიონი","parent_name_ru":"Мтацминда","index":124,"color_index":5,"name_en":"Mtatsminda 124"},"geometry":{"type":"Polygon","coordinates":[[[44.66039,41.66757],[44.66793,41.66757],[44.66793,41.6732],[44.66039,41.6732],[44.66039,41.66757]]]}},{"type":"Feature","properties":{"slug":"mtatsminda-125","parent_slug":"mtatsminda","parent_name_en":"Mtatsminda","parent_name_ka":"მთაწმინდის რაიონი","parent_name_ru":"Мтацминда","index":125,"color_index":5,"name_en":"Mtatsminda 125"},"geometry":{"type":"Polygon","coordinates":[[[44.66793,41.66757],[44.67548,41.66757],[44.67548,41.6732],[44.66793,41.6732],[44.66793,41.66757]]]}},{"type":"Feature","properties":{"slug":"mtatsminda-126","parent_slug":"mtatsminda","parent_name_en":"Mtatsminda","parent_name_ka":"მთაწმინდის რაიონი","parent_name_ru":"Мтацминда","index":126,"color_index":5,"name_en":"Mtatsminda 126"},"geometry":{"type":"Polygon","coordinates":[[[44.67548,41.66757],[44.68303,41.66757],[44.68303,41.6732],[44.67548,41.6732],[44.67548,41.66757]]]}},{"type":"Feature","properties":{"slug":"mtatsminda-127","parent_slug":"mtatsminda","parent_name_en":"Mtatsminda","parent_name_ka":"მთაწმინდის რაიონი","parent_name_ru":"Мтацминда","index":127,"color_index":5,"name_en":"Mtatsminda 127"},"geometry":{"type":"Polygon","coordinates":[[[44.68303,41.66757],[44.69058,41.66757],[44.69058,41.6732],[44.68303,41.6732],[44.68303,41.66757]]]}},{"type":"Feature","properties":{"slug":"mtatsminda-128","parent_slug":"mtatsminda","parent_name_en":"Mtatsminda","parent_name_ka":"მთაწმინდის რაიონი","parent_name_ru":"Мтацминда","index":128,"color_index":5,"name_en":"Mtatsminda 128"},"geometry":{"type":"Polygon","coordinates":[[[44.69813,41.66757],[44.70568,41.66757],[44.70568,41.6732],[44.69813,41.6732],[44.69813,41.66757]]]}},{"type":"Feature","properties":{"slug":"mtatsminda-129","parent_slug":"mtatsminda","parent_name_en":"Mtatsminda","parent_name_ka":"მთაწმინდის რაიონი","parent_name_ru":"Мтацминда","index":129,"color_index":5,"name_en":"Mtatsminda 129"},"geometry":{"type":"Polygon","coordinates":[[[44.70568,41.66757],[44.71322,41.66757],[44.71322,41.6732],[44.70568,41.6732],[44.70568,41.66757]]]}},{"type":"Feature","properties":{"slug":"mtatsminda-13","parent_slug":"mtatsminda","parent_name_en":"Mtatsminda","parent_name_ka":"მთაწმინდის რაიონი","parent_name_ru":"Мтацминда","index":13,"color_index":5,"name_en":"Mtatsminda 13"},"geometry":{"type":"Polygon","coordinates":[[[44.63019,41.63941],[44.63774,41.63941],[44.63774,41.64505],[44.63019,41.64505],[44.63019,41.63941]]]}},{"type":"Feature","properties":{"slug":"mtatsminda-130","parent_slug":"mtatsminda","parent_name_en":"Mtatsminda","parent_name_ka":"მთაწმინდის რაიონი","parent_name_ru":"Мтацминда","index":130,"color_index":5,"name_en":"Mtatsminda 130"},"geometry":{"type":"Polygon","coordinates":[[[44.71322,41.66757],[44.72077,41.66757],[44.72077,41.6732],[44.71322,41.6732],[44.71322,41.66757]]]}},{"type":"Feature","properties":{"slug":"mtatsminda-131","parent_slug":"mtatsminda","parent_name_en":"Mtatsminda","parent_name_ka":"მთაწმინდის რაიონი","parent_name_ru":"Мтацминда","index":131,"color_index":5,"name_en":"Mtatsminda 131"},"geometry":{"type":"Polygon","coordinates":[[[44.72077,41.66757],[44.72832,41.66757],[44.72832,41.6732],[44.72077,41.6732],[44.72077,41.66757]]]}},{"type":"Feature","properties":{"slug":"mtatsminda-132","parent_slug":"mtatsminda","parent_name_en":"Mtatsminda","parent_name_ka":"მთაწმინდის რაიონი","parent_name_ru":"Мтацминда","index":132,"color_index":5,"name_en":"Mtatsminda 132"},"geometry":{"type":"Polygon","coordinates":[[[44.72832,41.66757],[44.73587,41.66757],[44.73587,41.6732],[44.72832,41.6732],[44.72832,41.66757]]]}},{"type":"Feature","properties":{"slug":"mtatsminda-133","parent_slug":"mtatsminda","parent_name_en":"Mtatsminda","parent_name_ka":"მთაწმინდის რაიონი","parent_name_ru":"Мтацминда","index":133,"color_index":5,"name_en":"Mtatsminda 133"},"geometry":{"type":"Polygon","coordinates":[[[44.73587,41.66757],[44.74342,41.66757],[44.74342,41.6732],[44.73587,41.6732],[44.73587,41.66757]]]}},{"type":"Feature","properties":{"slug":"mtatsminda-134","parent_slug":"mtatsminda","parent_name_en":"Mtatsminda","parent_name_ka":"მთაწმინდის რაიონი","parent_name_ru":"Мтацминда","index":134,"color_index":5,"name_en":"Mtatsminda 134"},"geometry":{"type":"Polygon","coordinates":[[[44.74342,41.66757],[44.75097,41.66757],[44.75097,41.6732],[44.74342,41.6732],[44.74342,41.66757]]]}},{"type":"Feature","properties":{"slug":"mtatsminda-135","parent_slug":"mtatsminda","parent_name_en":"Mtatsminda","parent_name_ka":"მთაწმინდის რაიონი","parent_name_ru":"Мтацминда","index":135,"color_index":5,"name_en":"Mtatsminda 135"},"geometry":{"type":"Polygon","coordinates":[[[44.75097,41.66757],[44.75851,41.66757],[44.75851,41.6732],[44.75097,41.6732],[44.75097,41.66757]]]}},{"type":"Feature","properties":{"slug":"mtatsminda-136","parent_slug":"mtatsminda","parent_name_en":"Mtatsminda","parent_name_ka":"მთაწმინდის რაიონი","parent_name_ru":"Мтацминда","index":136,"color_index":5,"name_en":"Mtatsminda 136"},"geometry":{"type":"Polygon","coordinates":[[[44.75851,41.66757],[44.76606,41.66757],[44.76606,41.6732],[44.75851,41.6732],[44.75851,41.66757]]]}},{"type":"Feature","properties":{"slug":"mtatsminda-137","parent_slug":"mtatsminda","parent_name_en":"Mtatsminda","parent_name_ka":"მთაწმინდის რაიონი","parent_name_ru":"Мтацминда","index":137,"color_index":5,"name_en":"Mtatsminda 137"},"geometry":{"type":"Polygon","coordinates":[[[44.76606,41.66757],[44.77361,41.66757],[44.77361,41.6732],[44.76606,41.6732],[44.76606,41.66757]]]}},{"type":"Feature","properties":{"slug":"mtatsminda-138","parent_slug":"mtatsminda","parent_name_en":"Mtatsminda","parent_name_ka":"მთაწმინდის რაიონი","parent_name_ru":"Мтацминда","index":138,"color_index":5,"name_en":"Mtatsminda 138"},"geometry":{"type":"Polygon","coordinates":[[[44.77361,41.66757],[44.78116,41.66757],[44.78116,41.6732],[44.77361,41.6732],[44.77361,41.66757]]]}},{"type":"Feature","properties":{"slug":"mtatsminda-139","parent_slug":"mtatsminda","parent_name_en":"Mtatsminda","parent_name_ka":"მთაწმინდის რაიონი","parent_name_ru":"Мтацминда","index":139,"color_index":5,"name_en":"Mtatsminda 139"},"geometry":{"type":"Polygon","coordinates":[[[44.78116,41.66757],[44.78871,41.66757],[44.78871,41.6732],[44.78116,41.6732],[44.78116,41.66757]]]}},{"type":"Feature","properties":{"slug":"mtatsminda-14","parent_slug":"mtatsminda","parent_name_en":"Mtatsminda","parent_name_ka":"მთაწმინდის რაიონი","parent_name_ru":"Мтацминда","index":14,"color_index":5,"name_en":"Mtatsminda 14"},"geometry":{"type":"Polygon","coordinates":[[[44.63774,41.63941],[44.64529,41.63941],[44.64529,41.64505],[44.63774,41.64505],[44.63774,41.63941]]]}},{"type":"Feature","properties":{"slug":"mtatsminda-140","parent_slug":"mtatsminda","parent_name_en":"Mtatsminda","parent_name_ka":"მთაწმინდის რაიონი","parent_name_ru":"Мтацминда","index":140,"color_index":5,"name_en":"Mtatsminda 140"},"geometry":{"type":"Polygon","coordinates":[[[44.78871,41.66757],[44.79626,41.66757],[44.79626,41.6732],[44.78871,41.6732],[44.78871,41.66757]]]}},{"type":"Feature","properties":{"slug":"mtatsminda-141","parent_slug":"mtatsminda","parent_name_en":"Mtatsminda","parent_name_ka":"მთაწმინდის რაიონი","parent_name_ru":"Мтацминда","index":141,"color_index":5,"name_en":"Mtatsminda 141"},"geometry":{"type":"Polygon","coordinates":[[[44.69813,41.6732],[44.70568,41.6732],[44.70568,41.67883],[44.69813,41.67883],[44.69813,41.6732]]]}},{"type":"Feature","properties":{"slug":"mtatsminda-142","parent_slug":"mtatsminda","parent_name_en":"Mtatsminda","parent_name_ka":"მთაწმინდის რაიონი","parent_name_ru":"Мтацминда","index":142,"color_index":5,"name_en":"Mtatsminda 142"},"geometry":{"type":"Polygon","coordinates":[[[44.70568,41.6732],[44.71322,41.6732],[44.71322,41.67883],[44.70568,41.67883],[44.70568,41.6732]]]}},{"type":"Feature","properties":{"slug":"mtatsminda-143","parent_slug":"mtatsminda","parent_name_en":"Mtatsminda","parent_name_ka":"მთაწმინდის რაიონი","parent_name_ru":"Мтацминда","index":143,"color_index":5,"name_en":"Mtatsminda 143"},"geometry":{"type":"Polygon","coordinates":[[[44.71322,41.6732],[44.72077,41.6732],[44.72077,41.67883],[44.71322,41.67883],[44.71322,41.6732]]]}},{"type":"Feature","properties":{"slug":"mtatsminda-144","parent_slug":"mtatsminda","parent_name_en":"Mtatsminda","parent_name_ka":"მთაწმინდის რაიონი","parent_name_ru":"Мтацминда","index":144,"color_index":5,"name_en":"Mtatsminda 144"},"geometry":{"type":"Polygon","coordinates":[[[44.72077,41.6732],[44.72832,41.6732],[44.72832,41.67883],[44.72077,41.67883],[44.72077,41.6732]]]}},{"type":"Feature","properties":{"slug":"mtatsminda-145","parent_slug":"mtatsminda","parent_name_en":"Mtatsminda","parent_name_ka":"მთაწმინდის რაიონი","parent_name_ru":"Мтацминда","index":145,"color_index":5,"name_en":"Mtatsminda 145"},"geometry":{"type":"Polygon","coordinates":[[[44.72832,41.6732],[44.73587,41.6732],[44.73587,41.67883],[44.72832,41.67883],[44.72832,41.6732]]]}},{"type":"Feature","properties":{"slug":"mtatsminda-146","parent_slug":"mtatsminda","parent_name_en":"Mtatsminda","parent_name_ka":"მთაწმინდის რაიონი","parent_name_ru":"Мтацминда","index":146,"color_index":5,"name_en":"Mtatsminda 146"},"geometry":{"type":"Polygon","coordinates":[[[44.73587,41.6732],[44.74342,41.6732],[44.74342,41.67883],[44.73587,41.67883],[44.73587,41.6732]]]}},{"type":"Feature","properties":{"slug":"mtatsminda-147","parent_slug":"mtatsminda","parent_name_en":"Mtatsminda","parent_name_ka":"მთაწმინდის რაიონი","parent_name_ru":"Мтацминда","index":147,"color_index":5,"name_en":"Mtatsminda 147"},"geometry":{"type":"Polygon","coordinates":[[[44.74342,41.6732],[44.75097,41.6732],[44.75097,41.67883],[44.74342,41.67883],[44.74342,41.6732]]]}},{"type":"Feature","properties":{"slug":"mtatsminda-148","parent_slug":"mtatsminda","parent_name_en":"Mtatsminda","parent_name_ka":"მთაწმინდის რაიონი","parent_name_ru":"Мтацминда","index":148,"color_index":5,"name_en":"Mtatsminda 148"},"geometry":{"type":"Polygon","coordinates":[[[44.75097,41.6732],[44.75851,41.6732],[44.75851,41.67883],[44.75097,41.67883],[44.75097,41.6732]]]}},{"type":"Feature","properties":{"slug":"mtatsminda-149","parent_slug":"mtatsminda","parent_name_en":"Mtatsminda","parent_name_ka":"მთაწმინდის რაიონი","parent_name_ru":"Мтацминда","index":149,"color_index":5,"name_en":"Mtatsminda 149"},"geometry":{"type":"Polygon","coordinates":[[[44.75851,41.6732],[44.76606,41.6732],[44.76606,41.67883],[44.75851,41.67883],[44.75851,41.6732]]]}},{"type":"Feature","properties":{"slug":"mtatsminda-15","parent_slug":"mtatsminda","parent_name_en":"Mtatsminda","parent_name_ka":"მთაწმინდის რაიონი","parent_name_ru":"Мтацминда","index":15,"color_index":5,"name_en":"Mtatsminda 15"},"geometry":{"type":"Polygon","coordinates":[[[44.64529,41.63941],[44.65284,41.63941],[44.65284,41.64505],[44.64529,41.64505],[44.64529,41.63941]]]}},{"type":"Feature","properties":{"slug":"mtatsminda-150","parent_slug":"mtatsminda","parent_name_en":"Mtatsminda","parent_name_ka":"მთაწმინდის რაიონი","parent_name_ru":"Мтацминда","index":150,"color_index":5,"name_en":"Mtatsminda 150"},"geometry":{"type":"Polygon","coordinates":[[[44.76606,41.6732],[44.77361,41.6732],[44.77361,41.67883],[44.76606,41.67883],[44.76606,41.6732]]]}},{"type":"Feature","properties":{"slug":"mtatsminda-151","parent_slug":"mtatsminda","parent_name_en":"Mtatsminda","parent_name_ka":"მთაწმინდის რაიონი","parent_name_ru":"Мтацминда","index":151,"color_index":5,"name_en":"Mtatsminda 151"},"geometry":{"type":"Polygon","coordinates":[[[44.77361,41.6732],[44.78116,41.6732],[44.78116,41.67883],[44.77361,41.67883],[44.77361,41.6732]]]}},{"type":"Feature","properties":{"slug":"mtatsminda-152","parent_slug":"mtatsminda","parent_name_en":"Mtatsminda","parent_name_ka":"მთაწმინდის რაიონი","parent_name_ru":"Мтацминда","index":152,"color_index":5,"name_en":"Mtatsminda 152"},"geometry":{"type":"Polygon","coordinates":[[[44.71322,41.67883],[44.72077,41.67883],[44.72077,41.68446],[44.71322,41.68446],[44.71322,41.67883]]]}},{"type":"Feature","properties":{"slug":"mtatsminda-153","parent_slug":"mtatsminda","parent_name_en":"Mtatsminda","parent_name_ka":"მთაწმინდის რაიონი","parent_name_ru":"Мтацминда","index":153,"color_index":5,"name_en":"Mtatsminda 153"},"geometry":{"type":"Polygon","coordinates":[[[44.72077,41.67883],[44.72832,41.67883],[44.72832,41.68446],[44.72077,41.68446],[44.72077,41.67883]]]}},{"type":"Feature","properties":{"slug":"mtatsminda-154","parent_slug":"mtatsminda","parent_name_en":"Mtatsminda","parent_name_ka":"მთაწმინდის რაიონი","parent_name_ru":"Мтацминда","index":154,"color_index":5,"name_en":"Mtatsminda 154"},"geometry":{"type":"Polygon","coordinates":[[[44.72832,41.67883],[44.73587,41.67883],[44.73587,41.68446],[44.72832,41.68446],[44.72832,41.67883]]]}},{"type":"Feature","properties":{"slug":"mtatsminda-155","parent_slug":"mtatsminda","parent_name_en":"Mtatsminda","parent_name_ka":"მთაწმინდის რაიონი","parent_name_ru":"Мтацминда","index":155,"color_index":5,"name_en":"Mtatsminda 155"},"geometry":{"type":"Polygon","coordinates":[[[44.73587,41.67883],[44.74342,41.67883],[44.74342,41.68446],[44.73587,41.68446],[44.73587,41.67883]]]}},{"type":"Feature","properties":{"slug":"mtatsminda-156","parent_slug":"mtatsminda","parent_name_en":"Mtatsminda","parent_name_ka":"მთაწმინდის რაიონი","parent_name_ru":"Мтацминда","index":156,"color_index":5,"name_en":"Mtatsminda 156"},"geometry":{"type":"Polygon","coordinates":[[[44.74342,41.67883],[44.75097,41.67883],[44.75097,41.68446],[44.74342,41.68446],[44.74342,41.67883]]]}},{"type":"Feature","properties":{"slug":"mtatsminda-157","parent_slug":"mtatsminda","parent_name_en":"Mtatsminda","parent_name_ka":"მთაწმინდის რაიონი","parent_name_ru":"Мтацминда","index":157,"color_index":5,"name_en":"Mtatsminda 157"},"geometry":{"type":"Polygon","coordinates":[[[44.75097,41.67883],[44.75851,41.67883],[44.75851,41.68446],[44.75097,41.68446],[44.75097,41.67883]]]}},{"type":"Feature","properties":{"slug":"mtatsminda-158","parent_slug":"mtatsminda","parent_name_en":"Mtatsminda","parent_name_ka":"მთაწმინდის რაიონი","parent_name_ru":"Мтацминда","index":158,"color_index":5,"name_en":"Mtatsminda 158"},"geometry":{"type":"Polygon","coordinates":[[[44.75851,41.67883],[44.76606,41.67883],[44.76606,41.68446],[44.75851,41.68446],[44.75851,41.67883]]]}},{"type":"Feature","properties":{"slug":"mtatsminda-159","parent_slug":"mtatsminda","parent_name_en":"Mtatsminda","parent_name_ka":"მთაწმინდის რაიონი","parent_name_ru":"Мтацминда","index":159,"color_index":5,"name_en":"Mtatsminda 159"},"geometry":{"type":"Polygon","coordinates":[[[44.76606,41.67883],[44.77361,41.67883],[44.77361,41.68446],[44.76606,41.68446],[44.76606,41.67883]]]}},{"type":"Feature","properties":{"slug":"mtatsminda-16","parent_slug":"mtatsminda","parent_name_en":"Mtatsminda","parent_name_ka":"მთაწმინდის რაიონი","parent_name_ru":"Мтацминда","index":16,"color_index":5,"name_en":"Mtatsminda 16"},"geometry":{"type":"Polygon","coordinates":[[[44.65284,41.63941],[44.66039,41.63941],[44.66039,41.64505],[44.65284,41.64505],[44.65284,41.63941]]]}},{"type":"Feature","properties":{"slug":"mtatsminda-160","parent_slug":"mtatsminda","parent_name_en":"Mtatsminda","parent_name_ka":"მთაწმინდის რაიონი","parent_name_ru":"Мтацминда","index":160,"color_index":5,"name_en":"Mtatsminda 160"},"geometry":{"type":"Polygon","coordinates":[[[44.77361,41.67883],[44.78116,41.67883],[44.78116,41.68446],[44.77361,41.68446],[44.77361,41.67883]]]}},{"type":"Feature","properties":{"slug":"mtatsminda-161","parent_slug":"mtatsminda","parent_name_en":"Mtatsminda","parent_name_ka":"მთაწმინდის რაიონი","parent_name_ru":"Мтацминда","index":161,"color_index":5,"name_en":"Mtatsminda 161"},"geometry":{"type":"Polygon","coordinates":[[[44.73587,41.68446],[44.74342,41.68446],[44.74342,41.69009],[44.73587,41.69009],[44.73587,41.68446]]]}},{"type":"Feature","properties":{"slug":"mtatsminda-162","parent_slug":"mtatsminda","parent_name_en":"Mtatsminda","parent_name_ka":"მთაწმინდის რაიონი","parent_name_ru":"Мтацминда","index":162,"color_index":5,"name_en":"Mtatsminda 162"},"geometry":{"type":"Polygon","coordinates":[[[44.74342,41.68446],[44.75097,41.68446],[44.75097,41.69009],[44.74342,41.69009],[44.74342,41.68446]]]}},{"type":"Feature","properties":{"slug":"mtatsminda-163","parent_slug":"mtatsminda","parent_name_en":"Mtatsminda","parent_name_ka":"მთაწმინდის რაიონი","parent_name_ru":"Мтацминда","index":163,"color_index":5,"name_en":"Mtatsminda 163"},"geometry":{"type":"Polygon","coordinates":[[[44.75097,41.68446],[44.75851,41.68446],[44.75851,41.69009],[44.75097,41.69009],[44.75097,41.68446]]]}},{"type":"Feature","properties":{"slug":"mtatsminda-164","parent_slug":"mtatsminda","parent_name_en":"Mtatsminda","parent_name_ka":"მთაწმინდის რაიონი","parent_name_ru":"Мтацминда","index":164,"color_index":5,"name_en":"Mtatsminda 164"},"geometry":{"type":"Polygon","coordinates":[[[44.75851,41.68446],[44.76606,41.68446],[44.76606,41.69009],[44.75851,41.69009],[44.75851,41.68446]]]}},{"type":"Feature","properties":{"slug":"mtatsminda-165","parent_slug":"mtatsminda","parent_name_en":"Mtatsminda","parent_name_ka":"მთაწმინდის რაიონი","parent_name_ru":"Мтацминда","index":165,"color_index":5,"name_en":"Mtatsminda 165"},"geometry":{"type":"Polygon","coordinates":[[[44.76606,41.68446],[44.77361,41.68446],[44.77361,41.69009],[44.76606,41.69009],[44.76606,41.68446]]]}},{"type":"Feature","properties":{"slug":"mtatsminda-166","parent_slug":"mtatsminda","parent_name_en":"Mtatsminda","parent_name_ka":"მთაწმინდის რაიონი","parent_name_ru":"Мтацминда","index":166,"color_index":5,"name_en":"Mtatsminda 166"},"geometry":{"type":"Polygon","coordinates":[[[44.77361,41.68446],[44.78116,41.68446],[44.78116,41.69009],[44.77361,41.69009],[44.77361,41.68446]]]}},{"type":"Feature","properties":{"slug":"mtatsminda-167","parent_slug":"mtatsminda","parent_name_en":"Mtatsminda","parent_name_ka":"მთაწმინდის რაიონი","parent_name_ru":"Мтацминда","index":167,"color_index":5,"name_en":"Mtatsminda 167"},"geometry":{"type":"Polygon","coordinates":[[[44.78116,41.68446],[44.78871,41.68446],[44.78871,41.69009],[44.78116,41.69009],[44.78116,41.68446]]]}},{"type":"Feature","properties":{"slug":"mtatsminda-168","parent_slug":"mtatsminda","parent_name_en":"Mtatsminda","parent_name_ka":"მთაწმინდის რაიონი","parent_name_ru":"Мтацминда","index":168,"color_index":5,"name_en":"Mtatsminda 168"},"geometry":{"type":"Polygon","coordinates":[[[44.78871,41.68446],[44.79626,41.68446],[44.79626,41.69009],[44.78871,41.69009],[44.78871,41.68446]]]}},{"type":"Feature","properties":{"slug":"mtatsminda-169","parent_slug":"mtatsminda","parent_name_en":"Mtatsminda","parent_name_ka":"მთაწმინდის რაიონი","parent_name_ru":"Мтацминда","index":169,"color_index":5,"name_en":"Mtatsminda 169"},"geometry":{"type":"Polygon","coordinates":[[[44.74342,41.69009],[44.75097,41.69009],[44.75097,41.69572],[44.74342,41.69572],[44.74342,41.69009]]]}},{"type":"Feature","properties":{"slug":"mtatsminda-17","parent_slug":"mtatsminda","parent_name_en":"Mtatsminda","parent_name_ka":"მთაწმინდის რაიონი","parent_name_ru":"Мтацминда","index":17,"color_index":5,"name_en":"Mtatsminda 17"},"geometry":{"type":"Polygon","coordinates":[[[44.66039,41.63941],[44.66793,41.63941],[44.66793,41.64505],[44.66039,41.64505],[44.66039,41.63941]]]}},{"type":"Feature","properties":{"slug":"mtatsminda-170","parent_slug":"mtatsminda","parent_name_en":"Mtatsminda","parent_name_ka":"მთაწმინდის რაიონი","parent_name_ru":"Мтацминда","index":170,"color_index":5,"name_en":"Mtatsminda 170"},"geometry":{"type":"Polygon","coordinates":[[[44.75097,41.69009],[44.75851,41.69009],[44.75851,41.69572],[44.75097,41.69572],[44.75097,41.69009]]]}},{"type":"Feature","properties":{"slug":"mtatsminda-171","parent_slug":"mtatsminda","parent_name_en":"Mtatsminda","parent_name_ka":"მთაწმინდის რაიონი","parent_name_ru":"Мтацминда","index":171,"color_index":5,"name_en":"Mtatsminda 171"},"geometry":{"type":"Polygon","coordinates":[[[44.75851,41.69009],[44.76606,41.69009],[44.76606,41.69572],[44.75851,41.69572],[44.75851,41.69009]]]}},{"type":"Feature","properties":{"slug":"mtatsminda-172","parent_slug":"mtatsminda","parent_name_en":"Mtatsminda","parent_name_ka":"მთაწმინდის რაიონი","parent_name_ru":"Мтацминда","index":172,"color_index":5,"name_en":"Mtatsminda 172"},"geometry":{"type":"Polygon","coordinates":[[[44.76606,41.69009],[44.77361,41.69009],[44.77361,41.69572],[44.76606,41.69572],[44.76606,41.69009]]]}},{"type":"Feature","properties":{"slug":"mtatsminda-173","parent_slug":"mtatsminda","parent_name_en":"Mtatsminda","parent_name_ka":"მთაწმინდის რაიონი","parent_name_ru":"Мтацминда","index":173,"color_index":5,"name_en":"Mtatsminda 173"},"geometry":{"type":"Polygon","coordinates":[[[44.77361,41.69009],[44.78116,41.69009],[44.78116,41.69572],[44.77361,41.69572],[44.77361,41.69009]]]}},{"type":"Feature","properties":{"slug":"mtatsminda-174","parent_slug":"mtatsminda","parent_name_en":"Mtatsminda","parent_name_ka":"მთაწმინდის რაიონი","parent_name_ru":"Мтацминда","index":174,"color_index":5,"name_en":"Mtatsminda 174"},"geometry":{"type":"Polygon","coordinates":[[[44.78116,41.69009],[44.78871,41.69009],[44.78871,41.69572],[44.78116,41.69572],[44.78116,41.69009]]]}},{"type":"Feature","properties":{"slug":"mtatsminda-175","parent_slug":"mtatsminda","parent_name_en":"Mtatsminda","parent_name_ka":"მთაწმინდის რაიონი","parent_name_ru":"Мтацминда","index":175,"color_index":5,"name_en":"Mtatsminda 175"},"geometry":{"type":"Polygon","coordinates":[[[44.78871,41.69009],[44.79626,41.69009],[44.79626,41.69572],[44.78871,41.69572],[44.78871,41.69009]]]}},{"type":"Feature","properties":{"slug":"mtatsminda-176","parent_slug":"mtatsminda","parent_name_en":"Mtatsminda","parent_name_ka":"მთაწმინდის რაიონი","parent_name_ru":"Мтацминда","index":176,"color_index":5,"name_en":"Mtatsminda 176"},"geometry":{"type":"Polygon","coordinates":[[[44.79626,41.69009],[44.8038,41.69009],[44.8038,41.69572],[44.79626,41.69572],[44.79626,41.69009]]]}},{"type":"Feature","properties":{"slug":"mtatsminda-177","parent_slug":"mtatsminda","parent_name_en":"Mtatsminda","parent_name_ka":"მთაწმინდის რაიონი","parent_name_ru":"Мтацминда","index":177,"color_index":5,"name_en":"Mtatsminda 177"},"geometry":{"type":"Polygon","coordinates":[[[44.75851,41.69572],[44.76606,41.69572],[44.76606,41.70135],[44.75851,41.70135],[44.75851,41.69572]]]}},{"type":"Feature","properties":{"slug":"mtatsminda-178","parent_slug":"mtatsminda","parent_name_en":"Mtatsminda","parent_name_ka":"მთაწმინდის რაიონი","parent_name_ru":"Мтацминда","index":178,"color_index":5,"name_en":"Mtatsminda 178"},"geometry":{"type":"Polygon","coordinates":[[[44.76606,41.69572],[44.77361,41.69572],[44.77361,41.70135],[44.76606,41.70135],[44.76606,41.69572]]]}},{"type":"Feature","properties":{"slug":"mtatsminda-179","parent_slug":"mtatsminda","parent_name_en":"Mtatsminda","parent_name_ka":"მთაწმინდის რაიონი","parent_name_ru":"Мтацминда","index":179,"color_index":5,"name_en":"Mtatsminda 179"},"geometry":{"type":"Polygon","coordinates":[[[44.77361,41.69572],[44.78116,41.69572],[44.78116,41.70135],[44.77361,41.70135],[44.77361,41.69572]]]}},{"type":"Feature","properties":{"slug":"mtatsminda-18","parent_slug":"mtatsminda","parent_name_en":"Mtatsminda","parent_name_ka":"მთაწმინდის რაიონი","parent_name_ru":"Мтацминда","index":18,"color_index":5,"name_en":"Mtatsminda 18"},"geometry":{"type":"Polygon","coordinates":[[[44.67548,41.63941],[44.68303,41.63941],[44.68303,41.64505],[44.67548,41.64505],[44.67548,41.63941]]]}},{"type":"Feature","properties":{"slug":"mtatsminda-180","parent_slug":"mtatsminda","parent_name_en":"Mtatsminda","parent_name_ka":"მთაწმინდის რაიონი","parent_name_ru":"Мтацминда","index":180,"color_index":5,"name_en":"Mtatsminda 180"},"geometry":{"type":"Polygon","coordinates":[[[44.78116,41.69572],[44.78871,41.69572],[44.78871,41.70135],[44.78116,41.70135],[44.78116,41.69572]]]}},{"type":"Feature","properties":{"slug":"mtatsminda-181","parent_slug":"mtatsminda","parent_name_en":"Mtatsminda","parent_name_ka":"მთაწმინდის რაიონი","parent_name_ru":"Мтацминда","index":181,"color_index":5,"name_en":"Mtatsminda 181"},"geometry":{"type":"Polygon","coordinates":[[[44.78871,41.69572],[44.79626,41.69572],[44.79626,41.70135],[44.78871,41.70135],[44.78871,41.69572]]]}},{"type":"Feature","properties":{"slug":"mtatsminda-182","parent_slug":"mtatsminda","parent_name_en":"Mtatsminda","parent_name_ka":"მთაწმინდის რაიონი","parent_name_ru":"Мтацминда","index":182,"color_index":5,"name_en":"Mtatsminda 182"},"geometry":{"type":"Polygon","coordinates":[[[44.79626,41.69572],[44.8038,41.69572],[44.8038,41.70135],[44.79626,41.70135],[44.79626,41.69572]]]}},{"type":"Feature","properties":{"slug":"mtatsminda-183","parent_slug":"mtatsminda","parent_name_en":"Mtatsminda","parent_name_ka":"მთაწმინდის რაიონი","parent_name_ru":"Мтацминда","index":183,"color_index":5,"name_en":"Mtatsminda 183"},"geometry":{"type":"Polygon","coordinates":[[[44.8038,41.69572],[44.81135,41.69572],[44.81135,41.70135],[44.8038,41.70135],[44.8038,41.69572]]]}},{"type":"Feature","properties":{"slug":"mtatsminda-184","parent_slug":"mtatsminda","parent_name_en":"Mtatsminda","parent_name_ka":"მთაწმინდის რაიონი","parent_name_ru":"Мтацминда","index":184,"color_index":5,"name_en":"Mtatsminda 184"},"geometry":{"type":"Polygon","coordinates":[[[44.77361,41.70135],[44.78116,41.70135],[44.78116,41.70698],[44.77361,41.70698],[44.77361,41.70135]]]}},{"type":"Feature","properties":{"slug":"mtatsminda-185","parent_slug":"mtatsminda","parent_name_en":"Mtatsminda","parent_name_ka":"მთაწმინდის რაიონი","parent_name_ru":"Мтацминда","index":185,"color_index":5,"name_en":"Mtatsminda 185"},"geometry":{"type":"Polygon","coordinates":[[[44.78116,41.70135],[44.78871,41.70135],[44.78871,41.70698],[44.78116,41.70698],[44.78116,41.70135]]]}},{"type":"Feature","properties":{"slug":"mtatsminda-186","parent_slug":"mtatsminda","parent_name_en":"Mtatsminda","parent_name_ka":"მთაწმინდის რაიონი","parent_name_ru":"Мтацминда","index":186,"color_index":5,"name_en":"Mtatsminda 186"},"geometry":{"type":"Polygon","coordinates":[[[44.78871,41.70135],[44.79626,41.70135],[44.79626,41.70698],[44.78871,41.70698],[44.78871,41.70135]]]}},{"type":"Feature","properties":{"slug":"mtatsminda-187","parent_slug":"mtatsminda","parent_name_en":"Mtatsminda","parent_name_ka":"მთაწმინდის რაიონი","parent_name_ru":"Мтацминда","index":187,"color_index":5,"name_en":"Mtatsminda 187"},"geometry":{"type":"Polygon","coordinates":[[[44.78116,41.70698],[44.78871,41.70698],[44.78871,41.71261],[44.78116,41.71261],[44.78116,41.70698]]]}},{"type":"Feature","properties":{"slug":"mtatsminda-188","parent_slug":"mtatsminda","parent_name_en":"Mtatsminda","parent_name_ka":"მთაწმინდის რაიონი","parent_name_ru":"Мтацминда","index":188,"color_index":5,"name_en":"Mtatsminda 188"},"geometry":{"type":"Polygon","coordinates":[[[44.78116,41.71261],[44.78871,41.71261],[44.78871,41.71824],[44.78116,41.71824],[44.78116,41.71261]]]}},{"type":"Feature","properties":{"slug":"mtatsminda-19","parent_slug":"mtatsminda","parent_name_en":"Mtatsminda","parent_name_ka":"მთაწმინდის რაიონი","parent_name_ru":"Мтацминда","index":19,"color_index":5,"name_en":"Mtatsminda 19"},"geometry":{"type":"Polygon","coordinates":[[[44.68303,41.63941],[44.69058,41.63941],[44.69058,41.64505],[44.68303,41.64505],[44.68303,41.63941]]]}},{"type":"Feature","properties":{"slug":"mtatsminda-2","parent_slug":"mtatsminda","parent_name_en":"Mtatsminda","parent_name_ka":"მთაწმინდის რაიონი","parent_name_ru":"Мтацминда","index":2,"color_index":5,"name_en":"Mtatsminda 2"},"geometry":{"type":"Polygon","coordinates":[[[44.78871,41.62815],[44.79626,41.62815],[44.79626,41.63378],[44.78871,41.63378],[44.78871,41.62815]]]}},{"type":"Feature","properties":{"slug":"mtatsminda-20","parent_slug":"mtatsminda","parent_name_en":"Mtatsminda","parent_name_ka":"მთაწმინდის რაიონი","parent_name_ru":"Мтацминда","index":20,"color_index":5,"name_en":"Mtatsminda 20"},"geometry":{"type":"Polygon","coordinates":[[[44.70568,41.63941],[44.71322,41.63941],[44.71322,41.64505],[44.70568,41.64505],[44.70568,41.63941]]]}},{"type":"Feature","properties":{"slug":"mtatsminda-21","parent_slug":"mtatsminda","parent_name_en":"Mtatsminda","parent_name_ka":"მთაწმინდის რაიონი","parent_name_ru":"Мтацминда","index":21,"color_index":5,"name_en":"Mtatsminda 21"},"geometry":{"type":"Polygon","coordinates":[[[44.71322,41.63941],[44.72077,41.63941],[44.72077,41.64505],[44.71322,41.64505],[44.71322,41.63941]]]}},{"type":"Feature","properties":{"slug":"mtatsminda-22","parent_slug":"mtatsminda","parent_name_en":"Mtatsminda","parent_name_ka":"მთაწმინდის რაიონი","parent_name_ru":"Мтацминда","index":22,"color_index":5,"name_en":"Mtatsminda 22"},"geometry":{"type":"Polygon","coordinates":[[[44.72077,41.63941],[44.72832,41.63941],[44.72832,41.64505],[44.72077,41.64505],[44.72077,41.63941]]]}},{"type":"Feature","properties":{"slug":"mtatsminda-23","parent_slug":"mtatsminda","parent_name_en":"Mtatsminda","parent_name_ka":"მთაწმინდის რაიონი","parent_name_ru":"Мтацминда","index":23,"color_index":5,"name_en":"Mtatsminda 23"},"geometry":{"type":"Polygon","coordinates":[[[44.72832,41.63941],[44.73587,41.63941],[44.73587,41.64505],[44.72832,41.64505],[44.72832,41.63941]]]}},{"type":"Feature","properties":{"slug":"mtatsminda-24","parent_slug":"mtatsminda","parent_name_en":"Mtatsminda","parent_name_ka":"მთაწმინდის რაიონი","parent_name_ru":"Мтацминда","index":24,"color_index":5,"name_en":"Mtatsminda 24"},"geometry":{"type":"Polygon","coordinates":[[[44.73587,41.63941],[44.74342,41.63941],[44.74342,41.64505],[44.73587,41.64505],[44.73587,41.63941]]]}},{"type":"Feature","properties":{"slug":"mtatsminda-25","parent_slug":"mtatsminda","parent_name_en":"Mtatsminda","parent_name_ka":"მთაწმინდის რაიონი","parent_name_ru":"Мтацминда","index":25,"color_index":5,"name_en":"Mtatsminda 25"},"geometry":{"type":"Polygon","coordinates":[[[44.74342,41.63941],[44.75097,41.63941],[44.75097,41.64505],[44.74342,41.64505],[44.74342,41.63941]]]}},{"type":"Feature","properties":{"slug":"mtatsminda-26","parent_slug":"mtatsminda","parent_name_en":"Mtatsminda","parent_name_ka":"მთაწმინდის რაიონი","parent_name_ru":"Мтацминда","index":26,"color_index":5,"name_en":"Mtatsminda 26"},"geometry":{"type":"Polygon","coordinates":[[[44.75097,41.63941],[44.75851,41.63941],[44.75851,41.64505],[44.75097,41.64505],[44.75097,41.63941]]]}},{"type":"Feature","properties":{"slug":"mtatsminda-27","parent_slug":"mtatsminda","parent_name_en":"Mtatsminda","parent_name_ka":"მთაწმინდის რაიონი","parent_name_ru":"Мтацминда","index":27,"color_index":5,"name_en":"Mtatsminda 27"},"geometry":{"type":"Polygon","coordinates":[[[44.75851,41.63941],[44.76606,41.63941],[44.76606,41.64505],[44.75851,41.64505],[44.75851,41.63941]]]}},{"type":"Feature","properties":{"slug":"mtatsminda-28","parent_slug":"mtatsminda","parent_name_en":"Mtatsminda","parent_name_ka":"მთაწმინდის რაიონი","parent_name_ru":"Мтацминда","index":28,"color_index":5,"name_en":"Mtatsminda 28"},"geometry":{"type":"Polygon","coordinates":[[[44.76606,41.63941],[44.77361,41.63941],[44.77361,41.64505],[44.76606,41.64505],[44.76606,41.63941]]]}},{"type":"Feature","properties":{"slug":"mtatsminda-29","parent_slug":"mtatsminda","parent_name_en":"Mtatsminda","parent_name_ka":"მთაწმინდის რაიონი","parent_name_ru":"Мтацминда","index":29,"color_index":5,"name_en":"Mtatsminda 29"},"geometry":{"type":"Polygon","coordinates":[[[44.77361,41.63941],[44.78116,41.63941],[44.78116,41.64505],[44.77361,41.64505],[44.77361,41.63941]]]}},{"type":"Feature","properties":{"slug":"mtatsminda-3","parent_slug":"mtatsminda","parent_name_en":"Mtatsminda","parent_name_ka":"მთაწმინდის რაიონი","parent_name_ru":"Мтацминда","index":3,"color_index":5,"name_en":"Mtatsminda 3"},"geometry":{"type":"Polygon","coordinates":[[[44.79626,41.62815],[44.8038,41.62815],[44.8038,41.63378],[44.79626,41.63378],[44.79626,41.62815]]]}},{"type":"Feature","properties":{"slug":"mtatsminda-30","parent_slug":"mtatsminda","parent_name_en":"Mtatsminda","parent_name_ka":"მთაწმინდის რაიონი","parent_name_ru":"Мтацминда","index":30,"color_index":5,"name_en":"Mtatsminda 30"},"geometry":{"type":"Polygon","coordinates":[[[44.78116,41.63941],[44.78871,41.63941],[44.78871,41.64505],[44.78116,41.64505],[44.78116,41.63941]]]}},{"type":"Feature","properties":{"slug":"mtatsminda-31","parent_slug":"mtatsminda","parent_name_en":"Mtatsminda","parent_name_ka":"მთაწმინდის რაიონი","parent_name_ru":"Мтацминда","index":31,"color_index":5,"name_en":"Mtatsminda 31"},"geometry":{"type":"Polygon","coordinates":[[[44.78871,41.63941],[44.79626,41.63941],[44.79626,41.64505],[44.78871,41.64505],[44.78871,41.63941]]]}},{"type":"Feature","properties":{"slug":"mtatsminda-32","parent_slug":"mtatsminda","parent_name_en":"Mtatsminda","parent_name_ka":"მთაწმინდის რაიონი","parent_name_ru":"Мтацминда","index":32,"color_index":5,"name_en":"Mtatsminda 32"},"geometry":{"type":"Polygon","coordinates":[[[44.79626,41.63941],[44.8038,41.63941],[44.8038,41.64505],[44.79626,41.64505],[44.79626,41.63941]]]}},{"type":"Feature","properties":{"slug":"mtatsminda-33","parent_slug":"mtatsminda","parent_name_en":"Mtatsminda","parent_name_ka":"მთაწმინდის რაიონი","parent_name_ru":"Мтацминда","index":33,"color_index":5,"name_en":"Mtatsminda 33"},"geometry":{"type":"Polygon","coordinates":[[[44.63019,41.64505],[44.63774,41.64505],[44.63774,41.65068],[44.63019,41.65068],[44.63019,41.64505]]]}},{"type":"Feature","properties":{"slug":"mtatsminda-34","parent_slug":"mtatsminda","parent_name_en":"Mtatsminda","parent_name_ka":"მთაწმინდის რაიონი","parent_name_ru":"Мтацминда","index":34,"color_index":5,"name_en":"Mtatsminda 34"},"geometry":{"type":"Polygon","coordinates":[[[44.63774,41.64505],[44.64529,41.64505],[44.64529,41.65068],[44.63774,41.65068],[44.63774,41.64505]]]}},{"type":"Feature","properties":{"slug":"mtatsminda-35","parent_slug":"mtatsminda","parent_name_en":"Mtatsminda","parent_name_ka":"მთაწმინდის რაიონი","parent_name_ru":"Мтацминда","index":35,"color_index":5,"name_en":"Mtatsminda 35"},"geometry":{"type":"Polygon","coordinates":[[[44.64529,41.64505],[44.65284,41.64505],[44.65284,41.65068],[44.64529,41.65068],[44.64529,41.64505]]]}},{"type":"Feature","properties":{"slug":"mtatsminda-36","parent_slug":"mtatsminda","parent_name_en":"Mtatsminda","parent_name_ka":"მთაწმინდის რაიონი","parent_name_ru":"Мтацминда","index":36,"color_index":5,"name_en":"Mtatsminda 36"},"geometry":{"type":"Polygon","coordinates":[[[44.65284,41.64505],[44.66039,41.64505],[44.66039,41.65068],[44.65284,41.65068],[44.65284,41.64505]]]}},{"type":"Feature","properties":{"slug":"mtatsminda-37","parent_slug":"mtatsminda","parent_name_en":"Mtatsminda","parent_name_ka":"მთაწმინდის რაიონი","parent_name_ru":"Мтацминда","index":37,"color_index":5,"name_en":"Mtatsminda 37"},"geometry":{"type":"Polygon","coordinates":[[[44.66039,41.64505],[44.66793,41.64505],[44.66793,41.65068],[44.66039,41.65068],[44.66039,41.64505]]]}},{"type":"Feature","properties":{"slug":"mtatsminda-38","parent_slug":"mtatsminda","parent_name_en":"Mtatsminda","parent_name_ka":"მთაწმინდის რაიონი","parent_name_ru":"Мтацминда","index":38,"color_index":5,"name_en":"Mtatsminda 38"},"geometry":{"type":"Polygon","coordinates":[[[44.66793,41.64505],[44.67548,41.64505],[44.67548,41.65068],[44.66793,41.65068],[44.66793,41.64505]]]}},{"type":"Feature","properties":{"slug":"mtatsminda-39","parent_slug":"mtatsminda","parent_name_en":"Mtatsminda","parent_name_ka":"მთაწმინდის რაიონი","parent_name_ru":"Мтацминда","index":39,"color_index":5,"name_en":"Mtatsminda 39"},"geometry":{"type":"Polygon","coordinates":[[[44.67548,41.64505],[44.68303,41.64505],[44.68303,41.65068],[44.67548,41.65068],[44.67548,41.64505]]]}},{"type":"Feature","properties":{"slug":"mtatsminda-4","parent_slug":"mtatsminda","parent_name_en":"Mtatsminda","parent_name_ka":"მთაწმინდის რაიონი","parent_name_ru":"Мтацминда","index":4,"color_index":5,"name_en":"Mtatsminda 4"},"geometry":{"type":"Polygon","coordinates":[[[44.63774,41.63378],[44.64529,41.63378],[44.64529,41.63941],[44.63774,41.63941],[44.63774,41.63378]]]}},{"type":"Feature","properties":{"slug":"mtatsminda-40","parent_slug":"mtatsminda","parent_name_en":"Mtatsminda","parent_name_ka":"მთაწმინდის რაიონი","parent_name_ru":"Мтацминда","index":40,"color_index":5,"name_en":"Mtatsminda 40"},"geometry":{"type":"Polygon","coordinates":[[[44.68303,41.64505],[44.69058,41.64505],[44.69058,41.65068],[44.68303,41.65068],[44.68303,41.64505]]]}},{"type":"Feature","properties":{"slug":"mtatsminda-41","parent_slug":"mtatsminda","parent_name_en":"Mtatsminda","parent_name_ka":"მთაწმინდის რაიონი","parent_name_ru":"Мтацминда","index":41,"color_index":5,"name_en":"Mtatsminda 41"},"geometry":{"type":"Polygon","coordinates":[[[44.69058,41.64505],[44.69813,41.64505],[44.69813,41.65068],[44.69058,41.65068],[44.69058,41.64505]]]}},{"type":"Feature","properties":{"slug":"mtatsminda-42","parent_slug":"mtatsminda","parent_name_en":"Mtatsminda","parent_name_ka":"მთაწმინდის რაიონი","parent_name_ru":"Мтацминда","index":42,"color_index":5,"name_en":"Mtatsminda 42"},"geometry":{"type":"Polygon","coordinates":[[[44.69813,41.64505],[44.70568,41.64505],[44.70568,41.65068],[44.69813,41.65068],[44.69813,41.64505]]]}},{"type":"Feature","properties":{"slug":"mtatsminda-43","parent_slug":"mtatsminda","parent_name_en":"Mtatsminda","parent_name_ka":"მთაწმინდის რაიონი","parent_name_ru":"Мтацминда","index":43,"color_index":5,"name_en":"Mtatsminda 43"},"geometry":{"type":"Polygon","coordinates":[[[44.70568,41.64505],[44.71322,41.64505],[44.71322,41.65068],[44.70568,41.65068],[44.70568,41.64505]]]}},{"type":"Feature","properties":{"slug":"mtatsminda-44","parent_slug":"mtatsminda","parent_name_en":"Mtatsminda","parent_name_ka":"მთაწმინდის რაიონი","parent_name_ru":"Мтацминда","index":44,"color_index":5,"name_en":"Mtatsminda 44"},"geometry":{"type":"Polygon","coordinates":[[[44.71322,41.64505],[44.72077,41.64505],[44.72077,41.65068],[44.71322,41.65068],[44.71322,41.64505]]]}},{"type":"Feature","properties":{"slug":"mtatsminda-45","parent_slug":"mtatsminda","parent_name_en":"Mtatsminda","parent_name_ka":"მთაწმინდის რაიონი","parent_name_ru":"Мтацминда","index":45,"color_index":5,"name_en":"Mtatsminda 45"},"geometry":{"type":"Polygon","coordinates":[[[44.72077,41.64505],[44.72832,41.64505],[44.72832,41.65068],[44.72077,41.65068],[44.72077,41.64505]]]}},{"type":"Feature","properties":{"slug":"mtatsminda-46","parent_slug":"mtatsminda","parent_name_en":"Mtatsminda","parent_name_ka":"მთაწმინდის რაიონი","parent_name_ru":"Мтацминда","index":46,"color_index":5,"name_en":"Mtatsminda 46"},"geometry":{"type":"Polygon","coordinates":[[[44.72832,41.64505],[44.73587,41.64505],[44.73587,41.65068],[44.72832,41.65068],[44.72832,41.64505]]]}},{"type":"Feature","properties":{"slug":"mtatsminda-47","parent_slug":"mtatsminda","parent_name_en":"Mtatsminda","parent_name_ka":"მთაწმინდის რაიონი","parent_name_ru":"Мтацминда","index":47,"color_index":5,"name_en":"Mtatsminda 47"},"geometry":{"type":"Polygon","coordinates":[[[44.73587,41.64505],[44.74342,41.64505],[44.74342,41.65068],[44.73587,41.65068],[44.73587,41.64505]]]}},{"type":"Feature","properties":{"slug":"mtatsminda-48","parent_slug":"mtatsminda","parent_name_en":"Mtatsminda","parent_name_ka":"მთაწმინდის რაიონი","parent_name_ru":"Мтацминда","index":48,"color_index":5,"name_en":"Mtatsminda 48"},"geometry":{"type":"Polygon","coordinates":[[[44.74342,41.64505],[44.75097,41.64505],[44.75097,41.65068],[44.74342,41.65068],[44.74342,41.64505]]]}},{"type":"Feature","properties":{"slug":"mtatsminda-49","parent_slug":"mtatsminda","parent_name_en":"Mtatsminda","parent_name_ka":"მთაწმინდის რაიონი","parent_name_ru":"Мтацминда","index":49,"color_index":5,"name_en":"Mtatsminda 49"},"geometry":{"type":"Polygon","coordinates":[[[44.75097,41.64505],[44.75851,41.64505],[44.75851,41.65068],[44.75097,41.65068],[44.75097,41.64505]]]}},{"type":"Feature","properties":{"slug":"mtatsminda-5","parent_slug":"mtatsminda","parent_name_en":"Mtatsminda","parent_name_ka":"მთაწმინდის რაიონი","parent_name_ru":"Мтацминда","index":5,"color_index":5,"name_en":"Mtatsminda 5"},"geometry":{"type":"Polygon","coordinates":[[[44.74342,41.63378],[44.75097,41.63378],[44.75097,41.63941],[44.74342,41.63941],[44.74342,41.63378]]]}},{"type":"Feature","properties":{"slug":"mtatsminda-50","parent_slug":"mtatsminda","parent_name_en":"Mtatsminda","parent_name_ka":"მთაწმინდის რაიონი","parent_name_ru":"Мтацминда","index":50,"color_index":5,"name_en":"Mtatsminda 50"},"geometry":{"type":"Polygon","coordinates":[[[44.75851,41.64505],[44.76606,41.64505],[44.76606,41.65068],[44.75851,41.65068],[44.75851,41.64505]]]}},{"type":"Feature","properties":{"slug":"mtatsminda-51","parent_slug":"mtatsminda","parent_name_en":"Mtatsminda","parent_name_ka":"მთაწმინდის რაიონი","parent_name_ru":"Мтацминда","index":51,"color_index":5,"name_en":"Mtatsminda 51"},"geometry":{"type":"Polygon","coordinates":[[[44.76606,41.64505],[44.77361,41.64505],[44.77361,41.65068],[44.76606,41.65068],[44.76606,41.64505]]]}},{"type":"Feature","properties":{"slug":"mtatsminda-52","parent_slug":"mtatsminda","parent_name_en":"Mtatsminda","parent_name_ka":"მთაწმინდის რაიონი","parent_name_ru":"Мтацминда","index":52,"color_index":5,"name_en":"Mtatsminda 52"},"geometry":{"type":"Polygon","coordinates":[[[44.77361,41.64505],[44.78116,41.64505],[44.78116,41.65068],[44.77361,41.65068],[44.77361,41.64505]]]}},{"type":"Feature","properties":{"slug":"mtatsminda-53","parent_slug":"mtatsminda","parent_name_en":"Mtatsminda","parent_name_ka":"მთაწმინდის რაიონი","parent_name_ru":"Мтацминда","index":53,"color_index":5,"name_en":"Mtatsminda 53"},"geometry":{"type":"Polygon","coordinates":[[[44.78116,41.64505],[44.78871,41.64505],[44.78871,41.65068],[44.78116,41.65068],[44.78116,41.64505]]]}},{"type":"Feature","properties":{"slug":"mtatsminda-54","parent_slug":"mtatsminda","parent_name_en":"Mtatsminda","parent_name_ka":"მთაწმინდის რაიონი","parent_name_ru":"Мтацминда","index":54,"color_index":5,"name_en":"Mtatsminda 54"},"geometry":{"type":"Polygon","coordinates":[[[44.78871,41.64505],[44.79626,41.64505],[44.79626,41.65068],[44.78871,41.65068],[44.78871,41.64505]]]}},{"type":"Feature","properties":{"slug":"mtatsminda-55","parent_slug":"mtatsminda","parent_name_en":"Mtatsminda","parent_name_ka":"მთაწმინდის რაიონი","parent_name_ru":"Мтацминда","index":55,"color_index":5,"name_en":"Mtatsminda 55"},"geometry":{"type":"Polygon","coordinates":[[[44.62264,41.65068],[44.63019,41.65068],[44.63019,41.65631],[44.62264,41.65631],[44.62264,41.65068]]]}},{"type":"Feature","properties":{"slug":"mtatsminda-56","parent_slug":"mtatsminda","parent_name_en":"Mtatsminda","parent_name_ka":"მთაწმინდის რაიონი","parent_name_ru":"Мтацминда","index":56,"color_index":5,"name_en":"Mtatsminda 56"},"geometry":{"type":"Polygon","coordinates":[[[44.63019,41.65068],[44.63774,41.65068],[44.63774,41.65631],[44.63019,41.65631],[44.63019,41.65068]]]}},{"type":"Feature","properties":{"slug":"mtatsminda-57","parent_slug":"mtatsminda","parent_name_en":"Mtatsminda","parent_name_ka":"მთაწმინდის რაიონი","parent_name_ru":"Мтацминда","index":57,"color_index":5,"name_en":"Mtatsminda 57"},"geometry":{"type":"Polygon","coordinates":[[[44.63774,41.65068],[44.64529,41.65068],[44.64529,41.65631],[44.63774,41.65631],[44.63774,41.65068]]]}},{"type":"Feature","properties":{"slug":"mtatsminda-58","parent_slug":"mtatsminda","parent_name_en":"Mtatsminda","parent_name_ka":"მთაწმინდის რაიონი","parent_name_ru":"Мтацминда","index":58,"color_index":5,"name_en":"Mtatsminda 58"},"geometry":{"type":"Polygon","coordinates":[[[44.64529,41.65068],[44.65284,41.65068],[44.65284,41.65631],[44.64529,41.65631],[44.64529,41.65068]]]}},{"type":"Feature","properties":{"slug":"mtatsminda-59","parent_slug":"mtatsminda","parent_name_en":"Mtatsminda","parent_name_ka":"მთაწმინდის რაიონი","parent_name_ru":"Мтацминда","index":59,"color_index":5,"name_en":"Mtatsminda 59"},"geometry":{"type":"Polygon","coordinates":[[[44.65284,41.65068],[44.66039,41.65068],[44.66039,41.65631],[44.65284,41.65631],[44.65284,41.65068]]]}},{"type":"Feature","properties":{"slug":"mtatsminda-6","parent_slug":"mtatsminda","parent_name_en":"Mtatsminda","parent_name_ka":"მთაწმინდის რაიონი","parent_name_ru":"Мтацминда","index":6,"color_index":5,"name_en":"Mtatsminda 6"},"geometry":{"type":"Polygon","coordinates":[[[44.75097,41.63378],[44.75851,41.63378],[44.75851,41.63941],[44.75097,41.63941],[44.75097,41.63378]]]}},{"type":"Feature","properties":{"slug":"mtatsminda-60","parent_slug":"mtatsminda","parent_name_en":"Mtatsminda","parent_name_ka":"მთაწმინდის რაიონი","parent_name_ru":"Мтацминда","index":60,"color_index":5,"name_en":"Mtatsminda 60"},"geometry":{"type":"Polygon","coordinates":[[[44.66039,41.65068],[44.66793,41.65068],[44.66793,41.65631],[44.66039,41.65631],[44.66039,41.65068]]]}},{"type":"Feature","properties":{"slug":"mtatsminda-61","parent_slug":"mtatsminda","parent_name_en":"Mtatsminda","parent_name_ka":"მთაწმინდის რაიონი","parent_name_ru":"Мтацминда","index":61,"color_index":5,"name_en":"Mtatsminda 61"},"geometry":{"type":"Polygon","coordinates":[[[44.66793,41.65068],[44.67548,41.65068],[44.67548,41.65631],[44.66793,41.65631],[44.66793,41.65068]]]}},{"type":"Feature","properties":{"slug":"mtatsminda-62","parent_slug":"mtatsminda","parent_name_en":"Mtatsminda","parent_name_ka":"მთაწმინდის რაიონი","parent_name_ru":"Мтацминда","index":62,"color_index":5,"name_en":"Mtatsminda 62"},"geometry":{"type":"Polygon","coordinates":[[[44.67548,41.65068],[44.68303,41.65068],[44.68303,41.65631],[44.67548,41.65631],[44.67548,41.65068]]]}},{"type":"Feature","properties":{"slug":"mtatsminda-63","parent_slug":"mtatsminda","parent_name_en":"Mtatsminda","parent_name_ka":"მთაწმინდის რაიონი","parent_name_ru":"Мтацминда","index":63,"color_index":5,"name_en":"Mtatsminda 63"},"geometry":{"type":"Polygon","coordinates":[[[44.68303,41.65068],[44.69058,41.65068],[44.69058,41.65631],[44.68303,41.65631],[44.68303,41.65068]]]}},{"type":"Feature","properties":{"slug":"mtatsminda-64","parent_slug":"mtatsminda","parent_name_en":"Mtatsminda","parent_name_ka":"მთაწმინდის რაიონი","parent_name_ru":"Мтацминда","index":64,"color_index":5,"name_en":"Mtatsminda 64"},"geometry":{"type":"Polygon","coordinates":[[[44.69058,41.65068],[44.69813,41.65068],[44.69813,41.65631],[44.69058,41.65631],[44.69058,41.65068]]]}},{"type":"Feature","properties":{"slug":"mtatsminda-65","parent_slug":"mtatsminda","parent_name_en":"Mtatsminda","parent_name_ka":"მთაწმინდის რაიონი","parent_name_ru":"Мтацминда","index":65,"color_index":5,"name_en":"Mtatsminda 65"},"geometry":{"type":"Polygon","coordinates":[[[44.69813,41.65068],[44.70568,41.65068],[44.70568,41.65631],[44.69813,41.65631],[44.69813,41.65068]]]}},{"type":"Feature","properties":{"slug":"mtatsminda-66","parent_slug":"mtatsminda","parent_name_en":"Mtatsminda","parent_name_ka":"მთაწმინდის რაიონი","parent_name_ru":"Мтацминда","index":66,"color_index":5,"name_en":"Mtatsminda 66"},"geometry":{"type":"Polygon","coordinates":[[[44.70568,41.65068],[44.71322,41.65068],[44.71322,41.65631],[44.70568,41.65631],[44.70568,41.65068]]]}},{"type":"Feature","properties":{"slug":"mtatsminda-67","parent_slug":"mtatsminda","parent_name_en":"Mtatsminda","parent_name_ka":"მთაწმინდის რაიონი","parent_name_ru":"Мтацминда","index":67,"color_index":5,"name_en":"Mtatsminda 67"},"geometry":{"type":"Polygon","coordinates":[[[44.71322,41.65068],[44.72077,41.65068],[44.72077,41.65631],[44.71322,41.65631],[44.71322,41.65068]]]}},{"type":"Feature","properties":{"slug":"mtatsminda-68","parent_slug":"mtatsminda","parent_name_en":"Mtatsminda","parent_name_ka":"მთაწმინდის რაიონი","parent_name_ru":"Мтацминда","index":68,"color_index":5,"name_en":"Mtatsminda 68"},"geometry":{"type":"Polygon","coordinates":[[[44.72077,41.65068],[44.72832,41.65068],[44.72832,41.65631],[44.72077,41.65631],[44.72077,41.65068]]]}},{"type":"Feature","properties":{"slug":"mtatsminda-69","parent_slug":"mtatsminda","parent_name_en":"Mtatsminda","parent_name_ka":"მთაწმინდის რაიონი","parent_name_ru":"Мтацминда","index":69,"color_index":5,"name_en":"Mtatsminda 69"},"geometry":{"type":"Polygon","coordinates":[[[44.72832,41.65068],[44.73587,41.65068],[44.73587,41.65631],[44.72832,41.65631],[44.72832,41.65068]]]}},{"type":"Feature","properties":{"slug":"mtatsminda-7","parent_slug":"mtatsminda","parent_name_en":"Mtatsminda","parent_name_ka":"მთაწმინდის რაიონი","parent_name_ru":"Мтацминда","index":7,"color_index":5,"name_en":"Mtatsminda 7"},"geometry":{"type":"Polygon","coordinates":[[[44.75851,41.63378],[44.76606,41.63378],[44.76606,41.63941],[44.75851,41.63941],[44.75851,41.63378]]]}},{"type":"Feature","properties":{"slug":"mtatsminda-70","parent_slug":"mtatsminda","parent_name_en":"Mtatsminda","parent_name_ka":"მთაწმინდის რაიონი","parent_name_ru":"Мтацминда","index":70,"color_index":5,"name_en":"Mtatsminda 70"},"geometry":{"type":"Polygon","coordinates":[[[44.73587,41.65068],[44.74342,41.65068],[44.74342,41.65631],[44.73587,41.65631],[44.73587,41.65068]]]}},{"type":"Feature","properties":{"slug":"mtatsminda-71","parent_slug":"mtatsminda","parent_name_en":"Mtatsminda","parent_name_ka":"მთაწმინდის რაიონი","parent_name_ru":"Мтацминда","index":71,"color_index":5,"name_en":"Mtatsminda 71"},"geometry":{"type":"Polygon","coordinates":[[[44.74342,41.65068],[44.75097,41.65068],[44.75097,41.65631],[44.74342,41.65631],[44.74342,41.65068]]]}},{"type":"Feature","properties":{"slug":"mtatsminda-72","parent_slug":"mtatsminda","parent_name_en":"Mtatsminda","parent_name_ka":"მთაწმინდის რაიონი","parent_name_ru":"Мтацминда","index":72,"color_index":5,"name_en":"Mtatsminda 72"},"geometry":{"type":"Polygon","coordinates":[[[44.75097,41.65068],[44.75851,41.65068],[44.75851,41.65631],[44.75097,41.65631],[44.75097,41.65068]]]}},{"type":"Feature","properties":{"slug":"mtatsminda-73","parent_slug":"mtatsminda","parent_name_en":"Mtatsminda","parent_name_ka":"მთაწმინდის რაიონი","parent_name_ru":"Мтацминда","index":73,"color_index":5,"name_en":"Mtatsminda 73"},"geometry":{"type":"Polygon","coordinates":[[[44.75851,41.65068],[44.76606,41.65068],[44.76606,41.65631],[44.75851,41.65631],[44.75851,41.65068]]]}},{"type":"Feature","properties":{"slug":"mtatsminda-74","parent_slug":"mtatsminda","parent_name_en":"Mtatsminda","parent_name_ka":"მთაწმინდის რაიონი","parent_name_ru":"Мтацминда","index":74,"color_index":5,"name_en":"Mtatsminda 74"},"geometry":{"type":"Polygon","coordinates":[[[44.76606,41.65068],[44.77361,41.65068],[44.77361,41.65631],[44.76606,41.65631],[44.76606,41.65068]]]}},{"type":"Feature","properties":{"slug":"mtatsminda-75","parent_slug":"mtatsminda","parent_name_en":"Mtatsminda","parent_name_ka":"მთაწმინდის რაიონი","parent_name_ru":"Мтацминда","index":75,"color_index":5,"name_en":"Mtatsminda 75"},"geometry":{"type":"Polygon","coordinates":[[[44.77361,41.65068],[44.78116,41.65068],[44.78116,41.65631],[44.77361,41.65631],[44.77361,41.65068]]]}},{"type":"Feature","properties":{"slug":"mtatsminda-76","parent_slug":"mtatsminda","parent_name_en":"Mtatsminda","parent_name_ka":"მთაწმინდის რაიონი","parent_name_ru":"Мтацминда","index":76,"color_index":5,"name_en":"Mtatsminda 76"},"geometry":{"type":"Polygon","coordinates":[[[44.78116,41.65068],[44.78871,41.65068],[44.78871,41.65631],[44.78116,41.65631],[44.78116,41.65068]]]}},{"type":"Feature","properties":{"slug":"mtatsminda-77","parent_slug":"mtatsminda","parent_name_en":"Mtatsminda","parent_name_ka":"მთაწმინდის რაიონი","parent_name_ru":"Мтацминда","index":77,"color_index":5,"name_en":"Mtatsminda 77"},"geometry":{"type":"Polygon","coordinates":[[[44.78871,41.65068],[44.79626,41.65068],[44.79626,41.65631],[44.78871,41.65631],[44.78871,41.65068]]]}},{"type":"Feature","properties":{"slug":"mtatsminda-78","parent_slug":"mtatsminda","parent_name_en":"Mtatsminda","parent_name_ka":"მთაწმინდის რაიონი","parent_name_ru":"Мтацминда","index":78,"color_index":5,"name_en":"Mtatsminda 78"},"geometry":{"type":"Polygon","coordinates":[[[44.62264,41.65631],[44.63019,41.65631],[44.63019,41.66194],[44.62264,41.66194],[44.62264,41.65631]]]}},{"type":"Feature","properties":{"slug":"mtatsminda-79","parent_slug":"mtatsminda","parent_name_en":"Mtatsminda","parent_name_ka":"მთაწმინდის რაიონი","parent_name_ru":"Мтацминда","index":79,"color_index":5,"name_en":"Mtatsminda 79"},"geometry":{"type":"Polygon","coordinates":[[[44.63019,41.65631],[44.63774,41.65631],[44.63774,41.66194],[44.63019,41.66194],[44.63019,41.65631]]]}},{"type":"Feature","properties":{"slug":"mtatsminda-8","parent_slug":"mtatsminda","parent_name_en":"Mtatsminda","parent_name_ka":"მთაწმინდის რაიონი","parent_name_ru":"Мтацминда","index":8,"color_index":5,"name_en":"Mtatsminda 8"},"geometry":{"type":"Polygon","coordinates":[[[44.76606,41.63378],[44.77361,41.63378],[44.77361,41.63941],[44.76606,41.63941],[44.76606,41.63378]]]}},{"type":"Feature","properties":{"slug":"mtatsminda-80","parent_slug":"mtatsminda","parent_name_en":"Mtatsminda","parent_name_ka":"მთაწმინდის რაიონი","parent_name_ru":"Мтацминда","index":80,"color_index":5,"name_en":"Mtatsminda 80"},"geometry":{"type":"Polygon","coordinates":[[[44.63774,41.65631],[44.64529,41.65631],[44.64529,41.66194],[44.63774,41.66194],[44.63774,41.65631]]]}},{"type":"Feature","properties":{"slug":"mtatsminda-81","parent_slug":"mtatsminda","parent_name_en":"Mtatsminda","parent_name_ka":"მთაწმინდის რაიონი","parent_name_ru":"Мтацминда","index":81,"color_index":5,"name_en":"Mtatsminda 81"},"geometry":{"type":"Polygon","coordinates":[[[44.64529,41.65631],[44.65284,41.65631],[44.65284,41.66194],[44.64529,41.66194],[44.64529,41.65631]]]}},{"type":"Feature","properties":{"slug":"mtatsminda-82","parent_slug":"mtatsminda","parent_name_en":"Mtatsminda","parent_name_ka":"მთაწმინდის რაიონი","parent_name_ru":"Мтацминда","index":82,"color_index":5,"name_en":"Mtatsminda 82"},"geometry":{"type":"Polygon","coordinates":[[[44.65284,41.65631],[44.66039,41.65631],[44.66039,41.66194],[44.65284,41.66194],[44.65284,41.65631]]]}},{"type":"Feature","properties":{"slug":"mtatsminda-83","parent_slug":"mtatsminda","parent_name_en":"Mtatsminda","parent_name_ka":"მთაწმინდის რაიონი","parent_name_ru":"Мтацминда","index":83,"color_index":5,"name_en":"Mtatsminda 83"},"geometry":{"type":"Polygon","coordinates":[[[44.66039,41.65631],[44.66793,41.65631],[44.66793,41.66194],[44.66039,41.66194],[44.66039,41.65631]]]}},{"type":"Feature","properties":{"slug":"mtatsminda-84","parent_slug":"mtatsminda","parent_name_en":"Mtatsminda","parent_name_ka":"მთაწმინდის რაიონი","parent_name_ru":"Мтацминда","index":84,"color_index":5,"name_en":"Mtatsminda 84"},"geometry":{"type":"Polygon","coordinates":[[[44.66793,41.65631],[44.67548,41.65631],[44.67548,41.66194],[44.66793,41.66194],[44.66793,41.65631]]]}},{"type":"Feature","properties":{"slug":"mtatsminda-85","parent_slug":"mtatsminda","parent_name_en":"Mtatsminda","parent_name_ka":"მთაწმინდის რაიონი","parent_name_ru":"Мтацминда","index":85,"color_index":5,"name_en":"Mtatsminda 85"},"geometry":{"type":"Polygon","coordinates":[[[44.67548,41.65631],[44.68303,41.65631],[44.68303,41.66194],[44.67548,41.66194],[44.67548,41.65631]]]}},{"type":"Feature","properties":{"slug":"mtatsminda-86","parent_slug":"mtatsminda","parent_name_en":"Mtatsminda","parent_name_ka":"მთაწმინდის რაიონი","parent_name_ru":"Мтацминда","index":86,"color_index":5,"name_en":"Mtatsminda 86"},"geometry":{"type":"Polygon","coordinates":[[[44.68303,41.65631],[44.69058,41.65631],[44.69058,41.66194],[44.68303,41.66194],[44.68303,41.65631]]]}},{"type":"Feature","properties":{"slug":"mtatsminda-87","parent_slug":"mtatsminda","parent_name_en":"Mtatsminda","parent_name_ka":"მთაწმინდის რაიონი","parent_name_ru":"Мтацминда","index":87,"color_index":5,"name_en":"Mtatsminda 87"},"geometry":{"type":"Polygon","coordinates":[[[44.69058,41.65631],[44.69813,41.65631],[44.69813,41.66194],[44.69058,41.66194],[44.69058,41.65631]]]}},{"type":"Feature","properties":{"slug":"mtatsminda-88","parent_slug":"mtatsminda","parent_name_en":"Mtatsminda","parent_name_ka":"მთაწმინდის რაიონი","parent_name_ru":"Мтацминда","index":88,"color_index":5,"name_en":"Mtatsminda 88"},"geometry":{"type":"Polygon","coordinates":[[[44.69813,41.65631],[44.70568,41.65631],[44.70568,41.66194],[44.69813,41.66194],[44.69813,41.65631]]]}},{"type":"Feature","properties":{"slug":"mtatsminda-89","parent_slug":"mtatsminda","parent_name_en":"Mtatsminda","parent_name_ka":"მთაწმინდის რაიონი","parent_name_ru":"Мтацминда","index":89,"color_index":5,"name_en":"Mtatsminda 89"},"geometry":{"type":"Polygon","coordinates":[[[44.70568,41.65631],[44.71322,41.65631],[44.71322,41.66194],[44.70568,41.66194],[44.70568,41.65631]]]}},{"type":"Feature","properties":{"slug":"mtatsminda-9","parent_slug":"mtatsminda","parent_name_en":"Mtatsminda","parent_name_ka":"მთაწმინდის რაიონი","parent_name_ru":"Мтацминда","index":9,"color_index":5,"name_en":"Mtatsminda 9"},"geometry":{"type":"Polygon","coordinates":[[[44.77361,41.63378],[44.78116,41.63378],[44.78116,41.63941],[44.77361,41.63941],[44.77361,41.63378]]]}},{"type":"Feature","properties":{"slug":"mtatsminda-90","parent_slug":"mtatsminda","parent_name_en":"Mtatsminda","parent_name_ka":"მთაწმინდის რაიონი","parent_name_ru":"Мтацминда","index":90,"color_index":5,"name_en":"Mtatsminda 90"},"geometry":{"type":"Polygon","coordinates":[[[44.71322,41.65631],[44.72077,41.65631],[44.72077,41.66194],[44.71322,41.66194],[44.71322,41.65631]]]}},{"type":"Feature","properties":{"slug":"mtatsminda-91","parent_slug":"mtatsminda","parent_name_en":"Mtatsminda","parent_name_ka":"მთაწმინდის რაიონი","parent_name_ru":"Мтацминда","index":91,"color_index":5,"name_en":"Mtatsminda 91"},"geometry":{"type":"Polygon","coordinates":[[[44.72077,41.65631],[44.72832,41.65631],[44.72832,41.66194],[44.72077,41.66194],[44.72077,41.65631]]]}},{"type":"Feature","properties":{"slug":"mtatsminda-92","parent_slug":"mtatsminda","parent_name_en":"Mtatsminda","parent_name_ka":"მთაწმინდის რაიონი","parent_name_ru":"Мтацминда","index":92,"color_index":5,"name_en":"Mtatsminda 92"},"geometry":{"type":"Polygon","coordinates":[[[44.72832,41.65631],[44.73587,41.65631],[44.73587,41.66194],[44.72832,41.66194],[44.72832,41.65631]]]}},{"type":"Feature","properties":{"slug":"mtatsminda-93","parent_slug":"mtatsminda","parent_name_en":"Mtatsminda","parent_name_ka":"მთაწმინდის რაიონი","parent_name_ru":"Мтацминда","index":93,"color_index":5,"name_en":"Mtatsminda 93"},"geometry":{"type":"Polygon","coordinates":[[[44.73587,41.65631],[44.74342,41.65631],[44.74342,41.66194],[44.73587,41.66194],[44.73587,41.65631]]]}},{"type":"Feature","properties":{"slug":"mtatsminda-94","parent_slug":"mtatsminda","parent_name_en":"Mtatsminda","parent_name_ka":"მთაწმინდის რაიონი","parent_name_ru":"Мтацминда","index":94,"color_index":5,"name_en":"Mtatsminda 94"},"geometry":{"type":"Polygon","coordinates":[[[44.74342,41.65631],[44.75097,41.65631],[44.75097,41.66194],[44.74342,41.66194],[44.74342,41.65631]]]}},{"type":"Feature","properties":{"slug":"mtatsminda-95","parent_slug":"mtatsminda","parent_name_en":"Mtatsminda","parent_name_ka":"მთაწმინდის რაიონი","parent_name_ru":"Мтацминда","index":95,"color_index":5,"name_en":"Mtatsminda 95"},"geometry":{"type":"Polygon","coordinates":[[[44.75097,41.65631],[44.75851,41.65631],[44.75851,41.66194],[44.75097,41.66194],[44.75097,41.65631]]]}},{"type":"Feature","properties":{"slug":"mtatsminda-96","parent_slug":"mtatsminda","parent_name_en":"Mtatsminda","parent_name_ka":"მთაწმინდის რაიონი","parent_name_ru":"Мтацминда","index":96,"color_index":5,"name_en":"Mtatsminda 96"},"geometry":{"type":"Polygon","coordinates":[[[44.75851,41.65631],[44.76606,41.65631],[44.76606,41.66194],[44.75851,41.66194],[44.75851,41.65631]]]}},{"type":"Feature","properties":{"slug":"mtatsminda-97","parent_slug":"mtatsminda","parent_name_en":"Mtatsminda","parent_name_ka":"მთაწმინდის რაიონი","parent_name_ru":"Мтацминда","index":97,"color_index":5,"name_en":"Mtatsminda 97"},"geometry":{"type":"Polygon","coordinates":[[[44.76606,41.65631],[44.77361,41.65631],[44.77361,41.66194],[44.76606,41.66194],[44.76606,41.65631]]]}},{"type":"Feature","properties":{"slug":"mtatsminda-98","parent_slug":"mtatsminda","parent_name_en":"Mtatsminda","parent_name_ka":"მთაწმინდის რაიონი","parent_name_ru":"Мтацминда","index":98,"color_index":5,"name_en":"Mtatsminda 98"},"geometry":{"type":"Polygon","coordinates":[[[44.77361,41.65631],[44.78116,41.65631],[44.78116,41.66194],[44.77361,41.66194],[44.77361,41.65631]]]}},{"type":"Feature","properties":{"slug":"mtatsminda-99","parent_slug":"mtatsminda","parent_name_en":"Mtatsminda","parent_name_ka":"მთაწმინდის რაიონი","parent_name_ru":"Мтацминда","index":99,"color_index":5,"name_en":"Mtatsminda 99"},"geometry":{"type":"Polygon","coordinates":[[[44.78116,41.65631],[44.78871,41.65631],[44.78871,41.66194],[44.78116,41.66194],[44.78116,41.65631]]]}},{"type":"Feature","properties":{"slug":"nadzaladevi-1","parent_slug":"nadzaladevi","parent_name_en":"Nadzaladevi","parent_name_ka":"ნაძალადევის რაიონი","parent_name_ru":"Надзаладеви","index":1,"color_index":6,"name_en":"Nadzaladevi 1"},"geometry":{"type":"Polygon","coordinates":[[[44.79626,41.72387],[44.8038,41.72387],[44.8038,41.7295],[44.79626,41.7295],[44.79626,41.72387]]]}},{"type":"Feature","properties":{"slug":"nadzaladevi-10","parent_slug":"nadzaladevi","parent_name_en":"Nadzaladevi","parent_name_ka":"ნაძალადევის რაიონი","parent_name_ru":"Надзаладеви","index":10,"color_index":6,"name_en":"Nadzaladevi 10"},"geometry":{"type":"Polygon","coordinates":[[[44.82645,41.7295],[44.834,41.7295],[44.834,41.73514],[44.82645,41.73514],[44.82645,41.7295]]]}},{"type":"Feature","properties":{"slug":"nadzaladevi-100","parent_slug":"nadzaladevi","parent_name_en":"Nadzaladevi","parent_name_ka":"ნაძალადევის რაიონი","parent_name_ru":"Надзаладеви","index":100,"color_index":6,"name_en":"Nadzaladevi 100"},"geometry":{"type":"Polygon","coordinates":[[[44.79626,41.77455],[44.8038,41.77455],[44.8038,41.78018],[44.79626,41.78018],[44.79626,41.77455]]]}},{"type":"Feature","properties":{"slug":"nadzaladevi-101","parent_slug":"nadzaladevi","parent_name_en":"Nadzaladevi","parent_name_ka":"ნაძალადევის რაიონი","parent_name_ru":"Надзаладеви","index":101,"color_index":6,"name_en":"Nadzaladevi 101"},"geometry":{"type":"Polygon","coordinates":[[[44.8038,41.77455],[44.81135,41.77455],[44.81135,41.78018],[44.8038,41.78018],[44.8038,41.77455]]]}},{"type":"Feature","properties":{"slug":"nadzaladevi-102","parent_slug":"nadzaladevi","parent_name_en":"Nadzaladevi","parent_name_ka":"ნაძალადევის რაიონი","parent_name_ru":"Надзаладеви","index":102,"color_index":6,"name_en":"Nadzaladevi 102"},"geometry":{"type":"Polygon","coordinates":[[[44.81135,41.77455],[44.8189,41.77455],[44.8189,41.78018],[44.81135,41.78018],[44.81135,41.77455]]]}},{"type":"Feature","properties":{"slug":"nadzaladevi-103","parent_slug":"nadzaladevi","parent_name_en":"Nadzaladevi","parent_name_ka":"ნაძალადევის რაიონი","parent_name_ru":"Надзаладеви","index":103,"color_index":6,"name_en":"Nadzaladevi 103"},"geometry":{"type":"Polygon","coordinates":[[[44.8189,41.77455],[44.82645,41.77455],[44.82645,41.78018],[44.8189,41.78018],[44.8189,41.77455]]]}},{"type":"Feature","properties":{"slug":"nadzaladevi-104","parent_slug":"nadzaladevi","parent_name_en":"Nadzaladevi","parent_name_ka":"ნაძალადევის რაიონი","parent_name_ru":"Надзаладеви","index":104,"color_index":6,"name_en":"Nadzaladevi 104"},"geometry":{"type":"Polygon","coordinates":[[[44.78871,41.78018],[44.79626,41.78018],[44.79626,41.78581],[44.78871,41.78581],[44.78871,41.78018]]]}},{"type":"Feature","properties":{"slug":"nadzaladevi-105","parent_slug":"nadzaladevi","parent_name_en":"Nadzaladevi","parent_name_ka":"ნაძალადევის რაიონი","parent_name_ru":"Надзаладеви","index":105,"color_index":6,"name_en":"Nadzaladevi 105"},"geometry":{"type":"Polygon","coordinates":[[[44.79626,41.78018],[44.8038,41.78018],[44.8038,41.78581],[44.79626,41.78581],[44.79626,41.78018]]]}},{"type":"Feature","properties":{"slug":"nadzaladevi-106","parent_slug":"nadzaladevi","parent_name_en":"Nadzaladevi","parent_name_ka":"ნაძალადევის რაიონი","parent_name_ru":"Надзаладеви","index":106,"color_index":6,"name_en":"Nadzaladevi 106"},"geometry":{"type":"Polygon","coordinates":[[[44.8038,41.78018],[44.81135,41.78018],[44.81135,41.78581],[44.8038,41.78581],[44.8038,41.78018]]]}},{"type":"Feature","properties":{"slug":"nadzaladevi-11","parent_slug":"nadzaladevi","parent_name_en":"Nadzaladevi","parent_name_ka":"ნაძალადევის რაიონი","parent_name_ru":"Надзаладеви","index":11,"color_index":6,"name_en":"Nadzaladevi 11"},"geometry":{"type":"Polygon","coordinates":[[[44.85664,41.7295],[44.86419,41.7295],[44.86419,41.73514],[44.85664,41.73514],[44.85664,41.7295]]]}},{"type":"Feature","properties":{"slug":"nadzaladevi-12","parent_slug":"nadzaladevi","parent_name_en":"Nadzaladevi","parent_name_ka":"ნაძალადევის რაიონი","parent_name_ru":"Надзаладеви","index":12,"color_index":6,"name_en":"Nadzaladevi 12"},"geometry":{"type":"Polygon","coordinates":[[[44.86419,41.7295],[44.87174,41.7295],[44.87174,41.73514],[44.86419,41.73514],[44.86419,41.7295]]]}},{"type":"Feature","properties":{"slug":"nadzaladevi-13","parent_slug":"nadzaladevi","parent_name_en":"Nadzaladevi","parent_name_ka":"ნაძალადევის რაიონი","parent_name_ru":"Надзаладеви","index":13,"color_index":6,"name_en":"Nadzaladevi 13"},"geometry":{"type":"Polygon","coordinates":[[[44.87174,41.7295],[44.87929,41.7295],[44.87929,41.73514],[44.87174,41.73514],[44.87174,41.7295]]]}},{"type":"Feature","properties":{"slug":"nadzaladevi-14","parent_slug":"nadzaladevi","parent_name_en":"Nadzaladevi","parent_name_ka":"ნაძალადევის რაიონი","parent_name_ru":"Надзаладеви","index":14,"color_index":6,"name_en":"Nadzaladevi 14"},"geometry":{"type":"Polygon","coordinates":[[[44.87929,41.7295],[44.88684,41.7295],[44.88684,41.73514],[44.87929,41.73514],[44.87929,41.7295]]]}},{"type":"Feature","properties":{"slug":"nadzaladevi-15","parent_slug":"nadzaladevi","parent_name_en":"Nadzaladevi","parent_name_ka":"ნაძალადევის რაიონი","parent_name_ru":"Надзаладеви","index":15,"color_index":6,"name_en":"Nadzaladevi 15"},"geometry":{"type":"Polygon","coordinates":[[[44.88684,41.7295],[44.89438,41.7295],[44.89438,41.73514],[44.88684,41.73514],[44.88684,41.7295]]]}},{"type":"Feature","properties":{"slug":"nadzaladevi-16","parent_slug":"nadzaladevi","parent_name_en":"Nadzaladevi","parent_name_ka":"ნაძალადევის რაიონი","parent_name_ru":"Надзаладеви","index":16,"color_index":6,"name_en":"Nadzaladevi 16"},"geometry":{"type":"Polygon","coordinates":[[[44.89438,41.7295],[44.90193,41.7295],[44.90193,41.73514],[44.89438,41.73514],[44.89438,41.7295]]]}},{"type":"Feature","properties":{"slug":"nadzaladevi-17","parent_slug":"nadzaladevi","parent_name_en":"Nadzaladevi","parent_name_ka":"ნაძალადევის რაიონი","parent_name_ru":"Надзаладеви","index":17,"color_index":6,"name_en":"Nadzaladevi 17"},"geometry":{"type":"Polygon","coordinates":[[[44.78871,41.73514],[44.79626,41.73514],[44.79626,41.74077],[44.78871,41.74077],[44.78871,41.73514]]]}},{"type":"Feature","properties":{"slug":"nadzaladevi-18","parent_slug":"nadzaladevi","parent_name_en":"Nadzaladevi","parent_name_ka":"ნაძალადევის რაიონი","parent_name_ru":"Надзаладеви","index":18,"color_index":6,"name_en":"Nadzaladevi 18"},"geometry":{"type":"Polygon","coordinates":[[[44.79626,41.73514],[44.8038,41.73514],[44.8038,41.74077],[44.79626,41.74077],[44.79626,41.73514]]]}},{"type":"Feature","properties":{"slug":"nadzaladevi-19","parent_slug":"nadzaladevi","parent_name_en":"Nadzaladevi","parent_name_ka":"ნაძალადევის რაიონი","parent_name_ru":"Надзаладеви","index":19,"color_index":6,"name_en":"Nadzaladevi 19"},"geometry":{"type":"Polygon","coordinates":[[[44.8038,41.73514],[44.81135,41.73514],[44.81135,41.74077],[44.8038,41.74077],[44.8038,41.73514]]]}},{"type":"Feature","properties":{"slug":"nadzaladevi-2","parent_slug":"nadzaladevi","parent_name_en":"Nadzaladevi","parent_name_ka":"ნაძალადევის რაიონი","parent_name_ru":"Надзаладеви","index":2,"color_index":6,"name_en":"Nadzaladevi 2"},"geometry":{"type":"Polygon","coordinates":[[[44.8038,41.72387],[44.81135,41.72387],[44.81135,41.7295],[44.8038,41.7295],[44.8038,41.72387]]]}},{"type":"Feature","properties":{"slug":"nadzaladevi-20","parent_slug":"nadzaladevi","parent_name_en":"Nadzaladevi","parent_name_ka":"ნაძალადევის რაიონი","parent_name_ru":"Надзаладеви","index":20,"color_index":6,"name_en":"Nadzaladevi 20"},"geometry":{"type":"Polygon","coordinates":[[[44.81135,41.73514],[44.8189,41.73514],[44.8189,41.74077],[44.81135,41.74077],[44.81135,41.73514]]]}},{"type":"Feature","properties":{"slug":"nadzaladevi-21","parent_slug":"nadzaladevi","parent_name_en":"Nadzaladevi","parent_name_ka":"ნაძალადევის რაიონი","parent_name_ru":"Надзаладеви","index":21,"color_index":6,"name_en":"Nadzaladevi 21"},"geometry":{"type":"Polygon","coordinates":[[[44.8189,41.73514],[44.82645,41.73514],[44.82645,41.74077],[44.8189,41.74077],[44.8189,41.73514]]]}},{"type":"Feature","properties":{"slug":"nadzaladevi-22","parent_slug":"nadzaladevi","parent_name_en":"Nadzaladevi","parent_name_ka":"ნაძალადევის რაიონი","parent_name_ru":"Надзаладеви","index":22,"color_index":6,"name_en":"Nadzaladevi 22"},"geometry":{"type":"Polygon","coordinates":[[[44.82645,41.73514],[44.834,41.73514],[44.834,41.74077],[44.82645,41.74077],[44.82645,41.73514]]]}},{"type":"Feature","properties":{"slug":"nadzaladevi-23","parent_slug":"nadzaladevi","parent_name_en":"Nadzaladevi","parent_name_ka":"ნაძალადევის რაიონი","parent_name_ru":"Надзаладеви","index":23,"color_index":6,"name_en":"Nadzaladevi 23"},"geometry":{"type":"Polygon","coordinates":[[[44.834,41.73514],[44.84155,41.73514],[44.84155,41.74077],[44.834,41.74077],[44.834,41.73514]]]}},{"type":"Feature","properties":{"slug":"nadzaladevi-24","parent_slug":"nadzaladevi","parent_name_en":"Nadzaladevi","parent_name_ka":"ნაძალადევის რაიონი","parent_name_ru":"Надзаладеви","index":24,"color_index":6,"name_en":"Nadzaladevi 24"},"geometry":{"type":"Polygon","coordinates":[[[44.84909,41.73514],[44.85664,41.73514],[44.85664,41.74077],[44.84909,41.74077],[44.84909,41.73514]]]}},{"type":"Feature","properties":{"slug":"nadzaladevi-25","parent_slug":"nadzaladevi","parent_name_en":"Nadzaladevi","parent_name_ka":"ნაძალადევის რაიონი","parent_name_ru":"Надзаладеви","index":25,"color_index":6,"name_en":"Nadzaladevi 25"},"geometry":{"type":"Polygon","coordinates":[[[44.85664,41.73514],[44.86419,41.73514],[44.86419,41.74077],[44.85664,41.74077],[44.85664,41.73514]]]}},{"type":"Feature","properties":{"slug":"nadzaladevi-26","parent_slug":"nadzaladevi","parent_name_en":"Nadzaladevi","parent_name_ka":"ნაძალადევის რაიონი","parent_name_ru":"Надзаладеви","index":26,"color_index":6,"name_en":"Nadzaladevi 26"},"geometry":{"type":"Polygon","coordinates":[[[44.86419,41.73514],[44.87174,41.73514],[44.87174,41.74077],[44.86419,41.74077],[44.86419,41.73514]]]}},{"type":"Feature","properties":{"slug":"nadzaladevi-27","parent_slug":"nadzaladevi","parent_name_en":"Nadzaladevi","parent_name_ka":"ნაძალადევის რაიონი","parent_name_ru":"Надзаладеви","index":27,"color_index":6,"name_en":"Nadzaladevi 27"},"geometry":{"type":"Polygon","coordinates":[[[44.87174,41.73514],[44.87929,41.73514],[44.87929,41.74077],[44.87174,41.74077],[44.87174,41.73514]]]}},{"type":"Feature","properties":{"slug":"nadzaladevi-28","parent_slug":"nadzaladevi","parent_name_en":"Nadzaladevi","parent_name_ka":"ნაძალადევის რაიონი","parent_name_ru":"Надзаладеви","index":28,"color_index":6,"name_en":"Nadzaladevi 28"},"geometry":{"type":"Polygon","coordinates":[[[44.87929,41.73514],[44.88684,41.73514],[44.88684,41.74077],[44.87929,41.74077],[44.87929,41.73514]]]}},{"type":"Feature","properties":{"slug":"nadzaladevi-29","parent_slug":"nadzaladevi","parent_name_en":"Nadzaladevi","parent_name_ka":"ნაძალადევის რაიონი","parent_name_ru":"Надзаладеви","index":29,"color_index":6,"name_en":"Nadzaladevi 29"},"geometry":{"type":"Polygon","coordinates":[[[44.88684,41.73514],[44.89438,41.73514],[44.89438,41.74077],[44.88684,41.74077],[44.88684,41.73514]]]}},{"type":"Feature","properties":{"slug":"nadzaladevi-3","parent_slug":"nadzaladevi","parent_name_en":"Nadzaladevi","parent_name_ka":"ნაძალადევის რაიონი","parent_name_ru":"Надзаладеви","index":3,"color_index":6,"name_en":"Nadzaladevi 3"},"geometry":{"type":"Polygon","coordinates":[[[44.87174,41.72387],[44.87929,41.72387],[44.87929,41.7295],[44.87174,41.7295],[44.87174,41.72387]]]}},{"type":"Feature","properties":{"slug":"nadzaladevi-30","parent_slug":"nadzaladevi","parent_name_en":"Nadzaladevi","parent_name_ka":"ნაძალადევის რაიონი","parent_name_ru":"Надзаладеви","index":30,"color_index":6,"name_en":"Nadzaladevi 30"},"geometry":{"type":"Polygon","coordinates":[[[44.78116,41.74077],[44.78871,41.74077],[44.78871,41.7464],[44.78116,41.7464],[44.78116,41.74077]]]}},{"type":"Feature","properties":{"slug":"nadzaladevi-31","parent_slug":"nadzaladevi","parent_name_en":"Nadzaladevi","parent_name_ka":"ნაძალადევის რაიონი","parent_name_ru":"Надзаладеви","index":31,"color_index":6,"name_en":"Nadzaladevi 31"},"geometry":{"type":"Polygon","coordinates":[[[44.78871,41.74077],[44.79626,41.74077],[44.79626,41.7464],[44.78871,41.7464],[44.78871,41.74077]]]}},{"type":"Feature","properties":{"slug":"nadzaladevi-32","parent_slug":"nadzaladevi","parent_name_en":"Nadzaladevi","parent_name_ka":"ნაძალადევის რაიონი","parent_name_ru":"Надзаладеви","index":32,"color_index":6,"name_en":"Nadzaladevi 32"},"geometry":{"type":"Polygon","coordinates":[[[44.79626,41.74077],[44.8038,41.74077],[44.8038,41.7464],[44.79626,41.7464],[44.79626,41.74077]]]}},{"type":"Feature","properties":{"slug":"nadzaladevi-33","parent_slug":"nadzaladevi","parent_name_en":"Nadzaladevi","parent_name_ka":"ნაძალადევის რაიონი","parent_name_ru":"Надзаладеви","index":33,"color_index":6,"name_en":"Nadzaladevi 33"},"geometry":{"type":"Polygon","coordinates":[[[44.8038,41.74077],[44.81135,41.74077],[44.81135,41.7464],[44.8038,41.7464],[44.8038,41.74077]]]}},{"type":"Feature","properties":{"slug":"nadzaladevi-34","parent_slug":"nadzaladevi","parent_name_en":"Nadzaladevi","parent_name_ka":"ნაძალადევის რაიონი","parent_name_ru":"Надзаладеви","index":34,"color_index":6,"name_en":"Nadzaladevi 34"},"geometry":{"type":"Polygon","coordinates":[[[44.81135,41.74077],[44.8189,41.74077],[44.8189,41.7464],[44.81135,41.7464],[44.81135,41.74077]]]}},{"type":"Feature","properties":{"slug":"nadzaladevi-35","parent_slug":"nadzaladevi","parent_name_en":"Nadzaladevi","parent_name_ka":"ნაძალადევის რაიონი","parent_name_ru":"Надзаладеви","index":35,"color_index":6,"name_en":"Nadzaladevi 35"},"geometry":{"type":"Polygon","coordinates":[[[44.8189,41.74077],[44.82645,41.74077],[44.82645,41.7464],[44.8189,41.7464],[44.8189,41.74077]]]}},{"type":"Feature","properties":{"slug":"nadzaladevi-36","parent_slug":"nadzaladevi","parent_name_en":"Nadzaladevi","parent_name_ka":"ნაძალადევის რაიონი","parent_name_ru":"Надзаладеви","index":36,"color_index":6,"name_en":"Nadzaladevi 36"},"geometry":{"type":"Polygon","coordinates":[[[44.82645,41.74077],[44.834,41.74077],[44.834,41.7464],[44.82645,41.7464],[44.82645,41.74077]]]}},{"type":"Feature","properties":{"slug":"nadzaladevi-37","parent_slug":"nadzaladevi","parent_name_en":"Nadzaladevi","parent_name_ka":"ნაძალადევის რაიონი","parent_name_ru":"Надзаладеви","index":37,"color_index":6,"name_en":"Nadzaladevi 37"},"geometry":{"type":"Polygon","coordinates":[[[44.834,41.74077],[44.84155,41.74077],[44.84155,41.7464],[44.834,41.7464],[44.834,41.74077]]]}},{"type":"Feature","properties":{"slug":"nadzaladevi-38","parent_slug":"nadzaladevi","parent_name_en":"Nadzaladevi","parent_name_ka":"ნაძალადევის რაიონი","parent_name_ru":"Надзаладеви","index":38,"color_index":6,"name_en":"Nadzaladevi 38"},"geometry":{"type":"Polygon","coordinates":[[[44.84155,41.74077],[44.84909,41.74077],[44.84909,41.7464],[44.84155,41.7464],[44.84155,41.74077]]]}},{"type":"Feature","properties":{"slug":"nadzaladevi-39","parent_slug":"nadzaladevi","parent_name_en":"Nadzaladevi","parent_name_ka":"ნაძალადევის რაიონი","parent_name_ru":"Надзаладеви","index":39,"color_index":6,"name_en":"Nadzaladevi 39"},"geometry":{"type":"Polygon","coordinates":[[[44.84909,41.74077],[44.85664,41.74077],[44.85664,41.7464],[44.84909,41.7464],[44.84909,41.74077]]]}},{"type":"Feature","properties":{"slug":"nadzaladevi-4","parent_slug":"nadzaladevi","parent_name_en":"Nadzaladevi","parent_name_ka":"ნაძალადევის რაიონი","parent_name_ru":"Надзаладеви","index":4,"color_index":6,"name_en":"Nadzaladevi 4"},"geometry":{"type":"Polygon","coordinates":[[[44.87929,41.72387],[44.88684,41.72387],[44.88684,41.7295],[44.87929,41.7295],[44.87929,41.72387]]]}},{"type":"Feature","properties":{"slug":"nadzaladevi-40","parent_slug":"nadzaladevi","parent_name_en":"Nadzaladevi","parent_name_ka":"ნაძალადევის რაიონი","parent_name_ru":"Надзаладеви","index":40,"color_index":6,"name_en":"Nadzaladevi 40"},"geometry":{"type":"Polygon","coordinates":[[[44.85664,41.74077],[44.86419,41.74077],[44.86419,41.7464],[44.85664,41.7464],[44.85664,41.74077]]]}},{"type":"Feature","properties":{"slug":"nadzaladevi-41","parent_slug":"nadzaladevi","parent_name_en":"Nadzaladevi","parent_name_ka":"ნაძალადევის რაიონი","parent_name_ru":"Надзаладеви","index":41,"color_index":6,"name_en":"Nadzaladevi 41"},"geometry":{"type":"Polygon","coordinates":[[[44.86419,41.74077],[44.87174,41.74077],[44.87174,41.7464],[44.86419,41.7464],[44.86419,41.74077]]]}},{"type":"Feature","properties":{"slug":"nadzaladevi-42","parent_slug":"nadzaladevi","parent_name_en":"Nadzaladevi","parent_name_ka":"ნაძალადევის რაიონი","parent_name_ru":"Надзаладеви","index":42,"color_index":6,"name_en":"Nadzaladevi 42"},"geometry":{"type":"Polygon","coordinates":[[[44.87174,41.74077],[44.87929,41.74077],[44.87929,41.7464],[44.87174,41.7464],[44.87174,41.74077]]]}},{"type":"Feature","properties":{"slug":"nadzaladevi-43","parent_slug":"nadzaladevi","parent_name_en":"Nadzaladevi","parent_name_ka":"ნაძალადევის რაიონი","parent_name_ru":"Надзаладеви","index":43,"color_index":6,"name_en":"Nadzaladevi 43"},"geometry":{"type":"Polygon","coordinates":[[[44.87929,41.74077],[44.88684,41.74077],[44.88684,41.7464],[44.87929,41.7464],[44.87929,41.74077]]]}},{"type":"Feature","properties":{"slug":"nadzaladevi-44","parent_slug":"nadzaladevi","parent_name_en":"Nadzaladevi","parent_name_ka":"ნაძალადევის რაიონი","parent_name_ru":"Надзаладеви","index":44,"color_index":6,"name_en":"Nadzaladevi 44"},"geometry":{"type":"Polygon","coordinates":[[[44.78116,41.7464],[44.78871,41.7464],[44.78871,41.75203],[44.78116,41.75203],[44.78116,41.7464]]]}},{"type":"Feature","properties":{"slug":"nadzaladevi-45","parent_slug":"nadzaladevi","parent_name_en":"Nadzaladevi","parent_name_ka":"ნაძალადევის რაიონი","parent_name_ru":"Надзаладеви","index":45,"color_index":6,"name_en":"Nadzaladevi 45"},"geometry":{"type":"Polygon","coordinates":[[[44.78871,41.7464],[44.79626,41.7464],[44.79626,41.75203],[44.78871,41.75203],[44.78871,41.7464]]]}},{"type":"Feature","properties":{"slug":"nadzaladevi-46","parent_slug":"nadzaladevi","parent_name_en":"Nadzaladevi","parent_name_ka":"ნაძალადევის რაიონი","parent_name_ru":"Надзаладеви","index":46,"color_index":6,"name_en":"Nadzaladevi 46"},"geometry":{"type":"Polygon","coordinates":[[[44.79626,41.7464],[44.8038,41.7464],[44.8038,41.75203],[44.79626,41.75203],[44.79626,41.7464]]]}},{"type":"Feature","properties":{"slug":"nadzaladevi-47","parent_slug":"nadzaladevi","parent_name_en":"Nadzaladevi","parent_name_ka":"ნაძალადევის რაიონი","parent_name_ru":"Надзаладеви","index":47,"color_index":6,"name_en":"Nadzaladevi 47"},"geometry":{"type":"Polygon","coordinates":[[[44.8038,41.7464],[44.81135,41.7464],[44.81135,41.75203],[44.8038,41.75203],[44.8038,41.7464]]]}},{"type":"Feature","properties":{"slug":"nadzaladevi-48","parent_slug":"nadzaladevi","parent_name_en":"Nadzaladevi","parent_name_ka":"ნაძალადევის რაიონი","parent_name_ru":"Надзаладеви","index":48,"color_index":6,"name_en":"Nadzaladevi 48"},"geometry":{"type":"Polygon","coordinates":[[[44.81135,41.7464],[44.8189,41.7464],[44.8189,41.75203],[44.81135,41.75203],[44.81135,41.7464]]]}},{"type":"Feature","properties":{"slug":"nadzaladevi-49","parent_slug":"nadzaladevi","parent_name_en":"Nadzaladevi","parent_name_ka":"ნაძალადევის რაიონი","parent_name_ru":"Надзаладеви","index":49,"color_index":6,"name_en":"Nadzaladevi 49"},"geometry":{"type":"Polygon","coordinates":[[[44.8189,41.7464],[44.82645,41.7464],[44.82645,41.75203],[44.8189,41.75203],[44.8189,41.7464]]]}},{"type":"Feature","properties":{"slug":"nadzaladevi-5","parent_slug":"nadzaladevi","parent_name_en":"Nadzaladevi","parent_name_ka":"ნაძალადევის რაიონი","parent_name_ru":"Надзаладеви","index":5,"color_index":6,"name_en":"Nadzaladevi 5"},"geometry":{"type":"Polygon","coordinates":[[[44.78871,41.7295],[44.79626,41.7295],[44.79626,41.73514],[44.78871,41.73514],[44.78871,41.7295]]]}},{"type":"Feature","properties":{"slug":"nadzaladevi-50","parent_slug":"nadzaladevi","parent_name_en":"Nadzaladevi","parent_name_ka":"ნაძალადევის რაიონი","parent_name_ru":"Надзаладеви","index":50,"color_index":6,"name_en":"Nadzaladevi 50"},"geometry":{"type":"Polygon","coordinates":[[[44.82645,41.7464],[44.834,41.7464],[44.834,41.75203],[44.82645,41.75203],[44.82645,41.7464]]]}},{"type":"Feature","properties":{"slug":"nadzaladevi-51","parent_slug":"nadzaladevi","parent_name_en":"Nadzaladevi","parent_name_ka":"ნაძალადევის რაიონი","parent_name_ru":"Надзаладеви","index":51,"color_index":6,"name_en":"Nadzaladevi 51"},"geometry":{"type":"Polygon","coordinates":[[[44.834,41.7464],[44.84155,41.7464],[44.84155,41.75203],[44.834,41.75203],[44.834,41.7464]]]}},{"type":"Feature","properties":{"slug":"nadzaladevi-52","parent_slug":"nadzaladevi","parent_name_en":"Nadzaladevi","parent_name_ka":"ნაძალადევის რაიონი","parent_name_ru":"Надзаладеви","index":52,"color_index":6,"name_en":"Nadzaladevi 52"},"geometry":{"type":"Polygon","coordinates":[[[44.84155,41.7464],[44.84909,41.7464],[44.84909,41.75203],[44.84155,41.75203],[44.84155,41.7464]]]}},{"type":"Feature","properties":{"slug":"nadzaladevi-53","parent_slug":"nadzaladevi","parent_name_en":"Nadzaladevi","parent_name_ka":"ნაძალადევის რაიონი","parent_name_ru":"Надзаладеви","index":53,"color_index":6,"name_en":"Nadzaladevi 53"},"geometry":{"type":"Polygon","coordinates":[[[44.84909,41.7464],[44.85664,41.7464],[44.85664,41.75203],[44.84909,41.75203],[44.84909,41.7464]]]}},{"type":"Feature","properties":{"slug":"nadzaladevi-54","parent_slug":"nadzaladevi","parent_name_en":"Nadzaladevi","parent_name_ka":"ნაძალადევის რაიონი","parent_name_ru":"Надзаладеви","index":54,"color_index":6,"name_en":"Nadzaladevi 54"},"geometry":{"type":"Polygon","coordinates":[[[44.85664,41.7464],[44.86419,41.7464],[44.86419,41.75203],[44.85664,41.75203],[44.85664,41.7464]]]}},{"type":"Feature","properties":{"slug":"nadzaladevi-55","parent_slug":"nadzaladevi","parent_name_en":"Nadzaladevi","parent_name_ka":"ნაძალადევის რაიონი","parent_name_ru":"Надзаладеви","index":55,"color_index":6,"name_en":"Nadzaladevi 55"},"geometry":{"type":"Polygon","coordinates":[[[44.86419,41.7464],[44.87174,41.7464],[44.87174,41.75203],[44.86419,41.75203],[44.86419,41.7464]]]}},{"type":"Feature","properties":{"slug":"nadzaladevi-56","parent_slug":"nadzaladevi","parent_name_en":"Nadzaladevi","parent_name_ka":"ნაძალადევის რაიონი","parent_name_ru":"Надзаладеви","index":56,"color_index":6,"name_en":"Nadzaladevi 56"},"geometry":{"type":"Polygon","coordinates":[[[44.78116,41.75203],[44.78871,41.75203],[44.78871,41.75766],[44.78116,41.75766],[44.78116,41.75203]]]}},{"type":"Feature","properties":{"slug":"nadzaladevi-57","parent_slug":"nadzaladevi","parent_name_en":"Nadzaladevi","parent_name_ka":"ნაძალადევის რაიონი","parent_name_ru":"Надзаладеви","index":57,"color_index":6,"name_en":"Nadzaladevi 57"},"geometry":{"type":"Polygon","coordinates":[[[44.78871,41.75203],[44.79626,41.75203],[44.79626,41.75766],[44.78871,41.75766],[44.78871,41.75203]]]}},{"type":"Feature","properties":{"slug":"nadzaladevi-58","parent_slug":"nadzaladevi","parent_name_en":"Nadzaladevi","parent_name_ka":"ნაძალადევის რაიონი","parent_name_ru":"Надзаладеви","index":58,"color_index":6,"name_en":"Nadzaladevi 58"},"geometry":{"type":"Polygon","coordinates":[[[44.79626,41.75203],[44.8038,41.75203],[44.8038,41.75766],[44.79626,41.75766],[44.79626,41.75203]]]}},{"type":"Feature","properties":{"slug":"nadzaladevi-59","parent_slug":"nadzaladevi","parent_name_en":"Nadzaladevi","parent_name_ka":"ნაძალადევის რაიონი","parent_name_ru":"Надзаладеви","index":59,"color_index":6,"name_en":"Nadzaladevi 59"},"geometry":{"type":"Polygon","coordinates":[[[44.8038,41.75203],[44.81135,41.75203],[44.81135,41.75766],[44.8038,41.75766],[44.8038,41.75203]]]}},{"type":"Feature","properties":{"slug":"nadzaladevi-6","parent_slug":"nadzaladevi","parent_name_en":"Nadzaladevi","parent_name_ka":"ნაძალადევის რაიონი","parent_name_ru":"Надзаладеви","index":6,"color_index":6,"name_en":"Nadzaladevi 6"},"geometry":{"type":"Polygon","coordinates":[[[44.79626,41.7295],[44.8038,41.7295],[44.8038,41.73514],[44.79626,41.73514],[44.79626,41.7295]]]}},{"type":"Feature","properties":{"slug":"nadzaladevi-60","parent_slug":"nadzaladevi","parent_name_en":"Nadzaladevi","parent_name_ka":"ნაძალადევის რაიონი","parent_name_ru":"Надзаладеви","index":60,"color_index":6,"name_en":"Nadzaladevi 60"},"geometry":{"type":"Polygon","coordinates":[[[44.81135,41.75203],[44.8189,41.75203],[44.8189,41.75766],[44.81135,41.75766],[44.81135,41.75203]]]}},{"type":"Feature","properties":{"slug":"nadzaladevi-61","parent_slug":"nadzaladevi","parent_name_en":"Nadzaladevi","parent_name_ka":"ნაძალადევის რაიონი","parent_name_ru":"Надзаладеви","index":61,"color_index":6,"name_en":"Nadzaladevi 61"},"geometry":{"type":"Polygon","coordinates":[[[44.8189,41.75203],[44.82645,41.75203],[44.82645,41.75766],[44.8189,41.75766],[44.8189,41.75203]]]}},{"type":"Feature","properties":{"slug":"nadzaladevi-62","parent_slug":"nadzaladevi","parent_name_en":"Nadzaladevi","parent_name_ka":"ნაძალადევის რაიონი","parent_name_ru":"Надзаладеви","index":62,"color_index":6,"name_en":"Nadzaladevi 62"},"geometry":{"type":"Polygon","coordinates":[[[44.82645,41.75203],[44.834,41.75203],[44.834,41.75766],[44.82645,41.75766],[44.82645,41.75203]]]}},{"type":"Feature","properties":{"slug":"nadzaladevi-63","parent_slug":"nadzaladevi","parent_name_en":"Nadzaladevi","parent_name_ka":"ნაძალადევის რაიონი","parent_name_ru":"Надзаладеви","index":63,"color_index":6,"name_en":"Nadzaladevi 63"},"geometry":{"type":"Polygon","coordinates":[[[44.834,41.75203],[44.84155,41.75203],[44.84155,41.75766],[44.834,41.75766],[44.834,41.75203]]]}},{"type":"Feature","properties":{"slug":"nadzaladevi-64","parent_slug":"nadzaladevi","parent_name_en":"Nadzaladevi","parent_name_ka":"ნაძალადევის რაიონი","parent_name_ru":"Надзаладеви","index":64,"color_index":6,"name_en":"Nadzaladevi 64"},"geometry":{"type":"Polygon","coordinates":[[[44.84155,41.75203],[44.84909,41.75203],[44.84909,41.75766],[44.84155,41.75766],[44.84155,41.75203]]]}},{"type":"Feature","properties":{"slug":"nadzaladevi-65","parent_slug":"nadzaladevi","parent_name_en":"Nadzaladevi","parent_name_ka":"ნაძალადევის რაიონი","parent_name_ru":"Надзаладеви","index":65,"color_index":6,"name_en":"Nadzaladevi 65"},"geometry":{"type":"Polygon","coordinates":[[[44.84909,41.75203],[44.85664,41.75203],[44.85664,41.75766],[44.84909,41.75766],[44.84909,41.75203]]]}},{"type":"Feature","properties":{"slug":"nadzaladevi-66","parent_slug":"nadzaladevi","parent_name_en":"Nadzaladevi","parent_name_ka":"ნაძალადევის რაიონი","parent_name_ru":"Надзаладеви","index":66,"color_index":6,"name_en":"Nadzaladevi 66"},"geometry":{"type":"Polygon","coordinates":[[[44.85664,41.75203],[44.86419,41.75203],[44.86419,41.75766],[44.85664,41.75766],[44.85664,41.75203]]]}},{"type":"Feature","properties":{"slug":"nadzaladevi-67","parent_slug":"nadzaladevi","parent_name_en":"Nadzaladevi","parent_name_ka":"ნაძალადევის რაიონი","parent_name_ru":"Надзаладеви","index":67,"color_index":6,"name_en":"Nadzaladevi 67"},"geometry":{"type":"Polygon","coordinates":[[[44.86419,41.75203],[44.87174,41.75203],[44.87174,41.75766],[44.86419,41.75766],[44.86419,41.75203]]]}},{"type":"Feature","properties":{"slug":"nadzaladevi-68","parent_slug":"nadzaladevi","parent_name_en":"Nadzaladevi","parent_name_ka":"ნაძალადევის რაიონი","parent_name_ru":"Надзаладеви","index":68,"color_index":6,"name_en":"Nadzaladevi 68"},"geometry":{"type":"Polygon","coordinates":[[[44.78116,41.75766],[44.78871,41.75766],[44.78871,41.76329],[44.78116,41.76329],[44.78116,41.75766]]]}},{"type":"Feature","properties":{"slug":"nadzaladevi-69","parent_slug":"nadzaladevi","parent_name_en":"Nadzaladevi","parent_name_ka":"ნაძალადევის რაიონი","parent_name_ru":"Надзаладеви","index":69,"color_index":6,"name_en":"Nadzaladevi 69"},"geometry":{"type":"Polygon","coordinates":[[[44.78871,41.75766],[44.79626,41.75766],[44.79626,41.76329],[44.78871,41.76329],[44.78871,41.75766]]]}},{"type":"Feature","properties":{"slug":"nadzaladevi-7","parent_slug":"nadzaladevi","parent_name_en":"Nadzaladevi","parent_name_ka":"ნაძალადევის რაიონი","parent_name_ru":"Надзаладеви","index":7,"color_index":6,"name_en":"Nadzaladevi 7"},"geometry":{"type":"Polygon","coordinates":[[[44.8038,41.7295],[44.81135,41.7295],[44.81135,41.73514],[44.8038,41.73514],[44.8038,41.7295]]]}},{"type":"Feature","properties":{"slug":"nadzaladevi-70","parent_slug":"nadzaladevi","parent_name_en":"Nadzaladevi","parent_name_ka":"ნაძალადევის რაიონი","parent_name_ru":"Надзаладеви","index":70,"color_index":6,"name_en":"Nadzaladevi 70"},"geometry":{"type":"Polygon","coordinates":[[[44.79626,41.75766],[44.8038,41.75766],[44.8038,41.76329],[44.79626,41.76329],[44.79626,41.75766]]]}},{"type":"Feature","properties":{"slug":"nadzaladevi-71","parent_slug":"nadzaladevi","parent_name_en":"Nadzaladevi","parent_name_ka":"ნაძალადევის რაიონი","parent_name_ru":"Надзаладеви","index":71,"color_index":6,"name_en":"Nadzaladevi 71"},"geometry":{"type":"Polygon","coordinates":[[[44.8038,41.75766],[44.81135,41.75766],[44.81135,41.76329],[44.8038,41.76329],[44.8038,41.75766]]]}},{"type":"Feature","properties":{"slug":"nadzaladevi-72","parent_slug":"nadzaladevi","parent_name_en":"Nadzaladevi","parent_name_ka":"ნაძალადევის რაიონი","parent_name_ru":"Надзаладеви","index":72,"color_index":6,"name_en":"Nadzaladevi 72"},"geometry":{"type":"Polygon","coordinates":[[[44.81135,41.75766],[44.8189,41.75766],[44.8189,41.76329],[44.81135,41.76329],[44.81135,41.75766]]]}},{"type":"Feature","properties":{"slug":"nadzaladevi-73","parent_slug":"nadzaladevi","parent_name_en":"Nadzaladevi","parent_name_ka":"ნაძალადევის რაიონი","parent_name_ru":"Надзаладеви","index":73,"color_index":6,"name_en":"Nadzaladevi 73"},"geometry":{"type":"Polygon","coordinates":[[[44.8189,41.75766],[44.82645,41.75766],[44.82645,41.76329],[44.8189,41.76329],[44.8189,41.75766]]]}},{"type":"Feature","properties":{"slug":"nadzaladevi-74","parent_slug":"nadzaladevi","parent_name_en":"Nadzaladevi","parent_name_ka":"ნაძალადევის რაიონი","parent_name_ru":"Надзаладеви","index":74,"color_index":6,"name_en":"Nadzaladevi 74"},"geometry":{"type":"Polygon","coordinates":[[[44.82645,41.75766],[44.834,41.75766],[44.834,41.76329],[44.82645,41.76329],[44.82645,41.75766]]]}},{"type":"Feature","properties":{"slug":"nadzaladevi-75","parent_slug":"nadzaladevi","parent_name_en":"Nadzaladevi","parent_name_ka":"ნაძალადევის რაიონი","parent_name_ru":"Надзаладеви","index":75,"color_index":6,"name_en":"Nadzaladevi 75"},"geometry":{"type":"Polygon","coordinates":[[[44.834,41.75766],[44.84155,41.75766],[44.84155,41.76329],[44.834,41.76329],[44.834,41.75766]]]}},{"type":"Feature","properties":{"slug":"nadzaladevi-76","parent_slug":"nadzaladevi","parent_name_en":"Nadzaladevi","parent_name_ka":"ნაძალადევის რაიონი","parent_name_ru":"Надзаладеви","index":76,"color_index":6,"name_en":"Nadzaladevi 76"},"geometry":{"type":"Polygon","coordinates":[[[44.84155,41.75766],[44.84909,41.75766],[44.84909,41.76329],[44.84155,41.76329],[44.84155,41.75766]]]}},{"type":"Feature","properties":{"slug":"nadzaladevi-77","parent_slug":"nadzaladevi","parent_name_en":"Nadzaladevi","parent_name_ka":"ნაძალადევის რაიონი","parent_name_ru":"Надзаладеви","index":77,"color_index":6,"name_en":"Nadzaladevi 77"},"geometry":{"type":"Polygon","coordinates":[[[44.84909,41.75766],[44.85664,41.75766],[44.85664,41.76329],[44.84909,41.76329],[44.84909,41.75766]]]}},{"type":"Feature","properties":{"slug":"nadzaladevi-78","parent_slug":"nadzaladevi","parent_name_en":"Nadzaladevi","parent_name_ka":"ნაძალადევის რაიონი","parent_name_ru":"Надзаладеви","index":78,"color_index":6,"name_en":"Nadzaladevi 78"},"geometry":{"type":"Polygon","coordinates":[[[44.85664,41.75766],[44.86419,41.75766],[44.86419,41.76329],[44.85664,41.76329],[44.85664,41.75766]]]}},{"type":"Feature","properties":{"slug":"nadzaladevi-79","parent_slug":"nadzaladevi","parent_name_en":"Nadzaladevi","parent_name_ka":"ნაძალადევის რაიონი","parent_name_ru":"Надзаладеви","index":79,"color_index":6,"name_en":"Nadzaladevi 79"},"geometry":{"type":"Polygon","coordinates":[[[44.87174,41.75766],[44.87929,41.75766],[44.87929,41.76329],[44.87174,41.76329],[44.87174,41.75766]]]}},{"type":"Feature","properties":{"slug":"nadzaladevi-8","parent_slug":"nadzaladevi","parent_name_en":"Nadzaladevi","parent_name_ka":"ნაძალადევის რაიონი","parent_name_ru":"Надзаладеви","index":8,"color_index":6,"name_en":"Nadzaladevi 8"},"geometry":{"type":"Polygon","coordinates":[[[44.81135,41.7295],[44.8189,41.7295],[44.8189,41.73514],[44.81135,41.73514],[44.81135,41.7295]]]}},{"type":"Feature","properties":{"slug":"nadzaladevi-80","parent_slug":"nadzaladevi","parent_name_en":"Nadzaladevi","parent_name_ka":"ნაძალადევის რაიონი","parent_name_ru":"Надзаладеви","index":80,"color_index":6,"name_en":"Nadzaladevi 80"},"geometry":{"type":"Polygon","coordinates":[[[44.78116,41.76329],[44.78871,41.76329],[44.78871,41.76892],[44.78116,41.76892],[44.78116,41.76329]]]}},{"type":"Feature","properties":{"slug":"nadzaladevi-81","parent_slug":"nadzaladevi","parent_name_en":"Nadzaladevi","parent_name_ka":"ნაძალადევის რაიონი","parent_name_ru":"Надзаладеви","index":81,"color_index":6,"name_en":"Nadzaladevi 81"},"geometry":{"type":"Polygon","coordinates":[[[44.78871,41.76329],[44.79626,41.76329],[44.79626,41.76892],[44.78871,41.76892],[44.78871,41.76329]]]}},{"type":"Feature","properties":{"slug":"nadzaladevi-82","parent_slug":"nadzaladevi","parent_name_en":"Nadzaladevi","parent_name_ka":"ნაძალადევის რაიონი","parent_name_ru":"Надзаладеви","index":82,"color_index":6,"name_en":"Nadzaladevi 82"},"geometry":{"type":"Polygon","coordinates":[[[44.79626,41.76329],[44.8038,41.76329],[44.8038,41.76892],[44.79626,41.76892],[44.79626,41.76329]]]}},{"type":"Feature","properties":{"slug":"nadzaladevi-83","parent_slug":"nadzaladevi","parent_name_en":"Nadzaladevi","parent_name_ka":"ნაძალადევის რაიონი","parent_name_ru":"Надзаладеви","index":83,"color_index":6,"name_en":"Nadzaladevi 83"},"geometry":{"type":"Polygon","coordinates":[[[44.8038,41.76329],[44.81135,41.76329],[44.81135,41.76892],[44.8038,41.76892],[44.8038,41.76329]]]}},{"type":"Feature","properties":{"slug":"nadzaladevi-84","parent_slug":"nadzaladevi","parent_name_en":"Nadzaladevi","parent_name_ka":"ნაძალადევის რაიონი","parent_name_ru":"Надзаладеви","index":84,"color_index":6,"name_en":"Nadzaladevi 84"},"geometry":{"type":"Polygon","coordinates":[[[44.81135,41.76329],[44.8189,41.76329],[44.8189,41.76892],[44.81135,41.76892],[44.81135,41.76329]]]}},{"type":"Feature","properties":{"slug":"nadzaladevi-85","parent_slug":"nadzaladevi","parent_name_en":"Nadzaladevi","parent_name_ka":"ნაძალადევის რაიონი","parent_name_ru":"Надзаладеви","index":85,"color_index":6,"name_en":"Nadzaladevi 85"},"geometry":{"type":"Polygon","coordinates":[[[44.8189,41.76329],[44.82645,41.76329],[44.82645,41.76892],[44.8189,41.76892],[44.8189,41.76329]]]}},{"type":"Feature","properties":{"slug":"nadzaladevi-86","parent_slug":"nadzaladevi","parent_name_en":"Nadzaladevi","parent_name_ka":"ნაძალადევის რაიონი","parent_name_ru":"Надзаладеви","index":86,"color_index":6,"name_en":"Nadzaladevi 86"},"geometry":{"type":"Polygon","coordinates":[[[44.82645,41.76329],[44.834,41.76329],[44.834,41.76892],[44.82645,41.76892],[44.82645,41.76329]]]}},{"type":"Feature","properties":{"slug":"nadzaladevi-87","parent_slug":"nadzaladevi","parent_name_en":"Nadzaladevi","parent_name_ka":"ნაძალადევის რაიონი","parent_name_ru":"Надзаладеви","index":87,"color_index":6,"name_en":"Nadzaladevi 87"},"geometry":{"type":"Polygon","coordinates":[[[44.834,41.76329],[44.84155,41.76329],[44.84155,41.76892],[44.834,41.76892],[44.834,41.76329]]]}},{"type":"Feature","properties":{"slug":"nadzaladevi-88","parent_slug":"nadzaladevi","parent_name_en":"Nadzaladevi","parent_name_ka":"ნაძალადევის რაიონი","parent_name_ru":"Надзаладеви","index":88,"color_index":6,"name_en":"Nadzaladevi 88"},"geometry":{"type":"Polygon","coordinates":[[[44.84155,41.76329],[44.84909,41.76329],[44.84909,41.76892],[44.84155,41.76892],[44.84155,41.76329]]]}},{"type":"Feature","properties":{"slug":"nadzaladevi-89","parent_slug":"nadzaladevi","parent_name_en":"Nadzaladevi","parent_name_ka":"ნაძალადევის რაიონი","parent_name_ru":"Надзаладеви","index":89,"color_index":6,"name_en":"Nadzaladevi 89"},"geometry":{"type":"Polygon","coordinates":[[[44.84909,41.76329],[44.85664,41.76329],[44.85664,41.76892],[44.84909,41.76892],[44.84909,41.76329]]]}},{"type":"Feature","properties":{"slug":"nadzaladevi-9","parent_slug":"nadzaladevi","parent_name_en":"Nadzaladevi","parent_name_ka":"ნაძალადევის რაიონი","parent_name_ru":"Надзаладеви","index":9,"color_index":6,"name_en":"Nadzaladevi 9"},"geometry":{"type":"Polygon","coordinates":[[[44.8189,41.7295],[44.82645,41.7295],[44.82645,41.73514],[44.8189,41.73514],[44.8189,41.7295]]]}},{"type":"Feature","properties":{"slug":"nadzaladevi-90","parent_slug":"nadzaladevi","parent_name_en":"Nadzaladevi","parent_name_ka":"ნაძალადევის რაიონი","parent_name_ru":"Надзаладеви","index":90,"color_index":6,"name_en":"Nadzaladevi 90"},"geometry":{"type":"Polygon","coordinates":[[[44.78116,41.76892],[44.78871,41.76892],[44.78871,41.77455],[44.78116,41.77455],[44.78116,41.76892]]]}},{"type":"Feature","properties":{"slug":"nadzaladevi-91","parent_slug":"nadzaladevi","parent_name_en":"Nadzaladevi","parent_name_ka":"ნაძალადევის რაიონი","parent_name_ru":"Надзаладеви","index":91,"color_index":6,"name_en":"Nadzaladevi 91"},"geometry":{"type":"Polygon","coordinates":[[[44.78871,41.76892],[44.79626,41.76892],[44.79626,41.77455],[44.78871,41.77455],[44.78871,41.76892]]]}},{"type":"Feature","properties":{"slug":"nadzaladevi-92","parent_slug":"nadzaladevi","parent_name_en":"Nadzaladevi","parent_name_ka":"ნაძალადევის რაიონი","parent_name_ru":"Надзаладеви","index":92,"color_index":6,"name_en":"Nadzaladevi 92"},"geometry":{"type":"Polygon","coordinates":[[[44.79626,41.76892],[44.8038,41.76892],[44.8038,41.77455],[44.79626,41.77455],[44.79626,41.76892]]]}},{"type":"Feature","properties":{"slug":"nadzaladevi-93","parent_slug":"nadzaladevi","parent_name_en":"Nadzaladevi","parent_name_ka":"ნაძალადევის რაიონი","parent_name_ru":"Надзаладеви","index":93,"color_index":6,"name_en":"Nadzaladevi 93"},"geometry":{"type":"Polygon","coordinates":[[[44.8038,41.76892],[44.81135,41.76892],[44.81135,41.77455],[44.8038,41.77455],[44.8038,41.76892]]]}},{"type":"Feature","properties":{"slug":"nadzaladevi-94","parent_slug":"nadzaladevi","parent_name_en":"Nadzaladevi","parent_name_ka":"ნაძალადევის რაიონი","parent_name_ru":"Надзаладеви","index":94,"color_index":6,"name_en":"Nadzaladevi 94"},"geometry":{"type":"Polygon","coordinates":[[[44.81135,41.76892],[44.8189,41.76892],[44.8189,41.77455],[44.81135,41.77455],[44.81135,41.76892]]]}},{"type":"Feature","properties":{"slug":"nadzaladevi-95","parent_slug":"nadzaladevi","parent_name_en":"Nadzaladevi","parent_name_ka":"ნაძალადევის რაიონი","parent_name_ru":"Надзаладеви","index":95,"color_index":6,"name_en":"Nadzaladevi 95"},"geometry":{"type":"Polygon","coordinates":[[[44.8189,41.76892],[44.82645,41.76892],[44.82645,41.77455],[44.8189,41.77455],[44.8189,41.76892]]]}},{"type":"Feature","properties":{"slug":"nadzaladevi-96","parent_slug":"nadzaladevi","parent_name_en":"Nadzaladevi","parent_name_ka":"ნაძალადევის რაიონი","parent_name_ru":"Надзаладеви","index":96,"color_index":6,"name_en":"Nadzaladevi 96"},"geometry":{"type":"Polygon","coordinates":[[[44.82645,41.76892],[44.834,41.76892],[44.834,41.77455],[44.82645,41.77455],[44.82645,41.76892]]]}},{"type":"Feature","properties":{"slug":"nadzaladevi-97","parent_slug":"nadzaladevi","parent_name_en":"Nadzaladevi","parent_name_ka":"ნაძალადევის რაიონი","parent_name_ru":"Надзаладеви","index":97,"color_index":6,"name_en":"Nadzaladevi 97"},"geometry":{"type":"Polygon","coordinates":[[[44.834,41.76892],[44.84155,41.76892],[44.84155,41.77455],[44.834,41.77455],[44.834,41.76892]]]}},{"type":"Feature","properties":{"slug":"nadzaladevi-98","parent_slug":"nadzaladevi","parent_name_en":"Nadzaladevi","parent_name_ka":"ნაძალადევის რაიონი","parent_name_ru":"Надзаладеви","index":98,"color_index":6,"name_en":"Nadzaladevi 98"},"geometry":{"type":"Polygon","coordinates":[[[44.84155,41.76892],[44.84909,41.76892],[44.84909,41.77455],[44.84155,41.77455],[44.84155,41.76892]]]}},{"type":"Feature","properties":{"slug":"nadzaladevi-99","parent_slug":"nadzaladevi","parent_name_en":"Nadzaladevi","parent_name_ka":"ნაძალადევის რაიონი","parent_name_ru":"Надзаладеви","index":99,"color_index":6,"name_en":"Nadzaladevi 99"},"geometry":{"type":"Polygon","coordinates":[[[44.78871,41.77455],[44.79626,41.77455],[44.79626,41.78018],[44.78871,41.78018],[44.78871,41.77455]]]}},{"type":"Feature","properties":{"slug":"saburtalo-1","parent_slug":"saburtalo","parent_name_en":"Saburtalo","parent_name_ka":"საბურთალოს რაიონი","parent_name_ru":"Сабуртало","index":1,"color_index":7,"name_en":"Saburtalo 1"},"geometry":{"type":"Polygon","coordinates":[[[44.75851,41.71261],[44.76606,41.71261],[44.76606,41.71824],[44.75851,41.71824],[44.75851,41.71261]]]}},{"type":"Feature","properties":{"slug":"saburtalo-10","parent_slug":"saburtalo","parent_name_en":"Saburtalo","parent_name_ka":"საბურთალოს რაიონი","parent_name_ru":"Сабуртало","index":10,"color_index":7,"name_en":"Saburtalo 10"},"geometry":{"type":"Polygon","coordinates":[[[44.75097,41.72387],[44.75851,41.72387],[44.75851,41.7295],[44.75097,41.7295],[44.75097,41.72387]]]}},{"type":"Feature","properties":{"slug":"saburtalo-100","parent_slug":"saburtalo","parent_name_en":"Saburtalo","parent_name_ka":"საბურთალოს რაიონი","parent_name_ru":"Сабуртало","index":100,"color_index":7,"name_en":"Saburtalo 100"},"geometry":{"type":"Polygon","coordinates":[[[44.69813,41.78018],[44.70568,41.78018],[44.70568,41.78581],[44.69813,41.78581],[44.69813,41.78018]]]}},{"type":"Feature","properties":{"slug":"saburtalo-101","parent_slug":"saburtalo","parent_name_en":"Saburtalo","parent_name_ka":"საბურთალოს რაიონი","parent_name_ru":"Сабуртало","index":101,"color_index":7,"name_en":"Saburtalo 101"},"geometry":{"type":"Polygon","coordinates":[[[44.70568,41.78018],[44.71322,41.78018],[44.71322,41.78581],[44.70568,41.78581],[44.70568,41.78018]]]}},{"type":"Feature","properties":{"slug":"saburtalo-102","parent_slug":"saburtalo","parent_name_en":"Saburtalo","parent_name_ka":"საბურთალოს რაიონი","parent_name_ru":"Сабуртало","index":102,"color_index":7,"name_en":"Saburtalo 102"},"geometry":{"type":"Polygon","coordinates":[[[44.71322,41.78018],[44.72077,41.78018],[44.72077,41.78581],[44.71322,41.78581],[44.71322,41.78018]]]}},{"type":"Feature","properties":{"slug":"saburtalo-103","parent_slug":"saburtalo","parent_name_en":"Saburtalo","parent_name_ka":"საბურთალოს რაიონი","parent_name_ru":"Сабуртало","index":103,"color_index":7,"name_en":"Saburtalo 103"},"geometry":{"type":"Polygon","coordinates":[[[44.72077,41.78018],[44.72832,41.78018],[44.72832,41.78581],[44.72077,41.78581],[44.72077,41.78018]]]}},{"type":"Feature","properties":{"slug":"saburtalo-104","parent_slug":"saburtalo","parent_name_en":"Saburtalo","parent_name_ka":"საბურთალოს რაიონი","parent_name_ru":"Сабуртало","index":104,"color_index":7,"name_en":"Saburtalo 104"},"geometry":{"type":"Polygon","coordinates":[[[44.72832,41.78018],[44.73587,41.78018],[44.73587,41.78581],[44.72832,41.78581],[44.72832,41.78018]]]}},{"type":"Feature","properties":{"slug":"saburtalo-105","parent_slug":"saburtalo","parent_name_en":"Saburtalo","parent_name_ka":"საბურთალოს რაიონი","parent_name_ru":"Сабуртало","index":105,"color_index":7,"name_en":"Saburtalo 105"},"geometry":{"type":"Polygon","coordinates":[[[44.73587,41.78018],[44.74342,41.78018],[44.74342,41.78581],[44.73587,41.78581],[44.73587,41.78018]]]}},{"type":"Feature","properties":{"slug":"saburtalo-106","parent_slug":"saburtalo","parent_name_en":"Saburtalo","parent_name_ka":"საბურთალოს რაიონი","parent_name_ru":"Сабуртало","index":106,"color_index":7,"name_en":"Saburtalo 106"},"geometry":{"type":"Polygon","coordinates":[[[44.74342,41.78018],[44.75097,41.78018],[44.75097,41.78581],[44.74342,41.78581],[44.74342,41.78018]]]}},{"type":"Feature","properties":{"slug":"saburtalo-107","parent_slug":"saburtalo","parent_name_en":"Saburtalo","parent_name_ka":"საბურთალოს რაიონი","parent_name_ru":"Сабуртало","index":107,"color_index":7,"name_en":"Saburtalo 107"},"geometry":{"type":"Polygon","coordinates":[[[44.75097,41.78018],[44.75851,41.78018],[44.75851,41.78581],[44.75097,41.78581],[44.75097,41.78018]]]}},{"type":"Feature","properties":{"slug":"saburtalo-108","parent_slug":"saburtalo","parent_name_en":"Saburtalo","parent_name_ka":"საბურთალოს რაიონი","parent_name_ru":"Сабуртало","index":108,"color_index":7,"name_en":"Saburtalo 108"},"geometry":{"type":"Polygon","coordinates":[[[44.75851,41.78018],[44.76606,41.78018],[44.76606,41.78581],[44.75851,41.78581],[44.75851,41.78018]]]}},{"type":"Feature","properties":{"slug":"saburtalo-109","parent_slug":"saburtalo","parent_name_en":"Saburtalo","parent_name_ka":"საბურთალოს რაიონი","parent_name_ru":"Сабуртало","index":109,"color_index":7,"name_en":"Saburtalo 109"},"geometry":{"type":"Polygon","coordinates":[[[44.66039,41.78581],[44.66793,41.78581],[44.66793,41.79144],[44.66039,41.79144],[44.66039,41.78581]]]}},{"type":"Feature","properties":{"slug":"saburtalo-11","parent_slug":"saburtalo","parent_name_en":"Saburtalo","parent_name_ka":"საბურთალოს რაიონი","parent_name_ru":"Сабуртало","index":11,"color_index":7,"name_en":"Saburtalo 11"},"geometry":{"type":"Polygon","coordinates":[[[44.75851,41.72387],[44.76606,41.72387],[44.76606,41.7295],[44.75851,41.7295],[44.75851,41.72387]]]}},{"type":"Feature","properties":{"slug":"saburtalo-110","parent_slug":"saburtalo","parent_name_en":"Saburtalo","parent_name_ka":"საბურთალოს რაიონი","parent_name_ru":"Сабуртало","index":110,"color_index":7,"name_en":"Saburtalo 110"},"geometry":{"type":"Polygon","coordinates":[[[44.66793,41.78581],[44.67548,41.78581],[44.67548,41.79144],[44.66793,41.79144],[44.66793,41.78581]]]}},{"type":"Feature","properties":{"slug":"saburtalo-111","parent_slug":"saburtalo","parent_name_en":"Saburtalo","parent_name_ka":"საბურთალოს რაიონი","parent_name_ru":"Сабуртало","index":111,"color_index":7,"name_en":"Saburtalo 111"},"geometry":{"type":"Polygon","coordinates":[[[44.67548,41.78581],[44.68303,41.78581],[44.68303,41.79144],[44.67548,41.79144],[44.67548,41.78581]]]}},{"type":"Feature","properties":{"slug":"saburtalo-112","parent_slug":"saburtalo","parent_name_en":"Saburtalo","parent_name_ka":"საბურთალოს რაიონი","parent_name_ru":"Сабуртало","index":112,"color_index":7,"name_en":"Saburtalo 112"},"geometry":{"type":"Polygon","coordinates":[[[44.68303,41.78581],[44.69058,41.78581],[44.69058,41.79144],[44.68303,41.79144],[44.68303,41.78581]]]}},{"type":"Feature","properties":{"slug":"saburtalo-113","parent_slug":"saburtalo","parent_name_en":"Saburtalo","parent_name_ka":"საბურთალოს რაიონი","parent_name_ru":"Сабуртало","index":113,"color_index":7,"name_en":"Saburtalo 113"},"geometry":{"type":"Polygon","coordinates":[[[44.69058,41.78581],[44.69813,41.78581],[44.69813,41.79144],[44.69058,41.79144],[44.69058,41.78581]]]}},{"type":"Feature","properties":{"slug":"saburtalo-114","parent_slug":"saburtalo","parent_name_en":"Saburtalo","parent_name_ka":"საბურთალოს რაიონი","parent_name_ru":"Сабуртало","index":114,"color_index":7,"name_en":"Saburtalo 114"},"geometry":{"type":"Polygon","coordinates":[[[44.69813,41.78581],[44.70568,41.78581],[44.70568,41.79144],[44.69813,41.79144],[44.69813,41.78581]]]}},{"type":"Feature","properties":{"slug":"saburtalo-115","parent_slug":"saburtalo","parent_name_en":"Saburtalo","parent_name_ka":"საბურთალოს რაიონი","parent_name_ru":"Сабуртало","index":115,"color_index":7,"name_en":"Saburtalo 115"},"geometry":{"type":"Polygon","coordinates":[[[44.70568,41.78581],[44.71322,41.78581],[44.71322,41.79144],[44.70568,41.79144],[44.70568,41.78581]]]}},{"type":"Feature","properties":{"slug":"saburtalo-116","parent_slug":"saburtalo","parent_name_en":"Saburtalo","parent_name_ka":"საბურთალოს რაიონი","parent_name_ru":"Сабуртало","index":116,"color_index":7,"name_en":"Saburtalo 116"},"geometry":{"type":"Polygon","coordinates":[[[44.71322,41.78581],[44.72077,41.78581],[44.72077,41.79144],[44.71322,41.79144],[44.71322,41.78581]]]}},{"type":"Feature","properties":{"slug":"saburtalo-117","parent_slug":"saburtalo","parent_name_en":"Saburtalo","parent_name_ka":"საბურთალოს რაიონი","parent_name_ru":"Сабуртало","index":117,"color_index":7,"name_en":"Saburtalo 117"},"geometry":{"type":"Polygon","coordinates":[[[44.72077,41.78581],[44.72832,41.78581],[44.72832,41.79144],[44.72077,41.79144],[44.72077,41.78581]]]}},{"type":"Feature","properties":{"slug":"saburtalo-118","parent_slug":"saburtalo","parent_name_en":"Saburtalo","parent_name_ka":"საბურთალოს რაიონი","parent_name_ru":"Сабуртало","index":118,"color_index":7,"name_en":"Saburtalo 118"},"geometry":{"type":"Polygon","coordinates":[[[44.72832,41.78581],[44.73587,41.78581],[44.73587,41.79144],[44.72832,41.79144],[44.72832,41.78581]]]}},{"type":"Feature","properties":{"slug":"saburtalo-119","parent_slug":"saburtalo","parent_name_en":"Saburtalo","parent_name_ka":"საბურთალოს რაიონი","parent_name_ru":"Сабуртало","index":119,"color_index":7,"name_en":"Saburtalo 119"},"geometry":{"type":"Polygon","coordinates":[[[44.73587,41.78581],[44.74342,41.78581],[44.74342,41.79144],[44.73587,41.79144],[44.73587,41.78581]]]}},{"type":"Feature","properties":{"slug":"saburtalo-12","parent_slug":"saburtalo","parent_name_en":"Saburtalo","parent_name_ka":"საბურთალოს რაიონი","parent_name_ru":"Сабуртало","index":12,"color_index":7,"name_en":"Saburtalo 12"},"geometry":{"type":"Polygon","coordinates":[[[44.76606,41.72387],[44.77361,41.72387],[44.77361,41.7295],[44.76606,41.7295],[44.76606,41.72387]]]}},{"type":"Feature","properties":{"slug":"saburtalo-120","parent_slug":"saburtalo","parent_name_en":"Saburtalo","parent_name_ka":"საბურთალოს რაიონი","parent_name_ru":"Сабуртало","index":120,"color_index":7,"name_en":"Saburtalo 120"},"geometry":{"type":"Polygon","coordinates":[[[44.74342,41.78581],[44.75097,41.78581],[44.75097,41.79144],[44.74342,41.79144],[44.74342,41.78581]]]}},{"type":"Feature","properties":{"slug":"saburtalo-121","parent_slug":"saburtalo","parent_name_en":"Saburtalo","parent_name_ka":"საბურთალოს რაიონი","parent_name_ru":"Сабуртало","index":121,"color_index":7,"name_en":"Saburtalo 121"},"geometry":{"type":"Polygon","coordinates":[[[44.75097,41.78581],[44.75851,41.78581],[44.75851,41.79144],[44.75097,41.79144],[44.75097,41.78581]]]}},{"type":"Feature","properties":{"slug":"saburtalo-122","parent_slug":"saburtalo","parent_name_en":"Saburtalo","parent_name_ka":"საბურთალოს რაიონი","parent_name_ru":"Сабуртало","index":122,"color_index":7,"name_en":"Saburtalo 122"},"geometry":{"type":"Polygon","coordinates":[[[44.75851,41.78581],[44.76606,41.78581],[44.76606,41.79144],[44.75851,41.79144],[44.75851,41.78581]]]}},{"type":"Feature","properties":{"slug":"saburtalo-123","parent_slug":"saburtalo","parent_name_en":"Saburtalo","parent_name_ka":"საბურთალოს რაიონი","parent_name_ru":"Сабуртало","index":123,"color_index":7,"name_en":"Saburtalo 123"},"geometry":{"type":"Polygon","coordinates":[[[44.76606,41.78581],[44.77361,41.78581],[44.77361,41.79144],[44.76606,41.79144],[44.76606,41.78581]]]}},{"type":"Feature","properties":{"slug":"saburtalo-124","parent_slug":"saburtalo","parent_name_en":"Saburtalo","parent_name_ka":"საბურთალოს რაიონი","parent_name_ru":"Сабуртало","index":124,"color_index":7,"name_en":"Saburtalo 124"},"geometry":{"type":"Polygon","coordinates":[[[44.77361,41.78581],[44.78116,41.78581],[44.78116,41.79144],[44.77361,41.79144],[44.77361,41.78581]]]}},{"type":"Feature","properties":{"slug":"saburtalo-125","parent_slug":"saburtalo","parent_name_en":"Saburtalo","parent_name_ka":"საბურთალოს რაიონი","parent_name_ru":"Сабуртало","index":125,"color_index":7,"name_en":"Saburtalo 125"},"geometry":{"type":"Polygon","coordinates":[[[44.78116,41.78581],[44.78871,41.78581],[44.78871,41.79144],[44.78116,41.79144],[44.78116,41.78581]]]}},{"type":"Feature","properties":{"slug":"saburtalo-126","parent_slug":"saburtalo","parent_name_en":"Saburtalo","parent_name_ka":"საბურთალოს რაიონი","parent_name_ru":"Сабуртало","index":126,"color_index":7,"name_en":"Saburtalo 126"},"geometry":{"type":"Polygon","coordinates":[[[44.66793,41.79144],[44.67548,41.79144],[44.67548,41.79707],[44.66793,41.79707],[44.66793,41.79144]]]}},{"type":"Feature","properties":{"slug":"saburtalo-127","parent_slug":"saburtalo","parent_name_en":"Saburtalo","parent_name_ka":"საბურთალოს რაიონი","parent_name_ru":"Сабуртало","index":127,"color_index":7,"name_en":"Saburtalo 127"},"geometry":{"type":"Polygon","coordinates":[[[44.67548,41.79144],[44.68303,41.79144],[44.68303,41.79707],[44.67548,41.79707],[44.67548,41.79144]]]}},{"type":"Feature","properties":{"slug":"saburtalo-128","parent_slug":"saburtalo","parent_name_en":"Saburtalo","parent_name_ka":"საბურთალოს რაიონი","parent_name_ru":"Сабуртало","index":128,"color_index":7,"name_en":"Saburtalo 128"},"geometry":{"type":"Polygon","coordinates":[[[44.68303,41.79144],[44.69058,41.79144],[44.69058,41.79707],[44.68303,41.79707],[44.68303,41.79144]]]}},{"type":"Feature","properties":{"slug":"saburtalo-129","parent_slug":"saburtalo","parent_name_en":"Saburtalo","parent_name_ka":"საბურთალოს რაიონი","parent_name_ru":"Сабуртало","index":129,"color_index":7,"name_en":"Saburtalo 129"},"geometry":{"type":"Polygon","coordinates":[[[44.69058,41.79144],[44.69813,41.79144],[44.69813,41.79707],[44.69058,41.79707],[44.69058,41.79144]]]}},{"type":"Feature","properties":{"slug":"saburtalo-13","parent_slug":"saburtalo","parent_name_en":"Saburtalo","parent_name_ka":"საბურთალოს რაიონი","parent_name_ru":"Сабуртало","index":13,"color_index":7,"name_en":"Saburtalo 13"},"geometry":{"type":"Polygon","coordinates":[[[44.77361,41.72387],[44.78116,41.72387],[44.78116,41.7295],[44.77361,41.7295],[44.77361,41.72387]]]}},{"type":"Feature","properties":{"slug":"saburtalo-130","parent_slug":"saburtalo","parent_name_en":"Saburtalo","parent_name_ka":"საბურთალოს რაიონი","parent_name_ru":"Сабуртало","index":130,"color_index":7,"name_en":"Saburtalo 130"},"geometry":{"type":"Polygon","coordinates":[[[44.69813,41.79144],[44.70568,41.79144],[44.70568,41.79707],[44.69813,41.79707],[44.69813,41.79144]]]}},{"type":"Feature","properties":{"slug":"saburtalo-131","parent_slug":"saburtalo","parent_name_en":"Saburtalo","parent_name_ka":"საბურთალოს რაიონი","parent_name_ru":"Сабуртало","index":131,"color_index":7,"name_en":"Saburtalo 131"},"geometry":{"type":"Polygon","coordinates":[[[44.70568,41.79144],[44.71322,41.79144],[44.71322,41.79707],[44.70568,41.79707],[44.70568,41.79144]]]}},{"type":"Feature","properties":{"slug":"saburtalo-132","parent_slug":"saburtalo","parent_name_en":"Saburtalo","parent_name_ka":"საბურთალოს რაიონი","parent_name_ru":"Сабуртало","index":132,"color_index":7,"name_en":"Saburtalo 132"},"geometry":{"type":"Polygon","coordinates":[[[44.71322,41.79144],[44.72077,41.79144],[44.72077,41.79707],[44.71322,41.79707],[44.71322,41.79144]]]}},{"type":"Feature","properties":{"slug":"saburtalo-133","parent_slug":"saburtalo","parent_name_en":"Saburtalo","parent_name_ka":"საბურთალოს რაიონი","parent_name_ru":"Сабуртало","index":133,"color_index":7,"name_en":"Saburtalo 133"},"geometry":{"type":"Polygon","coordinates":[[[44.72077,41.79144],[44.72832,41.79144],[44.72832,41.79707],[44.72077,41.79707],[44.72077,41.79144]]]}},{"type":"Feature","properties":{"slug":"saburtalo-134","parent_slug":"saburtalo","parent_name_en":"Saburtalo","parent_name_ka":"საბურთალოს რაიონი","parent_name_ru":"Сабуртало","index":134,"color_index":7,"name_en":"Saburtalo 134"},"geometry":{"type":"Polygon","coordinates":[[[44.72832,41.79144],[44.73587,41.79144],[44.73587,41.79707],[44.72832,41.79707],[44.72832,41.79144]]]}},{"type":"Feature","properties":{"slug":"saburtalo-135","parent_slug":"saburtalo","parent_name_en":"Saburtalo","parent_name_ka":"საბურთალოს რაიონი","parent_name_ru":"Сабуртало","index":135,"color_index":7,"name_en":"Saburtalo 135"},"geometry":{"type":"Polygon","coordinates":[[[44.73587,41.79144],[44.74342,41.79144],[44.74342,41.79707],[44.73587,41.79707],[44.73587,41.79144]]]}},{"type":"Feature","properties":{"slug":"saburtalo-136","parent_slug":"saburtalo","parent_name_en":"Saburtalo","parent_name_ka":"საბურთალოს რაიონი","parent_name_ru":"Сабуртало","index":136,"color_index":7,"name_en":"Saburtalo 136"},"geometry":{"type":"Polygon","coordinates":[[[44.74342,41.79144],[44.75097,41.79144],[44.75097,41.79707],[44.74342,41.79707],[44.74342,41.79144]]]}},{"type":"Feature","properties":{"slug":"saburtalo-137","parent_slug":"saburtalo","parent_name_en":"Saburtalo","parent_name_ka":"საბურთალოს რაიონი","parent_name_ru":"Сабуртало","index":137,"color_index":7,"name_en":"Saburtalo 137"},"geometry":{"type":"Polygon","coordinates":[[[44.75097,41.79144],[44.75851,41.79144],[44.75851,41.79707],[44.75097,41.79707],[44.75097,41.79144]]]}},{"type":"Feature","properties":{"slug":"saburtalo-138","parent_slug":"saburtalo","parent_name_en":"Saburtalo","parent_name_ka":"საბურთალოს რაიონი","parent_name_ru":"Сабуртало","index":138,"color_index":7,"name_en":"Saburtalo 138"},"geometry":{"type":"Polygon","coordinates":[[[44.75851,41.79144],[44.76606,41.79144],[44.76606,41.79707],[44.75851,41.79707],[44.75851,41.79144]]]}},{"type":"Feature","properties":{"slug":"saburtalo-139","parent_slug":"saburtalo","parent_name_en":"Saburtalo","parent_name_ka":"საბურთალოს რაიონი","parent_name_ru":"Сабуртало","index":139,"color_index":7,"name_en":"Saburtalo 139"},"geometry":{"type":"Polygon","coordinates":[[[44.76606,41.79144],[44.77361,41.79144],[44.77361,41.79707],[44.76606,41.79707],[44.76606,41.79144]]]}},{"type":"Feature","properties":{"slug":"saburtalo-14","parent_slug":"saburtalo","parent_name_en":"Saburtalo","parent_name_ka":"საბურთალოს რაიონი","parent_name_ru":"Сабуртало","index":14,"color_index":7,"name_en":"Saburtalo 14"},"geometry":{"type":"Polygon","coordinates":[[[44.73587,41.7295],[44.74342,41.7295],[44.74342,41.73514],[44.73587,41.73514],[44.73587,41.7295]]]}},{"type":"Feature","properties":{"slug":"saburtalo-140","parent_slug":"saburtalo","parent_name_en":"Saburtalo","parent_name_ka":"საბურთალოს რაიონი","parent_name_ru":"Сабуртало","index":140,"color_index":7,"name_en":"Saburtalo 140"},"geometry":{"type":"Polygon","coordinates":[[[44.77361,41.79144],[44.78116,41.79144],[44.78116,41.79707],[44.77361,41.79707],[44.77361,41.79144]]]}},{"type":"Feature","properties":{"slug":"saburtalo-141","parent_slug":"saburtalo","parent_name_en":"Saburtalo","parent_name_ka":"საბურთალოს რაიონი","parent_name_ru":"Сабуртало","index":141,"color_index":7,"name_en":"Saburtalo 141"},"geometry":{"type":"Polygon","coordinates":[[[44.78116,41.79144],[44.78871,41.79144],[44.78871,41.79707],[44.78116,41.79707],[44.78116,41.79144]]]}},{"type":"Feature","properties":{"slug":"saburtalo-142","parent_slug":"saburtalo","parent_name_en":"Saburtalo","parent_name_ka":"საბურთალოს რაიონი","parent_name_ru":"Сабуртало","index":142,"color_index":7,"name_en":"Saburtalo 142"},"geometry":{"type":"Polygon","coordinates":[[[44.67548,41.79707],[44.68303,41.79707],[44.68303,41.8027],[44.67548,41.8027],[44.67548,41.79707]]]}},{"type":"Feature","properties":{"slug":"saburtalo-143","parent_slug":"saburtalo","parent_name_en":"Saburtalo","parent_name_ka":"საბურთალოს რაიონი","parent_name_ru":"Сабуртало","index":143,"color_index":7,"name_en":"Saburtalo 143"},"geometry":{"type":"Polygon","coordinates":[[[44.68303,41.79707],[44.69058,41.79707],[44.69058,41.8027],[44.68303,41.8027],[44.68303,41.79707]]]}},{"type":"Feature","properties":{"slug":"saburtalo-144","parent_slug":"saburtalo","parent_name_en":"Saburtalo","parent_name_ka":"საბურთალოს რაიონი","parent_name_ru":"Сабуртало","index":144,"color_index":7,"name_en":"Saburtalo 144"},"geometry":{"type":"Polygon","coordinates":[[[44.69058,41.79707],[44.69813,41.79707],[44.69813,41.8027],[44.69058,41.8027],[44.69058,41.79707]]]}},{"type":"Feature","properties":{"slug":"saburtalo-145","parent_slug":"saburtalo","parent_name_en":"Saburtalo","parent_name_ka":"საბურთალოს რაიონი","parent_name_ru":"Сабуртало","index":145,"color_index":7,"name_en":"Saburtalo 145"},"geometry":{"type":"Polygon","coordinates":[[[44.69813,41.79707],[44.70568,41.79707],[44.70568,41.8027],[44.69813,41.8027],[44.69813,41.79707]]]}},{"type":"Feature","properties":{"slug":"saburtalo-146","parent_slug":"saburtalo","parent_name_en":"Saburtalo","parent_name_ka":"საბურთალოს რაიონი","parent_name_ru":"Сабуртало","index":146,"color_index":7,"name_en":"Saburtalo 146"},"geometry":{"type":"Polygon","coordinates":[[[44.70568,41.79707],[44.71322,41.79707],[44.71322,41.8027],[44.70568,41.8027],[44.70568,41.79707]]]}},{"type":"Feature","properties":{"slug":"saburtalo-147","parent_slug":"saburtalo","parent_name_en":"Saburtalo","parent_name_ka":"საბურთალოს რაიონი","parent_name_ru":"Сабуртало","index":147,"color_index":7,"name_en":"Saburtalo 147"},"geometry":{"type":"Polygon","coordinates":[[[44.71322,41.79707],[44.72077,41.79707],[44.72077,41.8027],[44.71322,41.8027],[44.71322,41.79707]]]}},{"type":"Feature","properties":{"slug":"saburtalo-148","parent_slug":"saburtalo","parent_name_en":"Saburtalo","parent_name_ka":"საბურთალოს რაიონი","parent_name_ru":"Сабуртало","index":148,"color_index":7,"name_en":"Saburtalo 148"},"geometry":{"type":"Polygon","coordinates":[[[44.72077,41.79707],[44.72832,41.79707],[44.72832,41.8027],[44.72077,41.8027],[44.72077,41.79707]]]}},{"type":"Feature","properties":{"slug":"saburtalo-149","parent_slug":"saburtalo","parent_name_en":"Saburtalo","parent_name_ka":"საბურთალოს რაიონი","parent_name_ru":"Сабуртало","index":149,"color_index":7,"name_en":"Saburtalo 149"},"geometry":{"type":"Polygon","coordinates":[[[44.72832,41.79707],[44.73587,41.79707],[44.73587,41.8027],[44.72832,41.8027],[44.72832,41.79707]]]}},{"type":"Feature","properties":{"slug":"saburtalo-15","parent_slug":"saburtalo","parent_name_en":"Saburtalo","parent_name_ka":"საბურთალოს რაიონი","parent_name_ru":"Сабуртало","index":15,"color_index":7,"name_en":"Saburtalo 15"},"geometry":{"type":"Polygon","coordinates":[[[44.74342,41.7295],[44.75097,41.7295],[44.75097,41.73514],[44.74342,41.73514],[44.74342,41.7295]]]}},{"type":"Feature","properties":{"slug":"saburtalo-150","parent_slug":"saburtalo","parent_name_en":"Saburtalo","parent_name_ka":"საბურთალოს რაიონი","parent_name_ru":"Сабуртало","index":150,"color_index":7,"name_en":"Saburtalo 150"},"geometry":{"type":"Polygon","coordinates":[[[44.73587,41.79707],[44.74342,41.79707],[44.74342,41.8027],[44.73587,41.8027],[44.73587,41.79707]]]}},{"type":"Feature","properties":{"slug":"saburtalo-151","parent_slug":"saburtalo","parent_name_en":"Saburtalo","parent_name_ka":"საბურთალოს რაიონი","parent_name_ru":"Сабуртало","index":151,"color_index":7,"name_en":"Saburtalo 151"},"geometry":{"type":"Polygon","coordinates":[[[44.74342,41.79707],[44.75097,41.79707],[44.75097,41.8027],[44.74342,41.8027],[44.74342,41.79707]]]}},{"type":"Feature","properties":{"slug":"saburtalo-152","parent_slug":"saburtalo","parent_name_en":"Saburtalo","parent_name_ka":"საბურთალოს რაიონი","parent_name_ru":"Сабуртало","index":152,"color_index":7,"name_en":"Saburtalo 152"},"geometry":{"type":"Polygon","coordinates":[[[44.75097,41.79707],[44.75851,41.79707],[44.75851,41.8027],[44.75097,41.8027],[44.75097,41.79707]]]}},{"type":"Feature","properties":{"slug":"saburtalo-153","parent_slug":"saburtalo","parent_name_en":"Saburtalo","parent_name_ka":"საბურთალოს რაიონი","parent_name_ru":"Сабуртало","index":153,"color_index":7,"name_en":"Saburtalo 153"},"geometry":{"type":"Polygon","coordinates":[[[44.75851,41.79707],[44.76606,41.79707],[44.76606,41.8027],[44.75851,41.8027],[44.75851,41.79707]]]}},{"type":"Feature","properties":{"slug":"saburtalo-154","parent_slug":"saburtalo","parent_name_en":"Saburtalo","parent_name_ka":"საბურთალოს რაიონი","parent_name_ru":"Сабуртало","index":154,"color_index":7,"name_en":"Saburtalo 154"},"geometry":{"type":"Polygon","coordinates":[[[44.76606,41.79707],[44.77361,41.79707],[44.77361,41.8027],[44.76606,41.8027],[44.76606,41.79707]]]}},{"type":"Feature","properties":{"slug":"saburtalo-155","parent_slug":"saburtalo","parent_name_en":"Saburtalo","parent_name_ka":"საბურთალოს რაიონი","parent_name_ru":"Сабуртало","index":155,"color_index":7,"name_en":"Saburtalo 155"},"geometry":{"type":"Polygon","coordinates":[[[44.77361,41.79707],[44.78116,41.79707],[44.78116,41.8027],[44.77361,41.8027],[44.77361,41.79707]]]}},{"type":"Feature","properties":{"slug":"saburtalo-156","parent_slug":"saburtalo","parent_name_en":"Saburtalo","parent_name_ka":"საბურთალოს რაიონი","parent_name_ru":"Сабуртало","index":156,"color_index":7,"name_en":"Saburtalo 156"},"geometry":{"type":"Polygon","coordinates":[[[44.78116,41.79707],[44.78871,41.79707],[44.78871,41.8027],[44.78116,41.8027],[44.78116,41.79707]]]}},{"type":"Feature","properties":{"slug":"saburtalo-157","parent_slug":"saburtalo","parent_name_en":"Saburtalo","parent_name_ka":"საბურთალოს რაიონი","parent_name_ru":"Сабуртало","index":157,"color_index":7,"name_en":"Saburtalo 157"},"geometry":{"type":"Polygon","coordinates":[[[44.68303,41.8027],[44.69058,41.8027],[44.69058,41.80833],[44.68303,41.80833],[44.68303,41.8027]]]}},{"type":"Feature","properties":{"slug":"saburtalo-158","parent_slug":"saburtalo","parent_name_en":"Saburtalo","parent_name_ka":"საბურთალოს რაიონი","parent_name_ru":"Сабуртало","index":158,"color_index":7,"name_en":"Saburtalo 158"},"geometry":{"type":"Polygon","coordinates":[[[44.69058,41.8027],[44.69813,41.8027],[44.69813,41.80833],[44.69058,41.80833],[44.69058,41.8027]]]}},{"type":"Feature","properties":{"slug":"saburtalo-159","parent_slug":"saburtalo","parent_name_en":"Saburtalo","parent_name_ka":"საბურთალოს რაიონი","parent_name_ru":"Сабуртало","index":159,"color_index":7,"name_en":"Saburtalo 159"},"geometry":{"type":"Polygon","coordinates":[[[44.69813,41.8027],[44.70568,41.8027],[44.70568,41.80833],[44.69813,41.80833],[44.69813,41.8027]]]}},{"type":"Feature","properties":{"slug":"saburtalo-16","parent_slug":"saburtalo","parent_name_en":"Saburtalo","parent_name_ka":"საბურთალოს რაიონი","parent_name_ru":"Сабуртало","index":16,"color_index":7,"name_en":"Saburtalo 16"},"geometry":{"type":"Polygon","coordinates":[[[44.75097,41.7295],[44.75851,41.7295],[44.75851,41.73514],[44.75097,41.73514],[44.75097,41.7295]]]}},{"type":"Feature","properties":{"slug":"saburtalo-160","parent_slug":"saburtalo","parent_name_en":"Saburtalo","parent_name_ka":"საბურთალოს რაიონი","parent_name_ru":"Сабуртало","index":160,"color_index":7,"name_en":"Saburtalo 160"},"geometry":{"type":"Polygon","coordinates":[[[44.70568,41.8027],[44.71322,41.8027],[44.71322,41.80833],[44.70568,41.80833],[44.70568,41.8027]]]}},{"type":"Feature","properties":{"slug":"saburtalo-161","parent_slug":"saburtalo","parent_name_en":"Saburtalo","parent_name_ka":"საბურთალოს რაიონი","parent_name_ru":"Сабуртало","index":161,"color_index":7,"name_en":"Saburtalo 161"},"geometry":{"type":"Polygon","coordinates":[[[44.71322,41.8027],[44.72077,41.8027],[44.72077,41.80833],[44.71322,41.80833],[44.71322,41.8027]]]}},{"type":"Feature","properties":{"slug":"saburtalo-162","parent_slug":"saburtalo","parent_name_en":"Saburtalo","parent_name_ka":"საბურთალოს რაიონი","parent_name_ru":"Сабуртало","index":162,"color_index":7,"name_en":"Saburtalo 162"},"geometry":{"type":"Polygon","coordinates":[[[44.72077,41.8027],[44.72832,41.8027],[44.72832,41.80833],[44.72077,41.80833],[44.72077,41.8027]]]}},{"type":"Feature","properties":{"slug":"saburtalo-163","parent_slug":"saburtalo","parent_name_en":"Saburtalo","parent_name_ka":"საბურთალოს რაიონი","parent_name_ru":"Сабуртало","index":163,"color_index":7,"name_en":"Saburtalo 163"},"geometry":{"type":"Polygon","coordinates":[[[44.72832,41.8027],[44.73587,41.8027],[44.73587,41.80833],[44.72832,41.80833],[44.72832,41.8027]]]}},{"type":"Feature","properties":{"slug":"saburtalo-164","parent_slug":"saburtalo","parent_name_en":"Saburtalo","parent_name_ka":"საბურთალოს რაიონი","parent_name_ru":"Сабуртало","index":164,"color_index":7,"name_en":"Saburtalo 164"},"geometry":{"type":"Polygon","coordinates":[[[44.73587,41.8027],[44.74342,41.8027],[44.74342,41.80833],[44.73587,41.80833],[44.73587,41.8027]]]}},{"type":"Feature","properties":{"slug":"saburtalo-165","parent_slug":"saburtalo","parent_name_en":"Saburtalo","parent_name_ka":"საბურთალოს რაიონი","parent_name_ru":"Сабуртало","index":165,"color_index":7,"name_en":"Saburtalo 165"},"geometry":{"type":"Polygon","coordinates":[[[44.74342,41.8027],[44.75097,41.8027],[44.75097,41.80833],[44.74342,41.80833],[44.74342,41.8027]]]}},{"type":"Feature","properties":{"slug":"saburtalo-166","parent_slug":"saburtalo","parent_name_en":"Saburtalo","parent_name_ka":"საბურთალოს რაიონი","parent_name_ru":"Сабуртало","index":166,"color_index":7,"name_en":"Saburtalo 166"},"geometry":{"type":"Polygon","coordinates":[[[44.75097,41.8027],[44.75851,41.8027],[44.75851,41.80833],[44.75097,41.80833],[44.75097,41.8027]]]}},{"type":"Feature","properties":{"slug":"saburtalo-167","parent_slug":"saburtalo","parent_name_en":"Saburtalo","parent_name_ka":"საბურთალოს რაიონი","parent_name_ru":"Сабуртало","index":167,"color_index":7,"name_en":"Saburtalo 167"},"geometry":{"type":"Polygon","coordinates":[[[44.75851,41.8027],[44.76606,41.8027],[44.76606,41.80833],[44.75851,41.80833],[44.75851,41.8027]]]}},{"type":"Feature","properties":{"slug":"saburtalo-168","parent_slug":"saburtalo","parent_name_en":"Saburtalo","parent_name_ka":"საბურთალოს რაიონი","parent_name_ru":"Сабуртало","index":168,"color_index":7,"name_en":"Saburtalo 168"},"geometry":{"type":"Polygon","coordinates":[[[44.76606,41.8027],[44.77361,41.8027],[44.77361,41.80833],[44.76606,41.80833],[44.76606,41.8027]]]}},{"type":"Feature","properties":{"slug":"saburtalo-169","parent_slug":"saburtalo","parent_name_en":"Saburtalo","parent_name_ka":"საბურთალოს რაიონი","parent_name_ru":"Сабуртало","index":169,"color_index":7,"name_en":"Saburtalo 169"},"geometry":{"type":"Polygon","coordinates":[[[44.77361,41.8027],[44.78116,41.8027],[44.78116,41.80833],[44.77361,41.80833],[44.77361,41.8027]]]}},{"type":"Feature","properties":{"slug":"saburtalo-17","parent_slug":"saburtalo","parent_name_en":"Saburtalo","parent_name_ka":"საბურთალოს რაიონი","parent_name_ru":"Сабуртало","index":17,"color_index":7,"name_en":"Saburtalo 17"},"geometry":{"type":"Polygon","coordinates":[[[44.75851,41.7295],[44.76606,41.7295],[44.76606,41.73514],[44.75851,41.73514],[44.75851,41.7295]]]}},{"type":"Feature","properties":{"slug":"saburtalo-170","parent_slug":"saburtalo","parent_name_en":"Saburtalo","parent_name_ka":"საბურთალოს რაიონი","parent_name_ru":"Сабуртало","index":170,"color_index":7,"name_en":"Saburtalo 170"},"geometry":{"type":"Polygon","coordinates":[[[44.78116,41.8027],[44.78871,41.8027],[44.78871,41.80833],[44.78116,41.80833],[44.78116,41.8027]]]}},{"type":"Feature","properties":{"slug":"saburtalo-171","parent_slug":"saburtalo","parent_name_en":"Saburtalo","parent_name_ka":"საბურთალოს რაიონი","parent_name_ru":"Сабуртало","index":171,"color_index":7,"name_en":"Saburtalo 171"},"geometry":{"type":"Polygon","coordinates":[[[44.69058,41.80833],[44.69813,41.80833],[44.69813,41.81396],[44.69058,41.81396],[44.69058,41.80833]]]}},{"type":"Feature","properties":{"slug":"saburtalo-172","parent_slug":"saburtalo","parent_name_en":"Saburtalo","parent_name_ka":"საბურთალოს რაიონი","parent_name_ru":"Сабуртало","index":172,"color_index":7,"name_en":"Saburtalo 172"},"geometry":{"type":"Polygon","coordinates":[[[44.69813,41.80833],[44.70568,41.80833],[44.70568,41.81396],[44.69813,41.81396],[44.69813,41.80833]]]}},{"type":"Feature","properties":{"slug":"saburtalo-173","parent_slug":"saburtalo","parent_name_en":"Saburtalo","parent_name_ka":"საბურთალოს რაიონი","parent_name_ru":"Сабуртало","index":173,"color_index":7,"name_en":"Saburtalo 173"},"geometry":{"type":"Polygon","coordinates":[[[44.70568,41.80833],[44.71322,41.80833],[44.71322,41.81396],[44.70568,41.81396],[44.70568,41.80833]]]}},{"type":"Feature","properties":{"slug":"saburtalo-174","parent_slug":"saburtalo","parent_name_en":"Saburtalo","parent_name_ka":"საბურთალოს რაიონი","parent_name_ru":"Сабуртало","index":174,"color_index":7,"name_en":"Saburtalo 174"},"geometry":{"type":"Polygon","coordinates":[[[44.71322,41.80833],[44.72077,41.80833],[44.72077,41.81396],[44.71322,41.81396],[44.71322,41.80833]]]}},{"type":"Feature","properties":{"slug":"saburtalo-175","parent_slug":"saburtalo","parent_name_en":"Saburtalo","parent_name_ka":"საბურთალოს რაიონი","parent_name_ru":"Сабуртало","index":175,"color_index":7,"name_en":"Saburtalo 175"},"geometry":{"type":"Polygon","coordinates":[[[44.72077,41.80833],[44.72832,41.80833],[44.72832,41.81396],[44.72077,41.81396],[44.72077,41.80833]]]}},{"type":"Feature","properties":{"slug":"saburtalo-176","parent_slug":"saburtalo","parent_name_en":"Saburtalo","parent_name_ka":"საბურთალოს რაიონი","parent_name_ru":"Сабуртало","index":176,"color_index":7,"name_en":"Saburtalo 176"},"geometry":{"type":"Polygon","coordinates":[[[44.72832,41.80833],[44.73587,41.80833],[44.73587,41.81396],[44.72832,41.81396],[44.72832,41.80833]]]}},{"type":"Feature","properties":{"slug":"saburtalo-177","parent_slug":"saburtalo","parent_name_en":"Saburtalo","parent_name_ka":"საბურთალოს რაიონი","parent_name_ru":"Сабуртало","index":177,"color_index":7,"name_en":"Saburtalo 177"},"geometry":{"type":"Polygon","coordinates":[[[44.73587,41.80833],[44.74342,41.80833],[44.74342,41.81396],[44.73587,41.81396],[44.73587,41.80833]]]}},{"type":"Feature","properties":{"slug":"saburtalo-178","parent_slug":"saburtalo","parent_name_en":"Saburtalo","parent_name_ka":"საბურთალოს რაიონი","parent_name_ru":"Сабуртало","index":178,"color_index":7,"name_en":"Saburtalo 178"},"geometry":{"type":"Polygon","coordinates":[[[44.74342,41.80833],[44.75097,41.80833],[44.75097,41.81396],[44.74342,41.81396],[44.74342,41.80833]]]}},{"type":"Feature","properties":{"slug":"saburtalo-179","parent_slug":"saburtalo","parent_name_en":"Saburtalo","parent_name_ka":"საბურთალოს რაიონი","parent_name_ru":"Сабуртало","index":179,"color_index":7,"name_en":"Saburtalo 179"},"geometry":{"type":"Polygon","coordinates":[[[44.75097,41.80833],[44.75851,41.80833],[44.75851,41.81396],[44.75097,41.81396],[44.75097,41.80833]]]}},{"type":"Feature","properties":{"slug":"saburtalo-18","parent_slug":"saburtalo","parent_name_en":"Saburtalo","parent_name_ka":"საბურთალოს რაიონი","parent_name_ru":"Сабуртало","index":18,"color_index":7,"name_en":"Saburtalo 18"},"geometry":{"type":"Polygon","coordinates":[[[44.76606,41.7295],[44.77361,41.7295],[44.77361,41.73514],[44.76606,41.73514],[44.76606,41.7295]]]}},{"type":"Feature","properties":{"slug":"saburtalo-180","parent_slug":"saburtalo","parent_name_en":"Saburtalo","parent_name_ka":"საბურთალოს რაიონი","parent_name_ru":"Сабуртало","index":180,"color_index":7,"name_en":"Saburtalo 180"},"geometry":{"type":"Polygon","coordinates":[[[44.75851,41.80833],[44.76606,41.80833],[44.76606,41.81396],[44.75851,41.81396],[44.75851,41.80833]]]}},{"type":"Feature","properties":{"slug":"saburtalo-181","parent_slug":"saburtalo","parent_name_en":"Saburtalo","parent_name_ka":"საბურთალოს რაიონი","parent_name_ru":"Сабуртало","index":181,"color_index":7,"name_en":"Saburtalo 181"},"geometry":{"type":"Polygon","coordinates":[[[44.76606,41.80833],[44.77361,41.80833],[44.77361,41.81396],[44.76606,41.81396],[44.76606,41.80833]]]}},{"type":"Feature","properties":{"slug":"saburtalo-182","parent_slug":"saburtalo","parent_name_en":"Saburtalo","parent_name_ka":"საბურთალოს რაიონი","parent_name_ru":"Сабуртало","index":182,"color_index":7,"name_en":"Saburtalo 182"},"geometry":{"type":"Polygon","coordinates":[[[44.77361,41.80833],[44.78116,41.80833],[44.78116,41.81396],[44.77361,41.81396],[44.77361,41.80833]]]}},{"type":"Feature","properties":{"slug":"saburtalo-183","parent_slug":"saburtalo","parent_name_en":"Saburtalo","parent_name_ka":"საბურთალოს რაიონი","parent_name_ru":"Сабуртало","index":183,"color_index":7,"name_en":"Saburtalo 183"},"geometry":{"type":"Polygon","coordinates":[[[44.78116,41.80833],[44.78871,41.80833],[44.78871,41.81396],[44.78116,41.81396],[44.78116,41.80833]]]}},{"type":"Feature","properties":{"slug":"saburtalo-184","parent_slug":"saburtalo","parent_name_en":"Saburtalo","parent_name_ka":"საბურთალოს რაიონი","parent_name_ru":"Сабуртало","index":184,"color_index":7,"name_en":"Saburtalo 184"},"geometry":{"type":"Polygon","coordinates":[[[44.69058,41.81396],[44.69813,41.81396],[44.69813,41.81959],[44.69058,41.81959],[44.69058,41.81396]]]}},{"type":"Feature","properties":{"slug":"saburtalo-185","parent_slug":"saburtalo","parent_name_en":"Saburtalo","parent_name_ka":"საბურთალოს რაიონი","parent_name_ru":"Сабуртало","index":185,"color_index":7,"name_en":"Saburtalo 185"},"geometry":{"type":"Polygon","coordinates":[[[44.69813,41.81396],[44.70568,41.81396],[44.70568,41.81959],[44.69813,41.81959],[44.69813,41.81396]]]}},{"type":"Feature","properties":{"slug":"saburtalo-186","parent_slug":"saburtalo","parent_name_en":"Saburtalo","parent_name_ka":"საბურთალოს რაიონი","parent_name_ru":"Сабуртало","index":186,"color_index":7,"name_en":"Saburtalo 186"},"geometry":{"type":"Polygon","coordinates":[[[44.70568,41.81396],[44.71322,41.81396],[44.71322,41.81959],[44.70568,41.81959],[44.70568,41.81396]]]}},{"type":"Feature","properties":{"slug":"saburtalo-187","parent_slug":"saburtalo","parent_name_en":"Saburtalo","parent_name_ka":"საბურთალოს რაიონი","parent_name_ru":"Сабуртало","index":187,"color_index":7,"name_en":"Saburtalo 187"},"geometry":{"type":"Polygon","coordinates":[[[44.73587,41.81396],[44.74342,41.81396],[44.74342,41.81959],[44.73587,41.81959],[44.73587,41.81396]]]}},{"type":"Feature","properties":{"slug":"saburtalo-188","parent_slug":"saburtalo","parent_name_en":"Saburtalo","parent_name_ka":"საბურთალოს რაიონი","parent_name_ru":"Сабуртало","index":188,"color_index":7,"name_en":"Saburtalo 188"},"geometry":{"type":"Polygon","coordinates":[[[44.74342,41.81396],[44.75097,41.81396],[44.75097,41.81959],[44.74342,41.81959],[44.74342,41.81396]]]}},{"type":"Feature","properties":{"slug":"saburtalo-189","parent_slug":"saburtalo","parent_name_en":"Saburtalo","parent_name_ka":"საბურთალოს რაიონი","parent_name_ru":"Сабуртало","index":189,"color_index":7,"name_en":"Saburtalo 189"},"geometry":{"type":"Polygon","coordinates":[[[44.75097,41.81396],[44.75851,41.81396],[44.75851,41.81959],[44.75097,41.81959],[44.75097,41.81396]]]}},{"type":"Feature","properties":{"slug":"saburtalo-19","parent_slug":"saburtalo","parent_name_en":"Saburtalo","parent_name_ka":"საბურთალოს რაიონი","parent_name_ru":"Сабуртало","index":19,"color_index":7,"name_en":"Saburtalo 19"},"geometry":{"type":"Polygon","coordinates":[[[44.74342,41.73514],[44.75097,41.73514],[44.75097,41.74077],[44.74342,41.74077],[44.74342,41.73514]]]}},{"type":"Feature","properties":{"slug":"saburtalo-190","parent_slug":"saburtalo","parent_name_en":"Saburtalo","parent_name_ka":"საბურთალოს რაიონი","parent_name_ru":"Сабуртало","index":190,"color_index":7,"name_en":"Saburtalo 190"},"geometry":{"type":"Polygon","coordinates":[[[44.75851,41.81396],[44.76606,41.81396],[44.76606,41.81959],[44.75851,41.81959],[44.75851,41.81396]]]}},{"type":"Feature","properties":{"slug":"saburtalo-191","parent_slug":"saburtalo","parent_name_en":"Saburtalo","parent_name_ka":"საბურთალოს რაიონი","parent_name_ru":"Сабуртало","index":191,"color_index":7,"name_en":"Saburtalo 191"},"geometry":{"type":"Polygon","coordinates":[[[44.76606,41.81396],[44.77361,41.81396],[44.77361,41.81959],[44.76606,41.81959],[44.76606,41.81396]]]}},{"type":"Feature","properties":{"slug":"saburtalo-192","parent_slug":"saburtalo","parent_name_en":"Saburtalo","parent_name_ka":"საბურთალოს რაიონი","parent_name_ru":"Сабуртало","index":192,"color_index":7,"name_en":"Saburtalo 192"},"geometry":{"type":"Polygon","coordinates":[[[44.77361,41.81396],[44.78116,41.81396],[44.78116,41.81959],[44.77361,41.81959],[44.77361,41.81396]]]}},{"type":"Feature","properties":{"slug":"saburtalo-193","parent_slug":"saburtalo","parent_name_en":"Saburtalo","parent_name_ka":"საბურთალოს რაიონი","parent_name_ru":"Сабуртало","index":193,"color_index":7,"name_en":"Saburtalo 193"},"geometry":{"type":"Polygon","coordinates":[[[44.76606,41.81959],[44.77361,41.81959],[44.77361,41.82523],[44.76606,41.82523],[44.76606,41.81959]]]}},{"type":"Feature","properties":{"slug":"saburtalo-194","parent_slug":"saburtalo","parent_name_en":"Saburtalo","parent_name_ka":"საბურთალოს რაიონი","parent_name_ru":"Сабуртало","index":194,"color_index":7,"name_en":"Saburtalo 194"},"geometry":{"type":"Polygon","coordinates":[[[44.77361,41.81959],[44.78116,41.81959],[44.78116,41.82523],[44.77361,41.82523],[44.77361,41.81959]]]}},{"type":"Feature","properties":{"slug":"saburtalo-2","parent_slug":"saburtalo","parent_name_en":"Saburtalo","parent_name_ka":"საბურთალოს რაიონი","parent_name_ru":"Сабуртало","index":2,"color_index":7,"name_en":"Saburtalo 2"},"geometry":{"type":"Polygon","coordinates":[[[44.76606,41.71261],[44.77361,41.71261],[44.77361,41.71824],[44.76606,41.71824],[44.76606,41.71261]]]}},{"type":"Feature","properties":{"slug":"saburtalo-20","parent_slug":"saburtalo","parent_name_en":"Saburtalo","parent_name_ka":"საბურთალოს რაიონი","parent_name_ru":"Сабуртало","index":20,"color_index":7,"name_en":"Saburtalo 20"},"geometry":{"type":"Polygon","coordinates":[[[44.75097,41.73514],[44.75851,41.73514],[44.75851,41.74077],[44.75097,41.74077],[44.75097,41.73514]]]}},{"type":"Feature","properties":{"slug":"saburtalo-21","parent_slug":"saburtalo","parent_name_en":"Saburtalo","parent_name_ka":"საბურთალოს რაიონი","parent_name_ru":"Сабуртало","index":21,"color_index":7,"name_en":"Saburtalo 21"},"geometry":{"type":"Polygon","coordinates":[[[44.75851,41.73514],[44.76606,41.73514],[44.76606,41.74077],[44.75851,41.74077],[44.75851,41.73514]]]}},{"type":"Feature","properties":{"slug":"saburtalo-22","parent_slug":"saburtalo","parent_name_en":"Saburtalo","parent_name_ka":"საბურთალოს რაიონი","parent_name_ru":"Сабуртало","index":22,"color_index":7,"name_en":"Saburtalo 22"},"geometry":{"type":"Polygon","coordinates":[[[44.76606,41.73514],[44.77361,41.73514],[44.77361,41.74077],[44.76606,41.74077],[44.76606,41.73514]]]}},{"type":"Feature","properties":{"slug":"saburtalo-23","parent_slug":"saburtalo","parent_name_en":"Saburtalo","parent_name_ka":"საბურთალოს რაიონი","parent_name_ru":"Сабуртало","index":23,"color_index":7,"name_en":"Saburtalo 23"},"geometry":{"type":"Polygon","coordinates":[[[44.72077,41.74077],[44.72832,41.74077],[44.72832,41.7464],[44.72077,41.7464],[44.72077,41.74077]]]}},{"type":"Feature","properties":{"slug":"saburtalo-24","parent_slug":"saburtalo","parent_name_en":"Saburtalo","parent_name_ka":"საბურთალოს რაიონი","parent_name_ru":"Сабуртало","index":24,"color_index":7,"name_en":"Saburtalo 24"},"geometry":{"type":"Polygon","coordinates":[[[44.72832,41.74077],[44.73587,41.74077],[44.73587,41.7464],[44.72832,41.7464],[44.72832,41.74077]]]}},{"type":"Feature","properties":{"slug":"saburtalo-25","parent_slug":"saburtalo","parent_name_en":"Saburtalo","parent_name_ka":"საბურთალოს რაიონი","parent_name_ru":"Сабуртало","index":25,"color_index":7,"name_en":"Saburtalo 25"},"geometry":{"type":"Polygon","coordinates":[[[44.73587,41.74077],[44.74342,41.74077],[44.74342,41.7464],[44.73587,41.7464],[44.73587,41.74077]]]}},{"type":"Feature","properties":{"slug":"saburtalo-26","parent_slug":"saburtalo","parent_name_en":"Saburtalo","parent_name_ka":"საბურთალოს რაიონი","parent_name_ru":"Сабуртало","index":26,"color_index":7,"name_en":"Saburtalo 26"},"geometry":{"type":"Polygon","coordinates":[[[44.74342,41.74077],[44.75097,41.74077],[44.75097,41.7464],[44.74342,41.7464],[44.74342,41.74077]]]}},{"type":"Feature","properties":{"slug":"saburtalo-27","parent_slug":"saburtalo","parent_name_en":"Saburtalo","parent_name_ka":"საბურთალოს რაიონი","parent_name_ru":"Сабуртало","index":27,"color_index":7,"name_en":"Saburtalo 27"},"geometry":{"type":"Polygon","coordinates":[[[44.75097,41.74077],[44.75851,41.74077],[44.75851,41.7464],[44.75097,41.7464],[44.75097,41.74077]]]}},{"type":"Feature","properties":{"slug":"saburtalo-28","parent_slug":"saburtalo","parent_name_en":"Saburtalo","parent_name_ka":"საბურთალოს რაიონი","parent_name_ru":"Сабуртало","index":28,"color_index":7,"name_en":"Saburtalo 28"},"geometry":{"type":"Polygon","coordinates":[[[44.75851,41.74077],[44.76606,41.74077],[44.76606,41.7464],[44.75851,41.7464],[44.75851,41.74077]]]}},{"type":"Feature","properties":{"slug":"saburtalo-29","parent_slug":"saburtalo","parent_name_en":"Saburtalo","parent_name_ka":"საბურთალოს რაიონი","parent_name_ru":"Сабуртало","index":29,"color_index":7,"name_en":"Saburtalo 29"},"geometry":{"type":"Polygon","coordinates":[[[44.76606,41.74077],[44.77361,41.74077],[44.77361,41.7464],[44.76606,41.7464],[44.76606,41.74077]]]}},{"type":"Feature","properties":{"slug":"saburtalo-3","parent_slug":"saburtalo","parent_name_en":"Saburtalo","parent_name_ka":"საბურთალოს რაიონი","parent_name_ru":"Сабуртало","index":3,"color_index":7,"name_en":"Saburtalo 3"},"geometry":{"type":"Polygon","coordinates":[[[44.77361,41.71261],[44.78116,41.71261],[44.78116,41.71824],[44.77361,41.71824],[44.77361,41.71261]]]}},{"type":"Feature","properties":{"slug":"saburtalo-30","parent_slug":"saburtalo","parent_name_en":"Saburtalo","parent_name_ka":"საბურთალოს რაიონი","parent_name_ru":"Сабуртало","index":30,"color_index":7,"name_en":"Saburtalo 30"},"geometry":{"type":"Polygon","coordinates":[[[44.70568,41.7464],[44.71322,41.7464],[44.71322,41.75203],[44.70568,41.75203],[44.70568,41.7464]]]}},{"type":"Feature","properties":{"slug":"saburtalo-31","parent_slug":"saburtalo","parent_name_en":"Saburtalo","parent_name_ka":"საბურთალოს რაიონი","parent_name_ru":"Сабуртало","index":31,"color_index":7,"name_en":"Saburtalo 31"},"geometry":{"type":"Polygon","coordinates":[[[44.71322,41.7464],[44.72077,41.7464],[44.72077,41.75203],[44.71322,41.75203],[44.71322,41.7464]]]}},{"type":"Feature","properties":{"slug":"saburtalo-32","parent_slug":"saburtalo","parent_name_en":"Saburtalo","parent_name_ka":"საბურთალოს რაიონი","parent_name_ru":"Сабуртало","index":32,"color_index":7,"name_en":"Saburtalo 32"},"geometry":{"type":"Polygon","coordinates":[[[44.72077,41.7464],[44.72832,41.7464],[44.72832,41.75203],[44.72077,41.75203],[44.72077,41.7464]]]}},{"type":"Feature","properties":{"slug":"saburtalo-33","parent_slug":"saburtalo","parent_name_en":"Saburtalo","parent_name_ka":"საბურთალოს რაიონი","parent_name_ru":"Сабуртало","index":33,"color_index":7,"name_en":"Saburtalo 33"},"geometry":{"type":"Polygon","coordinates":[[[44.72832,41.7464],[44.73587,41.7464],[44.73587,41.75203],[44.72832,41.75203],[44.72832,41.7464]]]}},{"type":"Feature","properties":{"slug":"saburtalo-34","parent_slug":"saburtalo","parent_name_en":"Saburtalo","parent_name_ka":"საბურთალოს რაიონი","parent_name_ru":"Сабуртало","index":34,"color_index":7,"name_en":"Saburtalo 34"},"geometry":{"type":"Polygon","coordinates":[[[44.73587,41.7464],[44.74342,41.7464],[44.74342,41.75203],[44.73587,41.75203],[44.73587,41.7464]]]}},{"type":"Feature","properties":{"slug":"saburtalo-35","parent_slug":"saburtalo","parent_name_en":"Saburtalo","parent_name_ka":"საბურთალოს რაიონი","parent_name_ru":"Сабуртало","index":35,"color_index":7,"name_en":"Saburtalo 35"},"geometry":{"type":"Polygon","coordinates":[[[44.74342,41.7464],[44.75097,41.7464],[44.75097,41.75203],[44.74342,41.75203],[44.74342,41.7464]]]}},{"type":"Feature","properties":{"slug":"saburtalo-36","parent_slug":"saburtalo","parent_name_en":"Saburtalo","parent_name_ka":"საბურთალოს რაიონი","parent_name_ru":"Сабуртало","index":36,"color_index":7,"name_en":"Saburtalo 36"},"geometry":{"type":"Polygon","coordinates":[[[44.75097,41.7464],[44.75851,41.7464],[44.75851,41.75203],[44.75097,41.75203],[44.75097,41.7464]]]}},{"type":"Feature","properties":{"slug":"saburtalo-37","parent_slug":"saburtalo","parent_name_en":"Saburtalo","parent_name_ka":"საბურთალოს რაიონი","parent_name_ru":"Сабуртало","index":37,"color_index":7,"name_en":"Saburtalo 37"},"geometry":{"type":"Polygon","coordinates":[[[44.75851,41.7464],[44.76606,41.7464],[44.76606,41.75203],[44.75851,41.75203],[44.75851,41.7464]]]}},{"type":"Feature","properties":{"slug":"saburtalo-38","parent_slug":"saburtalo","parent_name_en":"Saburtalo","parent_name_ka":"საბურთალოს რაიონი","parent_name_ru":"Сабуртало","index":38,"color_index":7,"name_en":"Saburtalo 38"},"geometry":{"type":"Polygon","coordinates":[[[44.76606,41.7464],[44.77361,41.7464],[44.77361,41.75203],[44.76606,41.75203],[44.76606,41.7464]]]}},{"type":"Feature","properties":{"slug":"saburtalo-39","parent_slug":"saburtalo","parent_name_en":"Saburtalo","parent_name_ka":"საბურთალოს რაიონი","parent_name_ru":"Сабуртало","index":39,"color_index":7,"name_en":"Saburtalo 39"},"geometry":{"type":"Polygon","coordinates":[[[44.69058,41.75203],[44.69813,41.75203],[44.69813,41.75766],[44.69058,41.75766],[44.69058,41.75203]]]}},{"type":"Feature","properties":{"slug":"saburtalo-4","parent_slug":"saburtalo","parent_name_en":"Saburtalo","parent_name_ka":"საბურთალოს რაიონი","parent_name_ru":"Сабуртало","index":4,"color_index":7,"name_en":"Saburtalo 4"},"geometry":{"type":"Polygon","coordinates":[[[44.74342,41.71824],[44.75097,41.71824],[44.75097,41.72387],[44.74342,41.72387],[44.74342,41.71824]]]}},{"type":"Feature","properties":{"slug":"saburtalo-40","parent_slug":"saburtalo","parent_name_en":"Saburtalo","parent_name_ka":"საბურთალოს რაიონი","parent_name_ru":"Сабуртало","index":40,"color_index":7,"name_en":"Saburtalo 40"},"geometry":{"type":"Polygon","coordinates":[[[44.69813,41.75203],[44.70568,41.75203],[44.70568,41.75766],[44.69813,41.75766],[44.69813,41.75203]]]}},{"type":"Feature","properties":{"slug":"saburtalo-41","parent_slug":"saburtalo","parent_name_en":"Saburtalo","parent_name_ka":"საბურთალოს რაიონი","parent_name_ru":"Сабуртало","index":41,"color_index":7,"name_en":"Saburtalo 41"},"geometry":{"type":"Polygon","coordinates":[[[44.70568,41.75203],[44.71322,41.75203],[44.71322,41.75766],[44.70568,41.75766],[44.70568,41.75203]]]}},{"type":"Feature","properties":{"slug":"saburtalo-42","parent_slug":"saburtalo","parent_name_en":"Saburtalo","parent_name_ka":"საბურთალოს რაიონი","parent_name_ru":"Сабуртало","index":42,"color_index":7,"name_en":"Saburtalo 42"},"geometry":{"type":"Polygon","coordinates":[[[44.71322,41.75203],[44.72077,41.75203],[44.72077,41.75766],[44.71322,41.75766],[44.71322,41.75203]]]}},{"type":"Feature","properties":{"slug":"saburtalo-43","parent_slug":"saburtalo","parent_name_en":"Saburtalo","parent_name_ka":"საბურთალოს რაიონი","parent_name_ru":"Сабуртало","index":43,"color_index":7,"name_en":"Saburtalo 43"},"geometry":{"type":"Polygon","coordinates":[[[44.72077,41.75203],[44.72832,41.75203],[44.72832,41.75766],[44.72077,41.75766],[44.72077,41.75203]]]}},{"type":"Feature","properties":{"slug":"saburtalo-44","parent_slug":"saburtalo","parent_name_en":"Saburtalo","parent_name_ka":"საბურთალოს რაიონი","parent_name_ru":"Сабуртало","index":44,"color_index":7,"name_en":"Saburtalo 44"},"geometry":{"type":"Polygon","coordinates":[[[44.72832,41.75203],[44.73587,41.75203],[44.73587,41.75766],[44.72832,41.75766],[44.72832,41.75203]]]}},{"type":"Feature","properties":{"slug":"saburtalo-45","parent_slug":"saburtalo","parent_name_en":"Saburtalo","parent_name_ka":"საბურთალოს რაიონი","parent_name_ru":"Сабуртало","index":45,"color_index":7,"name_en":"Saburtalo 45"},"geometry":{"type":"Polygon","coordinates":[[[44.73587,41.75203],[44.74342,41.75203],[44.74342,41.75766],[44.73587,41.75766],[44.73587,41.75203]]]}},{"type":"Feature","properties":{"slug":"saburtalo-46","parent_slug":"saburtalo","parent_name_en":"Saburtalo","parent_name_ka":"საბურთალოს რაიონი","parent_name_ru":"Сабуртало","index":46,"color_index":7,"name_en":"Saburtalo 46"},"geometry":{"type":"Polygon","coordinates":[[[44.74342,41.75203],[44.75097,41.75203],[44.75097,41.75766],[44.74342,41.75766],[44.74342,41.75203]]]}},{"type":"Feature","properties":{"slug":"saburtalo-47","parent_slug":"saburtalo","parent_name_en":"Saburtalo","parent_name_ka":"საბურთალოს რაიონი","parent_name_ru":"Сабуртало","index":47,"color_index":7,"name_en":"Saburtalo 47"},"geometry":{"type":"Polygon","coordinates":[[[44.75097,41.75203],[44.75851,41.75203],[44.75851,41.75766],[44.75097,41.75766],[44.75097,41.75203]]]}},{"type":"Feature","properties":{"slug":"saburtalo-48","parent_slug":"saburtalo","parent_name_en":"Saburtalo","parent_name_ka":"საბურთალოს რაიონი","parent_name_ru":"Сабуртало","index":48,"color_index":7,"name_en":"Saburtalo 48"},"geometry":{"type":"Polygon","coordinates":[[[44.75851,41.75203],[44.76606,41.75203],[44.76606,41.75766],[44.75851,41.75766],[44.75851,41.75203]]]}},{"type":"Feature","properties":{"slug":"saburtalo-49","parent_slug":"saburtalo","parent_name_en":"Saburtalo","parent_name_ka":"საბურთალოს რაიონი","parent_name_ru":"Сабуртало","index":49,"color_index":7,"name_en":"Saburtalo 49"},"geometry":{"type":"Polygon","coordinates":[[[44.76606,41.75203],[44.77361,41.75203],[44.77361,41.75766],[44.76606,41.75766],[44.76606,41.75203]]]}},{"type":"Feature","properties":{"slug":"saburtalo-5","parent_slug":"saburtalo","parent_name_en":"Saburtalo","parent_name_ka":"საბურთალოს რაიონი","parent_name_ru":"Сабуртало","index":5,"color_index":7,"name_en":"Saburtalo 5"},"geometry":{"type":"Polygon","coordinates":[[[44.75097,41.71824],[44.75851,41.71824],[44.75851,41.72387],[44.75097,41.72387],[44.75097,41.71824]]]}},{"type":"Feature","properties":{"slug":"saburtalo-50","parent_slug":"saburtalo","parent_name_en":"Saburtalo","parent_name_ka":"საბურთალოს რაიონი","parent_name_ru":"Сабуртало","index":50,"color_index":7,"name_en":"Saburtalo 50"},"geometry":{"type":"Polygon","coordinates":[[[44.69058,41.75766],[44.69813,41.75766],[44.69813,41.76329],[44.69058,41.76329],[44.69058,41.75766]]]}},{"type":"Feature","properties":{"slug":"saburtalo-51","parent_slug":"saburtalo","parent_name_en":"Saburtalo","parent_name_ka":"საბურთალოს რაიონი","parent_name_ru":"Сабуртало","index":51,"color_index":7,"name_en":"Saburtalo 51"},"geometry":{"type":"Polygon","coordinates":[[[44.69813,41.75766],[44.70568,41.75766],[44.70568,41.76329],[44.69813,41.76329],[44.69813,41.75766]]]}},{"type":"Feature","properties":{"slug":"saburtalo-52","parent_slug":"saburtalo","parent_name_en":"Saburtalo","parent_name_ka":"საბურთალოს რაიონი","parent_name_ru":"Сабуртало","index":52,"color_index":7,"name_en":"Saburtalo 52"},"geometry":{"type":"Polygon","coordinates":[[[44.70568,41.75766],[44.71322,41.75766],[44.71322,41.76329],[44.70568,41.76329],[44.70568,41.75766]]]}},{"type":"Feature","properties":{"slug":"saburtalo-53","parent_slug":"saburtalo","parent_name_en":"Saburtalo","parent_name_ka":"საბურთალოს რაიონი","parent_name_ru":"Сабуртало","index":53,"color_index":7,"name_en":"Saburtalo 53"},"geometry":{"type":"Polygon","coordinates":[[[44.71322,41.75766],[44.72077,41.75766],[44.72077,41.76329],[44.71322,41.76329],[44.71322,41.75766]]]}},{"type":"Feature","properties":{"slug":"saburtalo-54","parent_slug":"saburtalo","parent_name_en":"Saburtalo","parent_name_ka":"საბურთალოს რაიონი","parent_name_ru":"Сабуртало","index":54,"color_index":7,"name_en":"Saburtalo 54"},"geometry":{"type":"Polygon","coordinates":[[[44.72077,41.75766],[44.72832,41.75766],[44.72832,41.76329],[44.72077,41.76329],[44.72077,41.75766]]]}},{"type":"Feature","properties":{"slug":"saburtalo-55","parent_slug":"saburtalo","parent_name_en":"Saburtalo","parent_name_ka":"საბურთალოს რაიონი","parent_name_ru":"Сабуртало","index":55,"color_index":7,"name_en":"Saburtalo 55"},"geometry":{"type":"Polygon","coordinates":[[[44.72832,41.75766],[44.73587,41.75766],[44.73587,41.76329],[44.72832,41.76329],[44.72832,41.75766]]]}},{"type":"Feature","properties":{"slug":"saburtalo-56","parent_slug":"saburtalo","parent_name_en":"Saburtalo","parent_name_ka":"საბურთალოს რაიონი","parent_name_ru":"Сабуртало","index":56,"color_index":7,"name_en":"Saburtalo 56"},"geometry":{"type":"Polygon","coordinates":[[[44.73587,41.75766],[44.74342,41.75766],[44.74342,41.76329],[44.73587,41.76329],[44.73587,41.75766]]]}},{"type":"Feature","properties":{"slug":"saburtalo-57","parent_slug":"saburtalo","parent_name_en":"Saburtalo","parent_name_ka":"საბურთალოს რაიონი","parent_name_ru":"Сабуртало","index":57,"color_index":7,"name_en":"Saburtalo 57"},"geometry":{"type":"Polygon","coordinates":[[[44.74342,41.75766],[44.75097,41.75766],[44.75097,41.76329],[44.74342,41.76329],[44.74342,41.75766]]]}},{"type":"Feature","properties":{"slug":"saburtalo-58","parent_slug":"saburtalo","parent_name_en":"Saburtalo","parent_name_ka":"საბურთალოს რაიონი","parent_name_ru":"Сабуртало","index":58,"color_index":7,"name_en":"Saburtalo 58"},"geometry":{"type":"Polygon","coordinates":[[[44.75097,41.75766],[44.75851,41.75766],[44.75851,41.76329],[44.75097,41.76329],[44.75097,41.75766]]]}},{"type":"Feature","properties":{"slug":"saburtalo-59","parent_slug":"saburtalo","parent_name_en":"Saburtalo","parent_name_ka":"საბურთალოს რაიონი","parent_name_ru":"Сабуртало","index":59,"color_index":7,"name_en":"Saburtalo 59"},"geometry":{"type":"Polygon","coordinates":[[[44.75851,41.75766],[44.76606,41.75766],[44.76606,41.76329],[44.75851,41.76329],[44.75851,41.75766]]]}},{"type":"Feature","properties":{"slug":"saburtalo-6","parent_slug":"saburtalo","parent_name_en":"Saburtalo","parent_name_ka":"საბურთალოს რაიონი","parent_name_ru":"Сабуртало","index":6,"color_index":7,"name_en":"Saburtalo 6"},"geometry":{"type":"Polygon","coordinates":[[[44.75851,41.71824],[44.76606,41.71824],[44.76606,41.72387],[44.75851,41.72387],[44.75851,41.71824]]]}},{"type":"Feature","properties":{"slug":"saburtalo-60","parent_slug":"saburtalo","parent_name_en":"Saburtalo","parent_name_ka":"საბურთალოს რაიონი","parent_name_ru":"Сабуртало","index":60,"color_index":7,"name_en":"Saburtalo 60"},"geometry":{"type":"Polygon","coordinates":[[[44.68303,41.76329],[44.69058,41.76329],[44.69058,41.76892],[44.68303,41.76892],[44.68303,41.76329]]]}},{"type":"Feature","properties":{"slug":"saburtalo-61","parent_slug":"saburtalo","parent_name_en":"Saburtalo","parent_name_ka":"საბურთალოს რაიონი","parent_name_ru":"Сабуртало","index":61,"color_index":7,"name_en":"Saburtalo 61"},"geometry":{"type":"Polygon","coordinates":[[[44.69058,41.76329],[44.69813,41.76329],[44.69813,41.76892],[44.69058,41.76892],[44.69058,41.76329]]]}},{"type":"Feature","properties":{"slug":"saburtalo-62","parent_slug":"saburtalo","parent_name_en":"Saburtalo","parent_name_ka":"საბურთალოს რაიონი","parent_name_ru":"Сабуртало","index":62,"color_index":7,"name_en":"Saburtalo 62"},"geometry":{"type":"Polygon","coordinates":[[[44.69813,41.76329],[44.70568,41.76329],[44.70568,41.76892],[44.69813,41.76892],[44.69813,41.76329]]]}},{"type":"Feature","properties":{"slug":"saburtalo-63","parent_slug":"saburtalo","parent_name_en":"Saburtalo","parent_name_ka":"საბურთალოს რაიონი","parent_name_ru":"Сабуртало","index":63,"color_index":7,"name_en":"Saburtalo 63"},"geometry":{"type":"Polygon","coordinates":[[[44.70568,41.76329],[44.71322,41.76329],[44.71322,41.76892],[44.70568,41.76892],[44.70568,41.76329]]]}},{"type":"Feature","properties":{"slug":"saburtalo-64","parent_slug":"saburtalo","parent_name_en":"Saburtalo","parent_name_ka":"საბურთალოს რაიონი","parent_name_ru":"Сабуртало","index":64,"color_index":7,"name_en":"Saburtalo 64"},"geometry":{"type":"Polygon","coordinates":[[[44.71322,41.76329],[44.72077,41.76329],[44.72077,41.76892],[44.71322,41.76892],[44.71322,41.76329]]]}},{"type":"Feature","properties":{"slug":"saburtalo-65","parent_slug":"saburtalo","parent_name_en":"Saburtalo","parent_name_ka":"საბურთალოს რაიონი","parent_name_ru":"Сабуртало","index":65,"color_index":7,"name_en":"Saburtalo 65"},"geometry":{"type":"Polygon","coordinates":[[[44.72077,41.76329],[44.72832,41.76329],[44.72832,41.76892],[44.72077,41.76892],[44.72077,41.76329]]]}},{"type":"Feature","properties":{"slug":"saburtalo-66","parent_slug":"saburtalo","parent_name_en":"Saburtalo","parent_name_ka":"საბურთალოს რაიონი","parent_name_ru":"Сабуртало","index":66,"color_index":7,"name_en":"Saburtalo 66"},"geometry":{"type":"Polygon","coordinates":[[[44.72832,41.76329],[44.73587,41.76329],[44.73587,41.76892],[44.72832,41.76892],[44.72832,41.76329]]]}},{"type":"Feature","properties":{"slug":"saburtalo-67","parent_slug":"saburtalo","parent_name_en":"Saburtalo","parent_name_ka":"საბურთალოს რაიონი","parent_name_ru":"Сабуртало","index":67,"color_index":7,"name_en":"Saburtalo 67"},"geometry":{"type":"Polygon","coordinates":[[[44.73587,41.76329],[44.74342,41.76329],[44.74342,41.76892],[44.73587,41.76892],[44.73587,41.76329]]]}},{"type":"Feature","properties":{"slug":"saburtalo-68","parent_slug":"saburtalo","parent_name_en":"Saburtalo","parent_name_ka":"საბურთალოს რაიონი","parent_name_ru":"Сабуртало","index":68,"color_index":7,"name_en":"Saburtalo 68"},"geometry":{"type":"Polygon","coordinates":[[[44.74342,41.76329],[44.75097,41.76329],[44.75097,41.76892],[44.74342,41.76892],[44.74342,41.76329]]]}},{"type":"Feature","properties":{"slug":"saburtalo-69","parent_slug":"saburtalo","parent_name_en":"Saburtalo","parent_name_ka":"საბურთალოს რაიონი","parent_name_ru":"Сабуртало","index":69,"color_index":7,"name_en":"Saburtalo 69"},"geometry":{"type":"Polygon","coordinates":[[[44.75097,41.76329],[44.75851,41.76329],[44.75851,41.76892],[44.75097,41.76892],[44.75097,41.76329]]]}},{"type":"Feature","properties":{"slug":"saburtalo-7","parent_slug":"saburtalo","parent_name_en":"Saburtalo","parent_name_ka":"საბურთალოს რაიონი","parent_name_ru":"Сабуртало","index":7,"color_index":7,"name_en":"Saburtalo 7"},"geometry":{"type":"Polygon","coordinates":[[[44.76606,41.71824],[44.77361,41.71824],[44.77361,41.72387],[44.76606,41.72387],[44.76606,41.71824]]]}},{"type":"Feature","properties":{"slug":"saburtalo-70","parent_slug":"saburtalo","parent_name_en":"Saburtalo","parent_name_ka":"საბურთალოს რაიონი","parent_name_ru":"Сабуртало","index":70,"color_index":7,"name_en":"Saburtalo 70"},"geometry":{"type":"Polygon","coordinates":[[[44.75851,41.76329],[44.76606,41.76329],[44.76606,41.76892],[44.75851,41.76892],[44.75851,41.76329]]]}},{"type":"Feature","properties":{"slug":"saburtalo-71","parent_slug":"saburtalo","parent_name_en":"Saburtalo","parent_name_ka":"საბურთალოს რაიონი","parent_name_ru":"Сабуртало","index":71,"color_index":7,"name_en":"Saburtalo 71"},"geometry":{"type":"Polygon","coordinates":[[[44.67548,41.76892],[44.68303,41.76892],[44.68303,41.77455],[44.67548,41.77455],[44.67548,41.76892]]]}},{"type":"Feature","properties":{"slug":"saburtalo-72","parent_slug":"saburtalo","parent_name_en":"Saburtalo","parent_name_ka":"საბურთალოს რაიონი","parent_name_ru":"Сабуртало","index":72,"color_index":7,"name_en":"Saburtalo 72"},"geometry":{"type":"Polygon","coordinates":[[[44.68303,41.76892],[44.69058,41.76892],[44.69058,41.77455],[44.68303,41.77455],[44.68303,41.76892]]]}},{"type":"Feature","properties":{"slug":"saburtalo-73","parent_slug":"saburtalo","parent_name_en":"Saburtalo","parent_name_ka":"საბურთალოს რაიონი","parent_name_ru":"Сабуртало","index":73,"color_index":7,"name_en":"Saburtalo 73"},"geometry":{"type":"Polygon","coordinates":[[[44.69058,41.76892],[44.69813,41.76892],[44.69813,41.77455],[44.69058,41.77455],[44.69058,41.76892]]]}},{"type":"Feature","properties":{"slug":"saburtalo-74","parent_slug":"saburtalo","parent_name_en":"Saburtalo","parent_name_ka":"საბურთალოს რაიონი","parent_name_ru":"Сабуртало","index":74,"color_index":7,"name_en":"Saburtalo 74"},"geometry":{"type":"Polygon","coordinates":[[[44.69813,41.76892],[44.70568,41.76892],[44.70568,41.77455],[44.69813,41.77455],[44.69813,41.76892]]]}},{"type":"Feature","properties":{"slug":"saburtalo-75","parent_slug":"saburtalo","parent_name_en":"Saburtalo","parent_name_ka":"საბურთალოს რაიონი","parent_name_ru":"Сабуртало","index":75,"color_index":7,"name_en":"Saburtalo 75"},"geometry":{"type":"Polygon","coordinates":[[[44.70568,41.76892],[44.71322,41.76892],[44.71322,41.77455],[44.70568,41.77455],[44.70568,41.76892]]]}},{"type":"Feature","properties":{"slug":"saburtalo-76","parent_slug":"saburtalo","parent_name_en":"Saburtalo","parent_name_ka":"საბურთალოს რაიონი","parent_name_ru":"Сабуртало","index":76,"color_index":7,"name_en":"Saburtalo 76"},"geometry":{"type":"Polygon","coordinates":[[[44.71322,41.76892],[44.72077,41.76892],[44.72077,41.77455],[44.71322,41.77455],[44.71322,41.76892]]]}},{"type":"Feature","properties":{"slug":"saburtalo-77","parent_slug":"saburtalo","parent_name_en":"Saburtalo","parent_name_ka":"საბურთალოს რაიონი","parent_name_ru":"Сабуртало","index":77,"color_index":7,"name_en":"Saburtalo 77"},"geometry":{"type":"Polygon","coordinates":[[[44.72077,41.76892],[44.72832,41.76892],[44.72832,41.77455],[44.72077,41.77455],[44.72077,41.76892]]]}},{"type":"Feature","properties":{"slug":"saburtalo-78","parent_slug":"saburtalo","parent_name_en":"Saburtalo","parent_name_ka":"საბურთალოს რაიონი","parent_name_ru":"Сабуртало","index":78,"color_index":7,"name_en":"Saburtalo 78"},"geometry":{"type":"Polygon","coordinates":[[[44.72832,41.76892],[44.73587,41.76892],[44.73587,41.77455],[44.72832,41.77455],[44.72832,41.76892]]]}},{"type":"Feature","properties":{"slug":"saburtalo-79","parent_slug":"saburtalo","parent_name_en":"Saburtalo","parent_name_ka":"საბურთალოს რაიონი","parent_name_ru":"Сабуртало","index":79,"color_index":7,"name_en":"Saburtalo 79"},"geometry":{"type":"Polygon","coordinates":[[[44.73587,41.76892],[44.74342,41.76892],[44.74342,41.77455],[44.73587,41.77455],[44.73587,41.76892]]]}},{"type":"Feature","properties":{"slug":"saburtalo-8","parent_slug":"saburtalo","parent_name_en":"Saburtalo","parent_name_ka":"საბურთალოს რაიონი","parent_name_ru":"Сабуртало","index":8,"color_index":7,"name_en":"Saburtalo 8"},"geometry":{"type":"Polygon","coordinates":[[[44.77361,41.71824],[44.78116,41.71824],[44.78116,41.72387],[44.77361,41.72387],[44.77361,41.71824]]]}},{"type":"Feature","properties":{"slug":"saburtalo-80","parent_slug":"saburtalo","parent_name_en":"Saburtalo","parent_name_ka":"საბურთალოს რაიონი","parent_name_ru":"Сабуртало","index":80,"color_index":7,"name_en":"Saburtalo 80"},"geometry":{"type":"Polygon","coordinates":[[[44.74342,41.76892],[44.75097,41.76892],[44.75097,41.77455],[44.74342,41.77455],[44.74342,41.76892]]]}},{"type":"Feature","properties":{"slug":"saburtalo-81","parent_slug":"saburtalo","parent_name_en":"Saburtalo","parent_name_ka":"საბურთალოს რაიონი","parent_name_ru":"Сабуртало","index":81,"color_index":7,"name_en":"Saburtalo 81"},"geometry":{"type":"Polygon","coordinates":[[[44.75097,41.76892],[44.75851,41.76892],[44.75851,41.77455],[44.75097,41.77455],[44.75097,41.76892]]]}},{"type":"Feature","properties":{"slug":"saburtalo-82","parent_slug":"saburtalo","parent_name_en":"Saburtalo","parent_name_ka":"საბურთალოს რაიონი","parent_name_ru":"Сабуртало","index":82,"color_index":7,"name_en":"Saburtalo 82"},"geometry":{"type":"Polygon","coordinates":[[[44.75851,41.76892],[44.76606,41.76892],[44.76606,41.77455],[44.75851,41.77455],[44.75851,41.76892]]]}},{"type":"Feature","properties":{"slug":"saburtalo-83","parent_slug":"saburtalo","parent_name_en":"Saburtalo","parent_name_ka":"საბურთალოს რაიონი","parent_name_ru":"Сабуртало","index":83,"color_index":7,"name_en":"Saburtalo 83"},"geometry":{"type":"Polygon","coordinates":[[[44.67548,41.77455],[44.68303,41.77455],[44.68303,41.78018],[44.67548,41.78018],[44.67548,41.77455]]]}},{"type":"Feature","properties":{"slug":"saburtalo-84","parent_slug":"saburtalo","parent_name_en":"Saburtalo","parent_name_ka":"საბურთალოს რაიონი","parent_name_ru":"Сабуртало","index":84,"color_index":7,"name_en":"Saburtalo 84"},"geometry":{"type":"Polygon","coordinates":[[[44.68303,41.77455],[44.69058,41.77455],[44.69058,41.78018],[44.68303,41.78018],[44.68303,41.77455]]]}},{"type":"Feature","properties":{"slug":"saburtalo-85","parent_slug":"saburtalo","parent_name_en":"Saburtalo","parent_name_ka":"საბურთალოს რაიონი","parent_name_ru":"Сабуртало","index":85,"color_index":7,"name_en":"Saburtalo 85"},"geometry":{"type":"Polygon","coordinates":[[[44.69058,41.77455],[44.69813,41.77455],[44.69813,41.78018],[44.69058,41.78018],[44.69058,41.77455]]]}},{"type":"Feature","properties":{"slug":"saburtalo-86","parent_slug":"saburtalo","parent_name_en":"Saburtalo","parent_name_ka":"საბურთალოს რაიონი","parent_name_ru":"Сабуртало","index":86,"color_index":7,"name_en":"Saburtalo 86"},"geometry":{"type":"Polygon","coordinates":[[[44.69813,41.77455],[44.70568,41.77455],[44.70568,41.78018],[44.69813,41.78018],[44.69813,41.77455]]]}},{"type":"Feature","properties":{"slug":"saburtalo-87","parent_slug":"saburtalo","parent_name_en":"Saburtalo","parent_name_ka":"საბურთალოს რაიონი","parent_name_ru":"Сабуртало","index":87,"color_index":7,"name_en":"Saburtalo 87"},"geometry":{"type":"Polygon","coordinates":[[[44.70568,41.77455],[44.71322,41.77455],[44.71322,41.78018],[44.70568,41.78018],[44.70568,41.77455]]]}},{"type":"Feature","properties":{"slug":"saburtalo-88","parent_slug":"saburtalo","parent_name_en":"Saburtalo","parent_name_ka":"საბურთალოს რაიონი","parent_name_ru":"Сабуртало","index":88,"color_index":7,"name_en":"Saburtalo 88"},"geometry":{"type":"Polygon","coordinates":[[[44.71322,41.77455],[44.72077,41.77455],[44.72077,41.78018],[44.71322,41.78018],[44.71322,41.77455]]]}},{"type":"Feature","properties":{"slug":"saburtalo-89","parent_slug":"saburtalo","parent_name_en":"Saburtalo","parent_name_ka":"საბურთალოს რაიონი","parent_name_ru":"Сабуртало","index":89,"color_index":7,"name_en":"Saburtalo 89"},"geometry":{"type":"Polygon","coordinates":[[[44.72077,41.77455],[44.72832,41.77455],[44.72832,41.78018],[44.72077,41.78018],[44.72077,41.77455]]]}},{"type":"Feature","properties":{"slug":"saburtalo-9","parent_slug":"saburtalo","parent_name_en":"Saburtalo","parent_name_ka":"საბურთალოს რაიონი","parent_name_ru":"Сабуртало","index":9,"color_index":7,"name_en":"Saburtalo 9"},"geometry":{"type":"Polygon","coordinates":[[[44.74342,41.72387],[44.75097,41.72387],[44.75097,41.7295],[44.74342,41.7295],[44.74342,41.72387]]]}},{"type":"Feature","properties":{"slug":"saburtalo-90","parent_slug":"saburtalo","parent_name_en":"Saburtalo","parent_name_ka":"საბურთალოს რაიონი","parent_name_ru":"Сабуртало","index":90,"color_index":7,"name_en":"Saburtalo 90"},"geometry":{"type":"Polygon","coordinates":[[[44.72832,41.77455],[44.73587,41.77455],[44.73587,41.78018],[44.72832,41.78018],[44.72832,41.77455]]]}},{"type":"Feature","properties":{"slug":"saburtalo-91","parent_slug":"saburtalo","parent_name_en":"Saburtalo","parent_name_ka":"საბურთალოს რაიონი","parent_name_ru":"Сабуртало","index":91,"color_index":7,"name_en":"Saburtalo 91"},"geometry":{"type":"Polygon","coordinates":[[[44.73587,41.77455],[44.74342,41.77455],[44.74342,41.78018],[44.73587,41.78018],[44.73587,41.77455]]]}},{"type":"Feature","properties":{"slug":"saburtalo-92","parent_slug":"saburtalo","parent_name_en":"Saburtalo","parent_name_ka":"საბურთალოს რაიონი","parent_name_ru":"Сабуртало","index":92,"color_index":7,"name_en":"Saburtalo 92"},"geometry":{"type":"Polygon","coordinates":[[[44.74342,41.77455],[44.75097,41.77455],[44.75097,41.78018],[44.74342,41.78018],[44.74342,41.77455]]]}},{"type":"Feature","properties":{"slug":"saburtalo-93","parent_slug":"saburtalo","parent_name_en":"Saburtalo","parent_name_ka":"საბურთალოს რაიონი","parent_name_ru":"Сабуртало","index":93,"color_index":7,"name_en":"Saburtalo 93"},"geometry":{"type":"Polygon","coordinates":[[[44.75097,41.77455],[44.75851,41.77455],[44.75851,41.78018],[44.75097,41.78018],[44.75097,41.77455]]]}},{"type":"Feature","properties":{"slug":"saburtalo-94","parent_slug":"saburtalo","parent_name_en":"Saburtalo","parent_name_ka":"საბურთალოს რაიონი","parent_name_ru":"Сабуртало","index":94,"color_index":7,"name_en":"Saburtalo 94"},"geometry":{"type":"Polygon","coordinates":[[[44.75851,41.77455],[44.76606,41.77455],[44.76606,41.78018],[44.75851,41.78018],[44.75851,41.77455]]]}},{"type":"Feature","properties":{"slug":"saburtalo-95","parent_slug":"saburtalo","parent_name_en":"Saburtalo","parent_name_ka":"საბურთალოს რაიონი","parent_name_ru":"Сабуртало","index":95,"color_index":7,"name_en":"Saburtalo 95"},"geometry":{"type":"Polygon","coordinates":[[[44.66039,41.78018],[44.66793,41.78018],[44.66793,41.78581],[44.66039,41.78581],[44.66039,41.78018]]]}},{"type":"Feature","properties":{"slug":"saburtalo-96","parent_slug":"saburtalo","parent_name_en":"Saburtalo","parent_name_ka":"საბურთალოს რაიონი","parent_name_ru":"Сабуртало","index":96,"color_index":7,"name_en":"Saburtalo 96"},"geometry":{"type":"Polygon","coordinates":[[[44.66793,41.78018],[44.67548,41.78018],[44.67548,41.78581],[44.66793,41.78581],[44.66793,41.78018]]]}},{"type":"Feature","properties":{"slug":"saburtalo-97","parent_slug":"saburtalo","parent_name_en":"Saburtalo","parent_name_ka":"საბურთალოს რაიონი","parent_name_ru":"Сабуртало","index":97,"color_index":7,"name_en":"Saburtalo 97"},"geometry":{"type":"Polygon","coordinates":[[[44.67548,41.78018],[44.68303,41.78018],[44.68303,41.78581],[44.67548,41.78581],[44.67548,41.78018]]]}},{"type":"Feature","properties":{"slug":"saburtalo-98","parent_slug":"saburtalo","parent_name_en":"Saburtalo","parent_name_ka":"საბურთალოს რაიონი","parent_name_ru":"Сабуртало","index":98,"color_index":7,"name_en":"Saburtalo 98"},"geometry":{"type":"Polygon","coordinates":[[[44.68303,41.78018],[44.69058,41.78018],[44.69058,41.78581],[44.68303,41.78581],[44.68303,41.78018]]]}},{"type":"Feature","properties":{"slug":"saburtalo-99","parent_slug":"saburtalo","parent_name_en":"Saburtalo","parent_name_ka":"საბურთალოს რაიონი","parent_name_ru":"Сабуртало","index":99,"color_index":7,"name_en":"Saburtalo 99"},"geometry":{"type":"Polygon","coordinates":[[[44.69058,41.78018],[44.69813,41.78018],[44.69813,41.78581],[44.69058,41.78581],[44.69058,41.78018]]]}},{"type":"Feature","properties":{"slug":"samgori-1","parent_slug":"samgori","parent_name_en":"Samgori","parent_name_ka":"სამგორის რაიონი","parent_name_ru":"Самгори","index":1,"color_index":8,"name_en":"Samgori 1"},"geometry":{"type":"Polygon","coordinates":[[[44.93967,41.63378],[44.94722,41.63378],[44.94722,41.63941],[44.93967,41.63941],[44.93967,41.63378]]]}},{"type":"Feature","properties":{"slug":"samgori-10","parent_slug":"samgori","parent_name_en":"Samgori","parent_name_ka":"სამგორის რაიონი","parent_name_ru":"Самгори","index":10,"color_index":8,"name_en":"Samgori 10"},"geometry":{"type":"Polygon","coordinates":[[[44.90948,41.65068],[44.91703,41.65068],[44.91703,41.65631],[44.90948,41.65631],[44.90948,41.65068]]]}},{"type":"Feature","properties":{"slug":"samgori-100","parent_slug":"samgori","parent_name_en":"Samgori","parent_name_ka":"სამგორის რაიონი","parent_name_ru":"Самгори","index":100,"color_index":8,"name_en":"Samgori 100"},"geometry":{"type":"Polygon","coordinates":[[[44.92458,41.68446],[44.93213,41.68446],[44.93213,41.69009],[44.92458,41.69009],[44.92458,41.68446]]]}},{"type":"Feature","properties":{"slug":"samgori-101","parent_slug":"samgori","parent_name_en":"Samgori","parent_name_ka":"სამგორის რაიონი","parent_name_ru":"Самгори","index":101,"color_index":8,"name_en":"Samgori 101"},"geometry":{"type":"Polygon","coordinates":[[[44.93213,41.68446],[44.93967,41.68446],[44.93967,41.69009],[44.93213,41.69009],[44.93213,41.68446]]]}},{"type":"Feature","properties":{"slug":"samgori-102","parent_slug":"samgori","parent_name_en":"Samgori","parent_name_ka":"სამგორის რაიონი","parent_name_ru":"Самгори","index":102,"color_index":8,"name_en":"Samgori 102"},"geometry":{"type":"Polygon","coordinates":[[[44.93967,41.68446],[44.94722,41.68446],[44.94722,41.69009],[44.93967,41.69009],[44.93967,41.68446]]]}},{"type":"Feature","properties":{"slug":"samgori-103","parent_slug":"samgori","parent_name_en":"Samgori","parent_name_ka":"სამგორის რაიონი","parent_name_ru":"Самгори","index":103,"color_index":8,"name_en":"Samgori 103"},"geometry":{"type":"Polygon","coordinates":[[[44.94722,41.68446],[44.95477,41.68446],[44.95477,41.69009],[44.94722,41.69009],[44.94722,41.68446]]]}},{"type":"Feature","properties":{"slug":"samgori-104","parent_slug":"samgori","parent_name_en":"Samgori","parent_name_ka":"სამგორის რაიონი","parent_name_ru":"Самгори","index":104,"color_index":8,"name_en":"Samgori 104"},"geometry":{"type":"Polygon","coordinates":[[[44.95477,41.68446],[44.96232,41.68446],[44.96232,41.69009],[44.95477,41.69009],[44.95477,41.68446]]]}},{"type":"Feature","properties":{"slug":"samgori-105","parent_slug":"samgori","parent_name_en":"Samgori","parent_name_ka":"სამგორის რაიონი","parent_name_ru":"Самгори","index":105,"color_index":8,"name_en":"Samgori 105"},"geometry":{"type":"Polygon","coordinates":[[[44.96232,41.68446],[44.96987,41.68446],[44.96987,41.69009],[44.96232,41.69009],[44.96232,41.68446]]]}},{"type":"Feature","properties":{"slug":"samgori-106","parent_slug":"samgori","parent_name_en":"Samgori","parent_name_ka":"სამგორის რაიონი","parent_name_ru":"Самгори","index":106,"color_index":8,"name_en":"Samgori 106"},"geometry":{"type":"Polygon","coordinates":[[[44.96987,41.68446],[44.97742,41.68446],[44.97742,41.69009],[44.96987,41.69009],[44.96987,41.68446]]]}},{"type":"Feature","properties":{"slug":"samgori-107","parent_slug":"samgori","parent_name_en":"Samgori","parent_name_ka":"სამგორის რაიონი","parent_name_ru":"Самгори","index":107,"color_index":8,"name_en":"Samgori 107"},"geometry":{"type":"Polygon","coordinates":[[[44.97742,41.68446],[44.98496,41.68446],[44.98496,41.69009],[44.97742,41.69009],[44.97742,41.68446]]]}},{"type":"Feature","properties":{"slug":"samgori-108","parent_slug":"samgori","parent_name_en":"Samgori","parent_name_ka":"სამგორის რაიონი","parent_name_ru":"Самгори","index":108,"color_index":8,"name_en":"Samgori 108"},"geometry":{"type":"Polygon","coordinates":[[[44.98496,41.68446],[44.99251,41.68446],[44.99251,41.69009],[44.98496,41.69009],[44.98496,41.68446]]]}},{"type":"Feature","properties":{"slug":"samgori-109","parent_slug":"samgori","parent_name_en":"Samgori","parent_name_ka":"სამგორის რაიონი","parent_name_ru":"Самгори","index":109,"color_index":8,"name_en":"Samgori 109"},"geometry":{"type":"Polygon","coordinates":[[[44.99251,41.68446],[45.00006,41.68446],[45.00006,41.69009],[44.99251,41.69009],[44.99251,41.68446]]]}},{"type":"Feature","properties":{"slug":"samgori-11","parent_slug":"samgori","parent_name_en":"Samgori","parent_name_ka":"სამგორის რაიონი","parent_name_ru":"Самгори","index":11,"color_index":8,"name_en":"Samgori 11"},"geometry":{"type":"Polygon","coordinates":[[[44.92458,41.65068],[44.93213,41.65068],[44.93213,41.65631],[44.92458,41.65631],[44.92458,41.65068]]]}},{"type":"Feature","properties":{"slug":"samgori-110","parent_slug":"samgori","parent_name_en":"Samgori","parent_name_ka":"სამგორის რაიონი","parent_name_ru":"Самгори","index":110,"color_index":8,"name_en":"Samgori 110"},"geometry":{"type":"Polygon","coordinates":[[[45.00006,41.68446],[45.00761,41.68446],[45.00761,41.69009],[45.00006,41.69009],[45.00006,41.68446]]]}},{"type":"Feature","properties":{"slug":"samgori-111","parent_slug":"samgori","parent_name_en":"Samgori","parent_name_ka":"სამგორის რაიონი","parent_name_ru":"Самгори","index":111,"color_index":8,"name_en":"Samgori 111"},"geometry":{"type":"Polygon","coordinates":[[[45.00761,41.68446],[45.01516,41.68446],[45.01516,41.69009],[45.00761,41.69009],[45.00761,41.68446]]]}},{"type":"Feature","properties":{"slug":"samgori-112","parent_slug":"samgori","parent_name_en":"Samgori","parent_name_ka":"სამგორის რაიონი","parent_name_ru":"Самгори","index":112,"color_index":8,"name_en":"Samgori 112"},"geometry":{"type":"Polygon","coordinates":[[[44.86419,41.69009],[44.87174,41.69009],[44.87174,41.69572],[44.86419,41.69572],[44.86419,41.69009]]]}},{"type":"Feature","properties":{"slug":"samgori-113","parent_slug":"samgori","parent_name_en":"Samgori","parent_name_ka":"სამგორის რაიონი","parent_name_ru":"Самгори","index":113,"color_index":8,"name_en":"Samgori 113"},"geometry":{"type":"Polygon","coordinates":[[[44.87174,41.69009],[44.87929,41.69009],[44.87929,41.69572],[44.87174,41.69572],[44.87174,41.69009]]]}},{"type":"Feature","properties":{"slug":"samgori-114","parent_slug":"samgori","parent_name_en":"Samgori","parent_name_ka":"სამგორის რაიონი","parent_name_ru":"Самгори","index":114,"color_index":8,"name_en":"Samgori 114"},"geometry":{"type":"Polygon","coordinates":[[[44.87929,41.69009],[44.88684,41.69009],[44.88684,41.69572],[44.87929,41.69572],[44.87929,41.69009]]]}},{"type":"Feature","properties":{"slug":"samgori-115","parent_slug":"samgori","parent_name_en":"Samgori","parent_name_ka":"სამგორის რაიონი","parent_name_ru":"Самгори","index":115,"color_index":8,"name_en":"Samgori 115"},"geometry":{"type":"Polygon","coordinates":[[[44.88684,41.69009],[44.89438,41.69009],[44.89438,41.69572],[44.88684,41.69572],[44.88684,41.69009]]]}},{"type":"Feature","properties":{"slug":"samgori-116","parent_slug":"samgori","parent_name_en":"Samgori","parent_name_ka":"სამგორის რაიონი","parent_name_ru":"Самгори","index":116,"color_index":8,"name_en":"Samgori 116"},"geometry":{"type":"Polygon","coordinates":[[[44.89438,41.69009],[44.90193,41.69009],[44.90193,41.69572],[44.89438,41.69572],[44.89438,41.69009]]]}},{"type":"Feature","properties":{"slug":"samgori-117","parent_slug":"samgori","parent_name_en":"Samgori","parent_name_ka":"სამგორის რაიონი","parent_name_ru":"Самгори","index":117,"color_index":8,"name_en":"Samgori 117"},"geometry":{"type":"Polygon","coordinates":[[[44.90193,41.69009],[44.90948,41.69009],[44.90948,41.69572],[44.90193,41.69572],[44.90193,41.69009]]]}},{"type":"Feature","properties":{"slug":"samgori-118","parent_slug":"samgori","parent_name_en":"Samgori","parent_name_ka":"სამგორის რაიონი","parent_name_ru":"Самгори","index":118,"color_index":8,"name_en":"Samgori 118"},"geometry":{"type":"Polygon","coordinates":[[[44.90948,41.69009],[44.91703,41.69009],[44.91703,41.69572],[44.90948,41.69572],[44.90948,41.69009]]]}},{"type":"Feature","properties":{"slug":"samgori-119","parent_slug":"samgori","parent_name_en":"Samgori","parent_name_ka":"სამგორის რაიონი","parent_name_ru":"Самгори","index":119,"color_index":8,"name_en":"Samgori 119"},"geometry":{"type":"Polygon","coordinates":[[[44.91703,41.69009],[44.92458,41.69009],[44.92458,41.69572],[44.91703,41.69572],[44.91703,41.69009]]]}},{"type":"Feature","properties":{"slug":"samgori-12","parent_slug":"samgori","parent_name_en":"Samgori","parent_name_ka":"სამგორის რაიონი","parent_name_ru":"Самгори","index":12,"color_index":8,"name_en":"Samgori 12"},"geometry":{"type":"Polygon","coordinates":[[[44.93213,41.65068],[44.93967,41.65068],[44.93967,41.65631],[44.93213,41.65631],[44.93213,41.65068]]]}},{"type":"Feature","properties":{"slug":"samgori-120","parent_slug":"samgori","parent_name_en":"Samgori","parent_name_ka":"სამგორის რაიონი","parent_name_ru":"Самгори","index":120,"color_index":8,"name_en":"Samgori 120"},"geometry":{"type":"Polygon","coordinates":[[[44.92458,41.69009],[44.93213,41.69009],[44.93213,41.69572],[44.92458,41.69572],[44.92458,41.69009]]]}},{"type":"Feature","properties":{"slug":"samgori-121","parent_slug":"samgori","parent_name_en":"Samgori","parent_name_ka":"სამგორის რაიონი","parent_name_ru":"Самгори","index":121,"color_index":8,"name_en":"Samgori 121"},"geometry":{"type":"Polygon","coordinates":[[[44.93213,41.69009],[44.93967,41.69009],[44.93967,41.69572],[44.93213,41.69572],[44.93213,41.69009]]]}},{"type":"Feature","properties":{"slug":"samgori-122","parent_slug":"samgori","parent_name_en":"Samgori","parent_name_ka":"სამგორის რაიონი","parent_name_ru":"Самгори","index":122,"color_index":8,"name_en":"Samgori 122"},"geometry":{"type":"Polygon","coordinates":[[[44.93967,41.69009],[44.94722,41.69009],[44.94722,41.69572],[44.93967,41.69572],[44.93967,41.69009]]]}},{"type":"Feature","properties":{"slug":"samgori-123","parent_slug":"samgori","parent_name_en":"Samgori","parent_name_ka":"სამგორის რაიონი","parent_name_ru":"Самгори","index":123,"color_index":8,"name_en":"Samgori 123"},"geometry":{"type":"Polygon","coordinates":[[[44.94722,41.69009],[44.95477,41.69009],[44.95477,41.69572],[44.94722,41.69572],[44.94722,41.69009]]]}},{"type":"Feature","properties":{"slug":"samgori-124","parent_slug":"samgori","parent_name_en":"Samgori","parent_name_ka":"სამგორის რაიონი","parent_name_ru":"Самгори","index":124,"color_index":8,"name_en":"Samgori 124"},"geometry":{"type":"Polygon","coordinates":[[[44.95477,41.69009],[44.96232,41.69009],[44.96232,41.69572],[44.95477,41.69572],[44.95477,41.69009]]]}},{"type":"Feature","properties":{"slug":"samgori-125","parent_slug":"samgori","parent_name_en":"Samgori","parent_name_ka":"სამგორის რაიონი","parent_name_ru":"Самгори","index":125,"color_index":8,"name_en":"Samgori 125"},"geometry":{"type":"Polygon","coordinates":[[[44.96232,41.69009],[44.96987,41.69009],[44.96987,41.69572],[44.96232,41.69572],[44.96232,41.69009]]]}},{"type":"Feature","properties":{"slug":"samgori-126","parent_slug":"samgori","parent_name_en":"Samgori","parent_name_ka":"სამგორის რაიონი","parent_name_ru":"Самгори","index":126,"color_index":8,"name_en":"Samgori 126"},"geometry":{"type":"Polygon","coordinates":[[[44.96987,41.69009],[44.97742,41.69009],[44.97742,41.69572],[44.96987,41.69572],[44.96987,41.69009]]]}},{"type":"Feature","properties":{"slug":"samgori-127","parent_slug":"samgori","parent_name_en":"Samgori","parent_name_ka":"სამგორის რაიონი","parent_name_ru":"Самгори","index":127,"color_index":8,"name_en":"Samgori 127"},"geometry":{"type":"Polygon","coordinates":[[[44.97742,41.69009],[44.98496,41.69009],[44.98496,41.69572],[44.97742,41.69572],[44.97742,41.69009]]]}},{"type":"Feature","properties":{"slug":"samgori-128","parent_slug":"samgori","parent_name_en":"Samgori","parent_name_ka":"სამგორის რაიონი","parent_name_ru":"Самгори","index":128,"color_index":8,"name_en":"Samgori 128"},"geometry":{"type":"Polygon","coordinates":[[[44.98496,41.69009],[44.99251,41.69009],[44.99251,41.69572],[44.98496,41.69572],[44.98496,41.69009]]]}},{"type":"Feature","properties":{"slug":"samgori-129","parent_slug":"samgori","parent_name_en":"Samgori","parent_name_ka":"სამგორის რაიონი","parent_name_ru":"Самгори","index":129,"color_index":8,"name_en":"Samgori 129"},"geometry":{"type":"Polygon","coordinates":[[[44.99251,41.69009],[45.00006,41.69009],[45.00006,41.69572],[44.99251,41.69572],[44.99251,41.69009]]]}},{"type":"Feature","properties":{"slug":"samgori-13","parent_slug":"samgori","parent_name_en":"Samgori","parent_name_ka":"სამგორის რაიონი","parent_name_ru":"Самгори","index":13,"color_index":8,"name_en":"Samgori 13"},"geometry":{"type":"Polygon","coordinates":[[[44.93967,41.65068],[44.94722,41.65068],[44.94722,41.65631],[44.93967,41.65631],[44.93967,41.65068]]]}},{"type":"Feature","properties":{"slug":"samgori-130","parent_slug":"samgori","parent_name_en":"Samgori","parent_name_ka":"სამგორის რაიონი","parent_name_ru":"Самгори","index":130,"color_index":8,"name_en":"Samgori 130"},"geometry":{"type":"Polygon","coordinates":[[[45.00006,41.69009],[45.00761,41.69009],[45.00761,41.69572],[45.00006,41.69572],[45.00006,41.69009]]]}},{"type":"Feature","properties":{"slug":"samgori-131","parent_slug":"samgori","parent_name_en":"Samgori","parent_name_ka":"სამგორის რაიონი","parent_name_ru":"Самгори","index":131,"color_index":8,"name_en":"Samgori 131"},"geometry":{"type":"Polygon","coordinates":[[[45.00761,41.69009],[45.01516,41.69009],[45.01516,41.69572],[45.00761,41.69572],[45.00761,41.69009]]]}},{"type":"Feature","properties":{"slug":"samgori-132","parent_slug":"samgori","parent_name_en":"Samgori","parent_name_ka":"სამგორის რაიონი","parent_name_ru":"Самгори","index":132,"color_index":8,"name_en":"Samgori 132"},"geometry":{"type":"Polygon","coordinates":[[[44.86419,41.69572],[44.87174,41.69572],[44.87174,41.70135],[44.86419,41.70135],[44.86419,41.69572]]]}},{"type":"Feature","properties":{"slug":"samgori-133","parent_slug":"samgori","parent_name_en":"Samgori","parent_name_ka":"სამგორის რაიონი","parent_name_ru":"Самгори","index":133,"color_index":8,"name_en":"Samgori 133"},"geometry":{"type":"Polygon","coordinates":[[[44.87174,41.69572],[44.87929,41.69572],[44.87929,41.70135],[44.87174,41.70135],[44.87174,41.69572]]]}},{"type":"Feature","properties":{"slug":"samgori-134","parent_slug":"samgori","parent_name_en":"Samgori","parent_name_ka":"სამგორის რაიონი","parent_name_ru":"Самгори","index":134,"color_index":8,"name_en":"Samgori 134"},"geometry":{"type":"Polygon","coordinates":[[[44.87929,41.69572],[44.88684,41.69572],[44.88684,41.70135],[44.87929,41.70135],[44.87929,41.69572]]]}},{"type":"Feature","properties":{"slug":"samgori-135","parent_slug":"samgori","parent_name_en":"Samgori","parent_name_ka":"სამგორის რაიონი","parent_name_ru":"Самгори","index":135,"color_index":8,"name_en":"Samgori 135"},"geometry":{"type":"Polygon","coordinates":[[[44.88684,41.69572],[44.89438,41.69572],[44.89438,41.70135],[44.88684,41.70135],[44.88684,41.69572]]]}},{"type":"Feature","properties":{"slug":"samgori-136","parent_slug":"samgori","parent_name_en":"Samgori","parent_name_ka":"სამგორის რაიონი","parent_name_ru":"Самгори","index":136,"color_index":8,"name_en":"Samgori 136"},"geometry":{"type":"Polygon","coordinates":[[[44.89438,41.69572],[44.90193,41.69572],[44.90193,41.70135],[44.89438,41.70135],[44.89438,41.69572]]]}},{"type":"Feature","properties":{"slug":"samgori-137","parent_slug":"samgori","parent_name_en":"Samgori","parent_name_ka":"სამგორის რაიონი","parent_name_ru":"Самгори","index":137,"color_index":8,"name_en":"Samgori 137"},"geometry":{"type":"Polygon","coordinates":[[[44.90193,41.69572],[44.90948,41.69572],[44.90948,41.70135],[44.90193,41.70135],[44.90193,41.69572]]]}},{"type":"Feature","properties":{"slug":"samgori-138","parent_slug":"samgori","parent_name_en":"Samgori","parent_name_ka":"სამგორის რაიონი","parent_name_ru":"Самгори","index":138,"color_index":8,"name_en":"Samgori 138"},"geometry":{"type":"Polygon","coordinates":[[[44.90948,41.69572],[44.91703,41.69572],[44.91703,41.70135],[44.90948,41.70135],[44.90948,41.69572]]]}},{"type":"Feature","properties":{"slug":"samgori-139","parent_slug":"samgori","parent_name_en":"Samgori","parent_name_ka":"სამგორის რაიონი","parent_name_ru":"Самгори","index":139,"color_index":8,"name_en":"Samgori 139"},"geometry":{"type":"Polygon","coordinates":[[[44.91703,41.69572],[44.92458,41.69572],[44.92458,41.70135],[44.91703,41.70135],[44.91703,41.69572]]]}},{"type":"Feature","properties":{"slug":"samgori-14","parent_slug":"samgori","parent_name_en":"Samgori","parent_name_ka":"სამგორის რაიონი","parent_name_ru":"Самгори","index":14,"color_index":8,"name_en":"Samgori 14"},"geometry":{"type":"Polygon","coordinates":[[[44.94722,41.65068],[44.95477,41.65068],[44.95477,41.65631],[44.94722,41.65631],[44.94722,41.65068]]]}},{"type":"Feature","properties":{"slug":"samgori-140","parent_slug":"samgori","parent_name_en":"Samgori","parent_name_ka":"სამგორის რაიონი","parent_name_ru":"Самгори","index":140,"color_index":8,"name_en":"Samgori 140"},"geometry":{"type":"Polygon","coordinates":[[[44.92458,41.69572],[44.93213,41.69572],[44.93213,41.70135],[44.92458,41.70135],[44.92458,41.69572]]]}},{"type":"Feature","properties":{"slug":"samgori-141","parent_slug":"samgori","parent_name_en":"Samgori","parent_name_ka":"სამგორის რაიონი","parent_name_ru":"Самгори","index":141,"color_index":8,"name_en":"Samgori 141"},"geometry":{"type":"Polygon","coordinates":[[[44.93213,41.69572],[44.93967,41.69572],[44.93967,41.70135],[44.93213,41.70135],[44.93213,41.69572]]]}},{"type":"Feature","properties":{"slug":"samgori-142","parent_slug":"samgori","parent_name_en":"Samgori","parent_name_ka":"სამგორის რაიონი","parent_name_ru":"Самгори","index":142,"color_index":8,"name_en":"Samgori 142"},"geometry":{"type":"Polygon","coordinates":[[[44.93967,41.69572],[44.94722,41.69572],[44.94722,41.70135],[44.93967,41.70135],[44.93967,41.69572]]]}},{"type":"Feature","properties":{"slug":"samgori-143","parent_slug":"samgori","parent_name_en":"Samgori","parent_name_ka":"სამგორის რაიონი","parent_name_ru":"Самгори","index":143,"color_index":8,"name_en":"Samgori 143"},"geometry":{"type":"Polygon","coordinates":[[[44.94722,41.69572],[44.95477,41.69572],[44.95477,41.70135],[44.94722,41.70135],[44.94722,41.69572]]]}},{"type":"Feature","properties":{"slug":"samgori-144","parent_slug":"samgori","parent_name_en":"Samgori","parent_name_ka":"სამგორის რაიონი","parent_name_ru":"Самгори","index":144,"color_index":8,"name_en":"Samgori 144"},"geometry":{"type":"Polygon","coordinates":[[[44.95477,41.69572],[44.96232,41.69572],[44.96232,41.70135],[44.95477,41.70135],[44.95477,41.69572]]]}},{"type":"Feature","properties":{"slug":"samgori-145","parent_slug":"samgori","parent_name_en":"Samgori","parent_name_ka":"სამგორის რაიონი","parent_name_ru":"Самгори","index":145,"color_index":8,"name_en":"Samgori 145"},"geometry":{"type":"Polygon","coordinates":[[[44.96232,41.69572],[44.96987,41.69572],[44.96987,41.70135],[44.96232,41.70135],[44.96232,41.69572]]]}},{"type":"Feature","properties":{"slug":"samgori-146","parent_slug":"samgori","parent_name_en":"Samgori","parent_name_ka":"სამგორის რაიონი","parent_name_ru":"Самгори","index":146,"color_index":8,"name_en":"Samgori 146"},"geometry":{"type":"Polygon","coordinates":[[[44.96987,41.69572],[44.97742,41.69572],[44.97742,41.70135],[44.96987,41.70135],[44.96987,41.69572]]]}},{"type":"Feature","properties":{"slug":"samgori-147","parent_slug":"samgori","parent_name_en":"Samgori","parent_name_ka":"სამგორის რაიონი","parent_name_ru":"Самгори","index":147,"color_index":8,"name_en":"Samgori 147"},"geometry":{"type":"Polygon","coordinates":[[[44.97742,41.69572],[44.98496,41.69572],[44.98496,41.70135],[44.97742,41.70135],[44.97742,41.69572]]]}},{"type":"Feature","properties":{"slug":"samgori-148","parent_slug":"samgori","parent_name_en":"Samgori","parent_name_ka":"სამგორის რაიონი","parent_name_ru":"Самгори","index":148,"color_index":8,"name_en":"Samgori 148"},"geometry":{"type":"Polygon","coordinates":[[[44.98496,41.69572],[44.99251,41.69572],[44.99251,41.70135],[44.98496,41.70135],[44.98496,41.69572]]]}},{"type":"Feature","properties":{"slug":"samgori-149","parent_slug":"samgori","parent_name_en":"Samgori","parent_name_ka":"სამგორის რაიონი","parent_name_ru":"Самгори","index":149,"color_index":8,"name_en":"Samgori 149"},"geometry":{"type":"Polygon","coordinates":[[[44.99251,41.69572],[45.00006,41.69572],[45.00006,41.70135],[44.99251,41.70135],[44.99251,41.69572]]]}},{"type":"Feature","properties":{"slug":"samgori-15","parent_slug":"samgori","parent_name_en":"Samgori","parent_name_ka":"სამგორის რაიონი","parent_name_ru":"Самгори","index":15,"color_index":8,"name_en":"Samgori 15"},"geometry":{"type":"Polygon","coordinates":[[[44.95477,41.65068],[44.96232,41.65068],[44.96232,41.65631],[44.95477,41.65631],[44.95477,41.65068]]]}},{"type":"Feature","properties":{"slug":"samgori-150","parent_slug":"samgori","parent_name_en":"Samgori","parent_name_ka":"სამგორის რაიონი","parent_name_ru":"Самгори","index":150,"color_index":8,"name_en":"Samgori 150"},"geometry":{"type":"Polygon","coordinates":[[[45.00006,41.69572],[45.00761,41.69572],[45.00761,41.70135],[45.00006,41.70135],[45.00006,41.69572]]]}},{"type":"Feature","properties":{"slug":"samgori-151","parent_slug":"samgori","parent_name_en":"Samgori","parent_name_ka":"სამგორის რაიონი","parent_name_ru":"Самгори","index":151,"color_index":8,"name_en":"Samgori 151"},"geometry":{"type":"Polygon","coordinates":[[[45.00761,41.69572],[45.01516,41.69572],[45.01516,41.70135],[45.00761,41.70135],[45.00761,41.69572]]]}},{"type":"Feature","properties":{"slug":"samgori-152","parent_slug":"samgori","parent_name_en":"Samgori","parent_name_ka":"სამგორის რაიონი","parent_name_ru":"Самгори","index":152,"color_index":8,"name_en":"Samgori 152"},"geometry":{"type":"Polygon","coordinates":[[[44.85664,41.70135],[44.86419,41.70135],[44.86419,41.70698],[44.85664,41.70698],[44.85664,41.70135]]]}},{"type":"Feature","properties":{"slug":"samgori-153","parent_slug":"samgori","parent_name_en":"Samgori","parent_name_ka":"სამგორის რაიონი","parent_name_ru":"Самгори","index":153,"color_index":8,"name_en":"Samgori 153"},"geometry":{"type":"Polygon","coordinates":[[[44.86419,41.70135],[44.87174,41.70135],[44.87174,41.70698],[44.86419,41.70698],[44.86419,41.70135]]]}},{"type":"Feature","properties":{"slug":"samgori-154","parent_slug":"samgori","parent_name_en":"Samgori","parent_name_ka":"სამგორის რაიონი","parent_name_ru":"Самгори","index":154,"color_index":8,"name_en":"Samgori 154"},"geometry":{"type":"Polygon","coordinates":[[[44.87174,41.70135],[44.87929,41.70135],[44.87929,41.70698],[44.87174,41.70698],[44.87174,41.70135]]]}},{"type":"Feature","properties":{"slug":"samgori-155","parent_slug":"samgori","parent_name_en":"Samgori","parent_name_ka":"სამგორის რაიონი","parent_name_ru":"Самгори","index":155,"color_index":8,"name_en":"Samgori 155"},"geometry":{"type":"Polygon","coordinates":[[[44.87929,41.70135],[44.88684,41.70135],[44.88684,41.70698],[44.87929,41.70698],[44.87929,41.70135]]]}},{"type":"Feature","properties":{"slug":"samgori-156","parent_slug":"samgori","parent_name_en":"Samgori","parent_name_ka":"სამგორის რაიონი","parent_name_ru":"Самгори","index":156,"color_index":8,"name_en":"Samgori 156"},"geometry":{"type":"Polygon","coordinates":[[[44.88684,41.70135],[44.89438,41.70135],[44.89438,41.70698],[44.88684,41.70698],[44.88684,41.70135]]]}},{"type":"Feature","properties":{"slug":"samgori-157","parent_slug":"samgori","parent_name_en":"Samgori","parent_name_ka":"სამგორის რაიონი","parent_name_ru":"Самгори","index":157,"color_index":8,"name_en":"Samgori 157"},"geometry":{"type":"Polygon","coordinates":[[[44.89438,41.70135],[44.90193,41.70135],[44.90193,41.70698],[44.89438,41.70698],[44.89438,41.70135]]]}},{"type":"Feature","properties":{"slug":"samgori-158","parent_slug":"samgori","parent_name_en":"Samgori","parent_name_ka":"სამგორის რაიონი","parent_name_ru":"Самгори","index":158,"color_index":8,"name_en":"Samgori 158"},"geometry":{"type":"Polygon","coordinates":[[[44.90193,41.70135],[44.90948,41.70135],[44.90948,41.70698],[44.90193,41.70698],[44.90193,41.70135]]]}},{"type":"Feature","properties":{"slug":"samgori-159","parent_slug":"samgori","parent_name_en":"Samgori","parent_name_ka":"სამგორის რაიონი","parent_name_ru":"Самгори","index":159,"color_index":8,"name_en":"Samgori 159"},"geometry":{"type":"Polygon","coordinates":[[[44.90948,41.70135],[44.91703,41.70135],[44.91703,41.70698],[44.90948,41.70698],[44.90948,41.70135]]]}},{"type":"Feature","properties":{"slug":"samgori-16","parent_slug":"samgori","parent_name_en":"Samgori","parent_name_ka":"სამგორის რაიონი","parent_name_ru":"Самгори","index":16,"color_index":8,"name_en":"Samgori 16"},"geometry":{"type":"Polygon","coordinates":[[[44.96232,41.65068],[44.96987,41.65068],[44.96987,41.65631],[44.96232,41.65631],[44.96232,41.65068]]]}},{"type":"Feature","properties":{"slug":"samgori-160","parent_slug":"samgori","parent_name_en":"Samgori","parent_name_ka":"სამგორის რაიონი","parent_name_ru":"Самгори","index":160,"color_index":8,"name_en":"Samgori 160"},"geometry":{"type":"Polygon","coordinates":[[[44.91703,41.70135],[44.92458,41.70135],[44.92458,41.70698],[44.91703,41.70698],[44.91703,41.70135]]]}},{"type":"Feature","properties":{"slug":"samgori-161","parent_slug":"samgori","parent_name_en":"Samgori","parent_name_ka":"სამგორის რაიონი","parent_name_ru":"Самгори","index":161,"color_index":8,"name_en":"Samgori 161"},"geometry":{"type":"Polygon","coordinates":[[[44.92458,41.70135],[44.93213,41.70135],[44.93213,41.70698],[44.92458,41.70698],[44.92458,41.70135]]]}},{"type":"Feature","properties":{"slug":"samgori-162","parent_slug":"samgori","parent_name_en":"Samgori","parent_name_ka":"სამგორის რაიონი","parent_name_ru":"Самгори","index":162,"color_index":8,"name_en":"Samgori 162"},"geometry":{"type":"Polygon","coordinates":[[[44.93213,41.70135],[44.93967,41.70135],[44.93967,41.70698],[44.93213,41.70698],[44.93213,41.70135]]]}},{"type":"Feature","properties":{"slug":"samgori-163","parent_slug":"samgori","parent_name_en":"Samgori","parent_name_ka":"სამგორის რაიონი","parent_name_ru":"Самгори","index":163,"color_index":8,"name_en":"Samgori 163"},"geometry":{"type":"Polygon","coordinates":[[[44.93967,41.70135],[44.94722,41.70135],[44.94722,41.70698],[44.93967,41.70698],[44.93967,41.70135]]]}},{"type":"Feature","properties":{"slug":"samgori-164","parent_slug":"samgori","parent_name_en":"Samgori","parent_name_ka":"სამგორის რაიონი","parent_name_ru":"Самгори","index":164,"color_index":8,"name_en":"Samgori 164"},"geometry":{"type":"Polygon","coordinates":[[[44.94722,41.70135],[44.95477,41.70135],[44.95477,41.70698],[44.94722,41.70698],[44.94722,41.70135]]]}},{"type":"Feature","properties":{"slug":"samgori-165","parent_slug":"samgori","parent_name_en":"Samgori","parent_name_ka":"სამგორის რაიონი","parent_name_ru":"Самгори","index":165,"color_index":8,"name_en":"Samgori 165"},"geometry":{"type":"Polygon","coordinates":[[[44.95477,41.70135],[44.96232,41.70135],[44.96232,41.70698],[44.95477,41.70698],[44.95477,41.70135]]]}},{"type":"Feature","properties":{"slug":"samgori-166","parent_slug":"samgori","parent_name_en":"Samgori","parent_name_ka":"სამგორის რაიონი","parent_name_ru":"Самгори","index":166,"color_index":8,"name_en":"Samgori 166"},"geometry":{"type":"Polygon","coordinates":[[[44.96232,41.70135],[44.96987,41.70135],[44.96987,41.70698],[44.96232,41.70698],[44.96232,41.70135]]]}},{"type":"Feature","properties":{"slug":"samgori-167","parent_slug":"samgori","parent_name_en":"Samgori","parent_name_ka":"სამგორის რაიონი","parent_name_ru":"Самгори","index":167,"color_index":8,"name_en":"Samgori 167"},"geometry":{"type":"Polygon","coordinates":[[[44.96987,41.70135],[44.97742,41.70135],[44.97742,41.70698],[44.96987,41.70698],[44.96987,41.70135]]]}},{"type":"Feature","properties":{"slug":"samgori-168","parent_slug":"samgori","parent_name_en":"Samgori","parent_name_ka":"სამგორის რაიონი","parent_name_ru":"Самгори","index":168,"color_index":8,"name_en":"Samgori 168"},"geometry":{"type":"Polygon","coordinates":[[[44.97742,41.70135],[44.98496,41.70135],[44.98496,41.70698],[44.97742,41.70698],[44.97742,41.70135]]]}},{"type":"Feature","properties":{"slug":"samgori-169","parent_slug":"samgori","parent_name_en":"Samgori","parent_name_ka":"სამგორის რაიონი","parent_name_ru":"Самгори","index":169,"color_index":8,"name_en":"Samgori 169"},"geometry":{"type":"Polygon","coordinates":[[[44.98496,41.70135],[44.99251,41.70135],[44.99251,41.70698],[44.98496,41.70698],[44.98496,41.70135]]]}},{"type":"Feature","properties":{"slug":"samgori-17","parent_slug":"samgori","parent_name_en":"Samgori","parent_name_ka":"სამგორის რაიონი","parent_name_ru":"Самгори","index":17,"color_index":8,"name_en":"Samgori 17"},"geometry":{"type":"Polygon","coordinates":[[[44.89438,41.65631],[44.90193,41.65631],[44.90193,41.66194],[44.89438,41.66194],[44.89438,41.65631]]]}},{"type":"Feature","properties":{"slug":"samgori-170","parent_slug":"samgori","parent_name_en":"Samgori","parent_name_ka":"სამგორის რაიონი","parent_name_ru":"Самгори","index":170,"color_index":8,"name_en":"Samgori 170"},"geometry":{"type":"Polygon","coordinates":[[[44.99251,41.70135],[45.00006,41.70135],[45.00006,41.70698],[44.99251,41.70698],[44.99251,41.70135]]]}},{"type":"Feature","properties":{"slug":"samgori-171","parent_slug":"samgori","parent_name_en":"Samgori","parent_name_ka":"სამგორის რაიონი","parent_name_ru":"Самгори","index":171,"color_index":8,"name_en":"Samgori 171"},"geometry":{"type":"Polygon","coordinates":[[[45.00006,41.70135],[45.00761,41.70135],[45.00761,41.70698],[45.00006,41.70698],[45.00006,41.70135]]]}},{"type":"Feature","properties":{"slug":"samgori-172","parent_slug":"samgori","parent_name_en":"Samgori","parent_name_ka":"სამგორის რაიონი","parent_name_ru":"Самгори","index":172,"color_index":8,"name_en":"Samgori 172"},"geometry":{"type":"Polygon","coordinates":[[[45.00761,41.70135],[45.01516,41.70135],[45.01516,41.70698],[45.00761,41.70698],[45.00761,41.70135]]]}},{"type":"Feature","properties":{"slug":"samgori-173","parent_slug":"samgori","parent_name_en":"Samgori","parent_name_ka":"სამგორის რაიონი","parent_name_ru":"Самгори","index":173,"color_index":8,"name_en":"Samgori 173"},"geometry":{"type":"Polygon","coordinates":[[[44.84909,41.70698],[44.85664,41.70698],[44.85664,41.71261],[44.84909,41.71261],[44.84909,41.70698]]]}},{"type":"Feature","properties":{"slug":"samgori-174","parent_slug":"samgori","parent_name_en":"Samgori","parent_name_ka":"სამგორის რაიონი","parent_name_ru":"Самгори","index":174,"color_index":8,"name_en":"Samgori 174"},"geometry":{"type":"Polygon","coordinates":[[[44.85664,41.70698],[44.86419,41.70698],[44.86419,41.71261],[44.85664,41.71261],[44.85664,41.70698]]]}},{"type":"Feature","properties":{"slug":"samgori-175","parent_slug":"samgori","parent_name_en":"Samgori","parent_name_ka":"სამგორის რაიონი","parent_name_ru":"Самгори","index":175,"color_index":8,"name_en":"Samgori 175"},"geometry":{"type":"Polygon","coordinates":[[[44.86419,41.70698],[44.87174,41.70698],[44.87174,41.71261],[44.86419,41.71261],[44.86419,41.70698]]]}},{"type":"Feature","properties":{"slug":"samgori-176","parent_slug":"samgori","parent_name_en":"Samgori","parent_name_ka":"სამგორის რაიონი","parent_name_ru":"Самгори","index":176,"color_index":8,"name_en":"Samgori 176"},"geometry":{"type":"Polygon","coordinates":[[[44.87174,41.70698],[44.87929,41.70698],[44.87929,41.71261],[44.87174,41.71261],[44.87174,41.70698]]]}},{"type":"Feature","properties":{"slug":"samgori-177","parent_slug":"samgori","parent_name_en":"Samgori","parent_name_ka":"სამგორის რაიონი","parent_name_ru":"Самгори","index":177,"color_index":8,"name_en":"Samgori 177"},"geometry":{"type":"Polygon","coordinates":[[[44.87929,41.70698],[44.88684,41.70698],[44.88684,41.71261],[44.87929,41.71261],[44.87929,41.70698]]]}},{"type":"Feature","properties":{"slug":"samgori-178","parent_slug":"samgori","parent_name_en":"Samgori","parent_name_ka":"სამგორის რაიონი","parent_name_ru":"Самгори","index":178,"color_index":8,"name_en":"Samgori 178"},"geometry":{"type":"Polygon","coordinates":[[[44.88684,41.70698],[44.89438,41.70698],[44.89438,41.71261],[44.88684,41.71261],[44.88684,41.70698]]]}},{"type":"Feature","properties":{"slug":"samgori-179","parent_slug":"samgori","parent_name_en":"Samgori","parent_name_ka":"სამგორის რაიონი","parent_name_ru":"Самгори","index":179,"color_index":8,"name_en":"Samgori 179"},"geometry":{"type":"Polygon","coordinates":[[[44.89438,41.70698],[44.90193,41.70698],[44.90193,41.71261],[44.89438,41.71261],[44.89438,41.70698]]]}},{"type":"Feature","properties":{"slug":"samgori-18","parent_slug":"samgori","parent_name_en":"Samgori","parent_name_ka":"სამგორის რაიონი","parent_name_ru":"Самгори","index":18,"color_index":8,"name_en":"Samgori 18"},"geometry":{"type":"Polygon","coordinates":[[[44.90193,41.65631],[44.90948,41.65631],[44.90948,41.66194],[44.90193,41.66194],[44.90193,41.65631]]]}},{"type":"Feature","properties":{"slug":"samgori-180","parent_slug":"samgori","parent_name_en":"Samgori","parent_name_ka":"სამგორის რაიონი","parent_name_ru":"Самгори","index":180,"color_index":8,"name_en":"Samgori 180"},"geometry":{"type":"Polygon","coordinates":[[[44.90193,41.70698],[44.90948,41.70698],[44.90948,41.71261],[44.90193,41.71261],[44.90193,41.70698]]]}},{"type":"Feature","properties":{"slug":"samgori-181","parent_slug":"samgori","parent_name_en":"Samgori","parent_name_ka":"სამგორის რაიონი","parent_name_ru":"Самгори","index":181,"color_index":8,"name_en":"Samgori 181"},"geometry":{"type":"Polygon","coordinates":[[[44.90948,41.70698],[44.91703,41.70698],[44.91703,41.71261],[44.90948,41.71261],[44.90948,41.70698]]]}},{"type":"Feature","properties":{"slug":"samgori-182","parent_slug":"samgori","parent_name_en":"Samgori","parent_name_ka":"სამგორის რაიონი","parent_name_ru":"Самгори","index":182,"color_index":8,"name_en":"Samgori 182"},"geometry":{"type":"Polygon","coordinates":[[[44.91703,41.70698],[44.92458,41.70698],[44.92458,41.71261],[44.91703,41.71261],[44.91703,41.70698]]]}},{"type":"Feature","properties":{"slug":"samgori-183","parent_slug":"samgori","parent_name_en":"Samgori","parent_name_ka":"სამგორის რაიონი","parent_name_ru":"Самгори","index":183,"color_index":8,"name_en":"Samgori 183"},"geometry":{"type":"Polygon","coordinates":[[[44.92458,41.70698],[44.93213,41.70698],[44.93213,41.71261],[44.92458,41.71261],[44.92458,41.70698]]]}},{"type":"Feature","properties":{"slug":"samgori-184","parent_slug":"samgori","parent_name_en":"Samgori","parent_name_ka":"სამგორის რაიონი","parent_name_ru":"Самгори","index":184,"color_index":8,"name_en":"Samgori 184"},"geometry":{"type":"Polygon","coordinates":[[[44.93213,41.70698],[44.93967,41.70698],[44.93967,41.71261],[44.93213,41.71261],[44.93213,41.70698]]]}},{"type":"Feature","properties":{"slug":"samgori-185","parent_slug":"samgori","parent_name_en":"Samgori","parent_name_ka":"სამგორის რაიონი","parent_name_ru":"Самгори","index":185,"color_index":8,"name_en":"Samgori 185"},"geometry":{"type":"Polygon","coordinates":[[[44.93967,41.70698],[44.94722,41.70698],[44.94722,41.71261],[44.93967,41.71261],[44.93967,41.70698]]]}},{"type":"Feature","properties":{"slug":"samgori-186","parent_slug":"samgori","parent_name_en":"Samgori","parent_name_ka":"სამგორის რაიონი","parent_name_ru":"Самгори","index":186,"color_index":8,"name_en":"Samgori 186"},"geometry":{"type":"Polygon","coordinates":[[[44.94722,41.70698],[44.95477,41.70698],[44.95477,41.71261],[44.94722,41.71261],[44.94722,41.70698]]]}},{"type":"Feature","properties":{"slug":"samgori-187","parent_slug":"samgori","parent_name_en":"Samgori","parent_name_ka":"სამგორის რაიონი","parent_name_ru":"Самгори","index":187,"color_index":8,"name_en":"Samgori 187"},"geometry":{"type":"Polygon","coordinates":[[[44.95477,41.70698],[44.96232,41.70698],[44.96232,41.71261],[44.95477,41.71261],[44.95477,41.70698]]]}},{"type":"Feature","properties":{"slug":"samgori-188","parent_slug":"samgori","parent_name_en":"Samgori","parent_name_ka":"სამგორის რაიონი","parent_name_ru":"Самгори","index":188,"color_index":8,"name_en":"Samgori 188"},"geometry":{"type":"Polygon","coordinates":[[[44.96232,41.70698],[44.96987,41.70698],[44.96987,41.71261],[44.96232,41.71261],[44.96232,41.70698]]]}},{"type":"Feature","properties":{"slug":"samgori-189","parent_slug":"samgori","parent_name_en":"Samgori","parent_name_ka":"სამგორის რაიონი","parent_name_ru":"Самгори","index":189,"color_index":8,"name_en":"Samgori 189"},"geometry":{"type":"Polygon","coordinates":[[[44.96987,41.70698],[44.97742,41.70698],[44.97742,41.71261],[44.96987,41.71261],[44.96987,41.70698]]]}},{"type":"Feature","properties":{"slug":"samgori-19","parent_slug":"samgori","parent_name_en":"Samgori","parent_name_ka":"სამგორის რაიონი","parent_name_ru":"Самгори","index":19,"color_index":8,"name_en":"Samgori 19"},"geometry":{"type":"Polygon","coordinates":[[[44.90948,41.65631],[44.91703,41.65631],[44.91703,41.66194],[44.90948,41.66194],[44.90948,41.65631]]]}},{"type":"Feature","properties":{"slug":"samgori-190","parent_slug":"samgori","parent_name_en":"Samgori","parent_name_ka":"სამგორის რაიონი","parent_name_ru":"Самгори","index":190,"color_index":8,"name_en":"Samgori 190"},"geometry":{"type":"Polygon","coordinates":[[[44.97742,41.70698],[44.98496,41.70698],[44.98496,41.71261],[44.97742,41.71261],[44.97742,41.70698]]]}},{"type":"Feature","properties":{"slug":"samgori-191","parent_slug":"samgori","parent_name_en":"Samgori","parent_name_ka":"სამგორის რაიონი","parent_name_ru":"Самгори","index":191,"color_index":8,"name_en":"Samgori 191"},"geometry":{"type":"Polygon","coordinates":[[[44.98496,41.70698],[44.99251,41.70698],[44.99251,41.71261],[44.98496,41.71261],[44.98496,41.70698]]]}},{"type":"Feature","properties":{"slug":"samgori-192","parent_slug":"samgori","parent_name_en":"Samgori","parent_name_ka":"სამგორის რაიონი","parent_name_ru":"Самгори","index":192,"color_index":8,"name_en":"Samgori 192"},"geometry":{"type":"Polygon","coordinates":[[[44.99251,41.70698],[45.00006,41.70698],[45.00006,41.71261],[44.99251,41.71261],[44.99251,41.70698]]]}},{"type":"Feature","properties":{"slug":"samgori-193","parent_slug":"samgori","parent_name_en":"Samgori","parent_name_ka":"სამგორის რაიონი","parent_name_ru":"Самгори","index":193,"color_index":8,"name_en":"Samgori 193"},"geometry":{"type":"Polygon","coordinates":[[[45.00006,41.70698],[45.00761,41.70698],[45.00761,41.71261],[45.00006,41.71261],[45.00006,41.70698]]]}},{"type":"Feature","properties":{"slug":"samgori-194","parent_slug":"samgori","parent_name_en":"Samgori","parent_name_ka":"სამგორის რაიონი","parent_name_ru":"Самгори","index":194,"color_index":8,"name_en":"Samgori 194"},"geometry":{"type":"Polygon","coordinates":[[[45.00761,41.70698],[45.01516,41.70698],[45.01516,41.71261],[45.00761,41.71261],[45.00761,41.70698]]]}},{"type":"Feature","properties":{"slug":"samgori-195","parent_slug":"samgori","parent_name_en":"Samgori","parent_name_ka":"სამგორის რაიონი","parent_name_ru":"Самгори","index":195,"color_index":8,"name_en":"Samgori 195"},"geometry":{"type":"Polygon","coordinates":[[[44.84155,41.71261],[44.84909,41.71261],[44.84909,41.71824],[44.84155,41.71824],[44.84155,41.71261]]]}},{"type":"Feature","properties":{"slug":"samgori-196","parent_slug":"samgori","parent_name_en":"Samgori","parent_name_ka":"სამგორის რაიონი","parent_name_ru":"Самгори","index":196,"color_index":8,"name_en":"Samgori 196"},"geometry":{"type":"Polygon","coordinates":[[[44.84909,41.71261],[44.85664,41.71261],[44.85664,41.71824],[44.84909,41.71824],[44.84909,41.71261]]]}},{"type":"Feature","properties":{"slug":"samgori-197","parent_slug":"samgori","parent_name_en":"Samgori","parent_name_ka":"სამგორის რაიონი","parent_name_ru":"Самгори","index":197,"color_index":8,"name_en":"Samgori 197"},"geometry":{"type":"Polygon","coordinates":[[[44.85664,41.71261],[44.86419,41.71261],[44.86419,41.71824],[44.85664,41.71824],[44.85664,41.71261]]]}},{"type":"Feature","properties":{"slug":"samgori-198","parent_slug":"samgori","parent_name_en":"Samgori","parent_name_ka":"სამგორის რაიონი","parent_name_ru":"Самгори","index":198,"color_index":8,"name_en":"Samgori 198"},"geometry":{"type":"Polygon","coordinates":[[[44.86419,41.71261],[44.87174,41.71261],[44.87174,41.71824],[44.86419,41.71824],[44.86419,41.71261]]]}},{"type":"Feature","properties":{"slug":"samgori-199","parent_slug":"samgori","parent_name_en":"Samgori","parent_name_ka":"სამგორის რაიონი","parent_name_ru":"Самгори","index":199,"color_index":8,"name_en":"Samgori 199"},"geometry":{"type":"Polygon","coordinates":[[[44.87174,41.71261],[44.87929,41.71261],[44.87929,41.71824],[44.87174,41.71824],[44.87174,41.71261]]]}},{"type":"Feature","properties":{"slug":"samgori-2","parent_slug":"samgori","parent_name_en":"Samgori","parent_name_ka":"სამგორის რაიონი","parent_name_ru":"Самгори","index":2,"color_index":8,"name_en":"Samgori 2"},"geometry":{"type":"Polygon","coordinates":[[[44.93213,41.63941],[44.93967,41.63941],[44.93967,41.64505],[44.93213,41.64505],[44.93213,41.63941]]]}},{"type":"Feature","properties":{"slug":"samgori-20","parent_slug":"samgori","parent_name_en":"Samgori","parent_name_ka":"სამგორის რაიონი","parent_name_ru":"Самгори","index":20,"color_index":8,"name_en":"Samgori 20"},"geometry":{"type":"Polygon","coordinates":[[[44.91703,41.65631],[44.92458,41.65631],[44.92458,41.66194],[44.91703,41.66194],[44.91703,41.65631]]]}},{"type":"Feature","properties":{"slug":"samgori-200","parent_slug":"samgori","parent_name_en":"Samgori","parent_name_ka":"სამგორის რაიონი","parent_name_ru":"Самгори","index":200,"color_index":8,"name_en":"Samgori 200"},"geometry":{"type":"Polygon","coordinates":[[[44.87929,41.71261],[44.88684,41.71261],[44.88684,41.71824],[44.87929,41.71824],[44.87929,41.71261]]]}},{"type":"Feature","properties":{"slug":"samgori-201","parent_slug":"samgori","parent_name_en":"Samgori","parent_name_ka":"სამგორის რაიონი","parent_name_ru":"Самгори","index":201,"color_index":8,"name_en":"Samgori 201"},"geometry":{"type":"Polygon","coordinates":[[[44.88684,41.71261],[44.89438,41.71261],[44.89438,41.71824],[44.88684,41.71824],[44.88684,41.71261]]]}},{"type":"Feature","properties":{"slug":"samgori-202","parent_slug":"samgori","parent_name_en":"Samgori","parent_name_ka":"სამგორის რაიონი","parent_name_ru":"Самгори","index":202,"color_index":8,"name_en":"Samgori 202"},"geometry":{"type":"Polygon","coordinates":[[[44.89438,41.71261],[44.90193,41.71261],[44.90193,41.71824],[44.89438,41.71824],[44.89438,41.71261]]]}},{"type":"Feature","properties":{"slug":"samgori-203","parent_slug":"samgori","parent_name_en":"Samgori","parent_name_ka":"სამგორის რაიონი","parent_name_ru":"Самгори","index":203,"color_index":8,"name_en":"Samgori 203"},"geometry":{"type":"Polygon","coordinates":[[[44.90193,41.71261],[44.90948,41.71261],[44.90948,41.71824],[44.90193,41.71824],[44.90193,41.71261]]]}},{"type":"Feature","properties":{"slug":"samgori-204","parent_slug":"samgori","parent_name_en":"Samgori","parent_name_ka":"სამგორის რაიონი","parent_name_ru":"Самгори","index":204,"color_index":8,"name_en":"Samgori 204"},"geometry":{"type":"Polygon","coordinates":[[[44.90948,41.71261],[44.91703,41.71261],[44.91703,41.71824],[44.90948,41.71824],[44.90948,41.71261]]]}},{"type":"Feature","properties":{"slug":"samgori-205","parent_slug":"samgori","parent_name_en":"Samgori","parent_name_ka":"სამგორის რაიონი","parent_name_ru":"Самгори","index":205,"color_index":8,"name_en":"Samgori 205"},"geometry":{"type":"Polygon","coordinates":[[[44.91703,41.71261],[44.92458,41.71261],[44.92458,41.71824],[44.91703,41.71824],[44.91703,41.71261]]]}},{"type":"Feature","properties":{"slug":"samgori-206","parent_slug":"samgori","parent_name_en":"Samgori","parent_name_ka":"სამგორის რაიონი","parent_name_ru":"Самгори","index":206,"color_index":8,"name_en":"Samgori 206"},"geometry":{"type":"Polygon","coordinates":[[[44.92458,41.71261],[44.93213,41.71261],[44.93213,41.71824],[44.92458,41.71824],[44.92458,41.71261]]]}},{"type":"Feature","properties":{"slug":"samgori-207","parent_slug":"samgori","parent_name_en":"Samgori","parent_name_ka":"სამგორის რაიონი","parent_name_ru":"Самгори","index":207,"color_index":8,"name_en":"Samgori 207"},"geometry":{"type":"Polygon","coordinates":[[[44.93213,41.71261],[44.93967,41.71261],[44.93967,41.71824],[44.93213,41.71824],[44.93213,41.71261]]]}},{"type":"Feature","properties":{"slug":"samgori-208","parent_slug":"samgori","parent_name_en":"Samgori","parent_name_ka":"სამგორის რაიონი","parent_name_ru":"Самгори","index":208,"color_index":8,"name_en":"Samgori 208"},"geometry":{"type":"Polygon","coordinates":[[[44.93967,41.71261],[44.94722,41.71261],[44.94722,41.71824],[44.93967,41.71824],[44.93967,41.71261]]]}},{"type":"Feature","properties":{"slug":"samgori-209","parent_slug":"samgori","parent_name_en":"Samgori","parent_name_ka":"სამგორის რაიონი","parent_name_ru":"Самгори","index":209,"color_index":8,"name_en":"Samgori 209"},"geometry":{"type":"Polygon","coordinates":[[[44.94722,41.71261],[44.95477,41.71261],[44.95477,41.71824],[44.94722,41.71824],[44.94722,41.71261]]]}},{"type":"Feature","properties":{"slug":"samgori-21","parent_slug":"samgori","parent_name_en":"Samgori","parent_name_ka":"სამგორის რაიონი","parent_name_ru":"Самгори","index":21,"color_index":8,"name_en":"Samgori 21"},"geometry":{"type":"Polygon","coordinates":[[[44.92458,41.65631],[44.93213,41.65631],[44.93213,41.66194],[44.92458,41.66194],[44.92458,41.65631]]]}},{"type":"Feature","properties":{"slug":"samgori-210","parent_slug":"samgori","parent_name_en":"Samgori","parent_name_ka":"სამგორის რაიონი","parent_name_ru":"Самгори","index":210,"color_index":8,"name_en":"Samgori 210"},"geometry":{"type":"Polygon","coordinates":[[[44.95477,41.71261],[44.96232,41.71261],[44.96232,41.71824],[44.95477,41.71824],[44.95477,41.71261]]]}},{"type":"Feature","properties":{"slug":"samgori-211","parent_slug":"samgori","parent_name_en":"Samgori","parent_name_ka":"სამგორის რაიონი","parent_name_ru":"Самгори","index":211,"color_index":8,"name_en":"Samgori 211"},"geometry":{"type":"Polygon","coordinates":[[[44.96232,41.71261],[44.96987,41.71261],[44.96987,41.71824],[44.96232,41.71824],[44.96232,41.71261]]]}},{"type":"Feature","properties":{"slug":"samgori-212","parent_slug":"samgori","parent_name_en":"Samgori","parent_name_ka":"სამგორის რაიონი","parent_name_ru":"Самгори","index":212,"color_index":8,"name_en":"Samgori 212"},"geometry":{"type":"Polygon","coordinates":[[[44.96987,41.71261],[44.97742,41.71261],[44.97742,41.71824],[44.96987,41.71824],[44.96987,41.71261]]]}},{"type":"Feature","properties":{"slug":"samgori-213","parent_slug":"samgori","parent_name_en":"Samgori","parent_name_ka":"სამგორის რაიონი","parent_name_ru":"Самгори","index":213,"color_index":8,"name_en":"Samgori 213"},"geometry":{"type":"Polygon","coordinates":[[[44.97742,41.71261],[44.98496,41.71261],[44.98496,41.71824],[44.97742,41.71824],[44.97742,41.71261]]]}},{"type":"Feature","properties":{"slug":"samgori-214","parent_slug":"samgori","parent_name_en":"Samgori","parent_name_ka":"სამგორის რაიონი","parent_name_ru":"Самгори","index":214,"color_index":8,"name_en":"Samgori 214"},"geometry":{"type":"Polygon","coordinates":[[[44.98496,41.71261],[44.99251,41.71261],[44.99251,41.71824],[44.98496,41.71824],[44.98496,41.71261]]]}},{"type":"Feature","properties":{"slug":"samgori-215","parent_slug":"samgori","parent_name_en":"Samgori","parent_name_ka":"სამგორის რაიონი","parent_name_ru":"Самгори","index":215,"color_index":8,"name_en":"Samgori 215"},"geometry":{"type":"Polygon","coordinates":[[[44.99251,41.71261],[45.00006,41.71261],[45.00006,41.71824],[44.99251,41.71824],[44.99251,41.71261]]]}},{"type":"Feature","properties":{"slug":"samgori-216","parent_slug":"samgori","parent_name_en":"Samgori","parent_name_ka":"სამგორის რაიონი","parent_name_ru":"Самгори","index":216,"color_index":8,"name_en":"Samgori 216"},"geometry":{"type":"Polygon","coordinates":[[[45.00006,41.71261],[45.00761,41.71261],[45.00761,41.71824],[45.00006,41.71824],[45.00006,41.71261]]]}},{"type":"Feature","properties":{"slug":"samgori-217","parent_slug":"samgori","parent_name_en":"Samgori","parent_name_ka":"სამგორის რაიონი","parent_name_ru":"Самгори","index":217,"color_index":8,"name_en":"Samgori 217"},"geometry":{"type":"Polygon","coordinates":[[[45.00761,41.71261],[45.01516,41.71261],[45.01516,41.71824],[45.00761,41.71824],[45.00761,41.71261]]]}},{"type":"Feature","properties":{"slug":"samgori-218","parent_slug":"samgori","parent_name_en":"Samgori","parent_name_ka":"სამგორის რაიონი","parent_name_ru":"Самгори","index":218,"color_index":8,"name_en":"Samgori 218"},"geometry":{"type":"Polygon","coordinates":[[[44.86419,41.71824],[44.87174,41.71824],[44.87174,41.72387],[44.86419,41.72387],[44.86419,41.71824]]]}},{"type":"Feature","properties":{"slug":"samgori-219","parent_slug":"samgori","parent_name_en":"Samgori","parent_name_ka":"სამგორის რაიონი","parent_name_ru":"Самгори","index":219,"color_index":8,"name_en":"Samgori 219"},"geometry":{"type":"Polygon","coordinates":[[[44.87174,41.71824],[44.87929,41.71824],[44.87929,41.72387],[44.87174,41.72387],[44.87174,41.71824]]]}},{"type":"Feature","properties":{"slug":"samgori-22","parent_slug":"samgori","parent_name_en":"Samgori","parent_name_ka":"სამგორის რაიონი","parent_name_ru":"Самгори","index":22,"color_index":8,"name_en":"Samgori 22"},"geometry":{"type":"Polygon","coordinates":[[[44.93213,41.65631],[44.93967,41.65631],[44.93967,41.66194],[44.93213,41.66194],[44.93213,41.65631]]]}},{"type":"Feature","properties":{"slug":"samgori-220","parent_slug":"samgori","parent_name_en":"Samgori","parent_name_ka":"სამგორის რაიონი","parent_name_ru":"Самгори","index":220,"color_index":8,"name_en":"Samgori 220"},"geometry":{"type":"Polygon","coordinates":[[[44.87929,41.71824],[44.88684,41.71824],[44.88684,41.72387],[44.87929,41.72387],[44.87929,41.71824]]]}},{"type":"Feature","properties":{"slug":"samgori-221","parent_slug":"samgori","parent_name_en":"Samgori","parent_name_ka":"სამგორის რაიონი","parent_name_ru":"Самгори","index":221,"color_index":8,"name_en":"Samgori 221"},"geometry":{"type":"Polygon","coordinates":[[[44.88684,41.71824],[44.89438,41.71824],[44.89438,41.72387],[44.88684,41.72387],[44.88684,41.71824]]]}},{"type":"Feature","properties":{"slug":"samgori-222","parent_slug":"samgori","parent_name_en":"Samgori","parent_name_ka":"სამგორის რაიონი","parent_name_ru":"Самгори","index":222,"color_index":8,"name_en":"Samgori 222"},"geometry":{"type":"Polygon","coordinates":[[[44.89438,41.71824],[44.90193,41.71824],[44.90193,41.72387],[44.89438,41.72387],[44.89438,41.71824]]]}},{"type":"Feature","properties":{"slug":"samgori-223","parent_slug":"samgori","parent_name_en":"Samgori","parent_name_ka":"სამგორის რაიონი","parent_name_ru":"Самгори","index":223,"color_index":8,"name_en":"Samgori 223"},"geometry":{"type":"Polygon","coordinates":[[[44.90193,41.71824],[44.90948,41.71824],[44.90948,41.72387],[44.90193,41.72387],[44.90193,41.71824]]]}},{"type":"Feature","properties":{"slug":"samgori-224","parent_slug":"samgori","parent_name_en":"Samgori","parent_name_ka":"სამგორის რაიონი","parent_name_ru":"Самгори","index":224,"color_index":8,"name_en":"Samgori 224"},"geometry":{"type":"Polygon","coordinates":[[[44.90948,41.71824],[44.91703,41.71824],[44.91703,41.72387],[44.90948,41.72387],[44.90948,41.71824]]]}},{"type":"Feature","properties":{"slug":"samgori-225","parent_slug":"samgori","parent_name_en":"Samgori","parent_name_ka":"სამგორის რაიონი","parent_name_ru":"Самгори","index":225,"color_index":8,"name_en":"Samgori 225"},"geometry":{"type":"Polygon","coordinates":[[[44.91703,41.71824],[44.92458,41.71824],[44.92458,41.72387],[44.91703,41.72387],[44.91703,41.71824]]]}},{"type":"Feature","properties":{"slug":"samgori-226","parent_slug":"samgori","parent_name_en":"Samgori","parent_name_ka":"სამგორის რაიონი","parent_name_ru":"Самгори","index":226,"color_index":8,"name_en":"Samgori 226"},"geometry":{"type":"Polygon","coordinates":[[[44.92458,41.71824],[44.93213,41.71824],[44.93213,41.72387],[44.92458,41.72387],[44.92458,41.71824]]]}},{"type":"Feature","properties":{"slug":"samgori-227","parent_slug":"samgori","parent_name_en":"Samgori","parent_name_ka":"სამგორის რაიონი","parent_name_ru":"Самгори","index":227,"color_index":8,"name_en":"Samgori 227"},"geometry":{"type":"Polygon","coordinates":[[[44.93213,41.71824],[44.93967,41.71824],[44.93967,41.72387],[44.93213,41.72387],[44.93213,41.71824]]]}},{"type":"Feature","properties":{"slug":"samgori-228","parent_slug":"samgori","parent_name_en":"Samgori","parent_name_ka":"სამგორის რაიონი","parent_name_ru":"Самгори","index":228,"color_index":8,"name_en":"Samgori 228"},"geometry":{"type":"Polygon","coordinates":[[[44.93967,41.71824],[44.94722,41.71824],[44.94722,41.72387],[44.93967,41.72387],[44.93967,41.71824]]]}},{"type":"Feature","properties":{"slug":"samgori-229","parent_slug":"samgori","parent_name_en":"Samgori","parent_name_ka":"სამგორის რაიონი","parent_name_ru":"Самгори","index":229,"color_index":8,"name_en":"Samgori 229"},"geometry":{"type":"Polygon","coordinates":[[[44.94722,41.71824],[44.95477,41.71824],[44.95477,41.72387],[44.94722,41.72387],[44.94722,41.71824]]]}},{"type":"Feature","properties":{"slug":"samgori-23","parent_slug":"samgori","parent_name_en":"Samgori","parent_name_ka":"სამგორის რაიონი","parent_name_ru":"Самгори","index":23,"color_index":8,"name_en":"Samgori 23"},"geometry":{"type":"Polygon","coordinates":[[[44.93967,41.65631],[44.94722,41.65631],[44.94722,41.66194],[44.93967,41.66194],[44.93967,41.65631]]]}},{"type":"Feature","properties":{"slug":"samgori-230","parent_slug":"samgori","parent_name_en":"Samgori","parent_name_ka":"სამგორის რაიონი","parent_name_ru":"Самгори","index":230,"color_index":8,"name_en":"Samgori 230"},"geometry":{"type":"Polygon","coordinates":[[[44.95477,41.71824],[44.96232,41.71824],[44.96232,41.72387],[44.95477,41.72387],[44.95477,41.71824]]]}},{"type":"Feature","properties":{"slug":"samgori-231","parent_slug":"samgori","parent_name_en":"Samgori","parent_name_ka":"სამგორის რაიონი","parent_name_ru":"Самгори","index":231,"color_index":8,"name_en":"Samgori 231"},"geometry":{"type":"Polygon","coordinates":[[[44.96232,41.71824],[44.96987,41.71824],[44.96987,41.72387],[44.96232,41.72387],[44.96232,41.71824]]]}},{"type":"Feature","properties":{"slug":"samgori-232","parent_slug":"samgori","parent_name_en":"Samgori","parent_name_ka":"სამგორის რაიონი","parent_name_ru":"Самгори","index":232,"color_index":8,"name_en":"Samgori 232"},"geometry":{"type":"Polygon","coordinates":[[[44.96987,41.71824],[44.97742,41.71824],[44.97742,41.72387],[44.96987,41.72387],[44.96987,41.71824]]]}},{"type":"Feature","properties":{"slug":"samgori-233","parent_slug":"samgori","parent_name_en":"Samgori","parent_name_ka":"სამგორის რაიონი","parent_name_ru":"Самгори","index":233,"color_index":8,"name_en":"Samgori 233"},"geometry":{"type":"Polygon","coordinates":[[[44.97742,41.71824],[44.98496,41.71824],[44.98496,41.72387],[44.97742,41.72387],[44.97742,41.71824]]]}},{"type":"Feature","properties":{"slug":"samgori-234","parent_slug":"samgori","parent_name_en":"Samgori","parent_name_ka":"სამგორის რაიონი","parent_name_ru":"Самгори","index":234,"color_index":8,"name_en":"Samgori 234"},"geometry":{"type":"Polygon","coordinates":[[[44.98496,41.71824],[44.99251,41.71824],[44.99251,41.72387],[44.98496,41.72387],[44.98496,41.71824]]]}},{"type":"Feature","properties":{"slug":"samgori-235","parent_slug":"samgori","parent_name_en":"Samgori","parent_name_ka":"სამგორის რაიონი","parent_name_ru":"Самгори","index":235,"color_index":8,"name_en":"Samgori 235"},"geometry":{"type":"Polygon","coordinates":[[[44.99251,41.71824],[45.00006,41.71824],[45.00006,41.72387],[44.99251,41.72387],[44.99251,41.71824]]]}},{"type":"Feature","properties":{"slug":"samgori-236","parent_slug":"samgori","parent_name_en":"Samgori","parent_name_ka":"სამგორის რაიონი","parent_name_ru":"Самгори","index":236,"color_index":8,"name_en":"Samgori 236"},"geometry":{"type":"Polygon","coordinates":[[[45.00006,41.71824],[45.00761,41.71824],[45.00761,41.72387],[45.00006,41.72387],[45.00006,41.71824]]]}},{"type":"Feature","properties":{"slug":"samgori-237","parent_slug":"samgori","parent_name_en":"Samgori","parent_name_ka":"სამგორის რაიონი","parent_name_ru":"Самгори","index":237,"color_index":8,"name_en":"Samgori 237"},"geometry":{"type":"Polygon","coordinates":[[[45.00761,41.71824],[45.01516,41.71824],[45.01516,41.72387],[45.00761,41.72387],[45.00761,41.71824]]]}},{"type":"Feature","properties":{"slug":"samgori-238","parent_slug":"samgori","parent_name_en":"Samgori","parent_name_ka":"სამგორის რაიონი","parent_name_ru":"Самгори","index":238,"color_index":8,"name_en":"Samgori 238"},"geometry":{"type":"Polygon","coordinates":[[[44.88684,41.72387],[44.89438,41.72387],[44.89438,41.7295],[44.88684,41.7295],[44.88684,41.72387]]]}},{"type":"Feature","properties":{"slug":"samgori-239","parent_slug":"samgori","parent_name_en":"Samgori","parent_name_ka":"სამგორის რაიონი","parent_name_ru":"Самгори","index":239,"color_index":8,"name_en":"Samgori 239"},"geometry":{"type":"Polygon","coordinates":[[[44.89438,41.72387],[44.90193,41.72387],[44.90193,41.7295],[44.89438,41.7295],[44.89438,41.72387]]]}},{"type":"Feature","properties":{"slug":"samgori-24","parent_slug":"samgori","parent_name_en":"Samgori","parent_name_ka":"სამგორის რაიონი","parent_name_ru":"Самгори","index":24,"color_index":8,"name_en":"Samgori 24"},"geometry":{"type":"Polygon","coordinates":[[[44.94722,41.65631],[44.95477,41.65631],[44.95477,41.66194],[44.94722,41.66194],[44.94722,41.65631]]]}},{"type":"Feature","properties":{"slug":"samgori-240","parent_slug":"samgori","parent_name_en":"Samgori","parent_name_ka":"სამგორის რაიონი","parent_name_ru":"Самгори","index":240,"color_index":8,"name_en":"Samgori 240"},"geometry":{"type":"Polygon","coordinates":[[[44.90193,41.72387],[44.90948,41.72387],[44.90948,41.7295],[44.90193,41.7295],[44.90193,41.72387]]]}},{"type":"Feature","properties":{"slug":"samgori-241","parent_slug":"samgori","parent_name_en":"Samgori","parent_name_ka":"სამგორის რაიონი","parent_name_ru":"Самгори","index":241,"color_index":8,"name_en":"Samgori 241"},"geometry":{"type":"Polygon","coordinates":[[[44.90948,41.72387],[44.91703,41.72387],[44.91703,41.7295],[44.90948,41.7295],[44.90948,41.72387]]]}},{"type":"Feature","properties":{"slug":"samgori-242","parent_slug":"samgori","parent_name_en":"Samgori","parent_name_ka":"სამგორის რაიონი","parent_name_ru":"Самгори","index":242,"color_index":8,"name_en":"Samgori 242"},"geometry":{"type":"Polygon","coordinates":[[[44.91703,41.72387],[44.92458,41.72387],[44.92458,41.7295],[44.91703,41.7295],[44.91703,41.72387]]]}},{"type":"Feature","properties":{"slug":"samgori-243","parent_slug":"samgori","parent_name_en":"Samgori","parent_name_ka":"სამგორის რაიონი","parent_name_ru":"Самгори","index":243,"color_index":8,"name_en":"Samgori 243"},"geometry":{"type":"Polygon","coordinates":[[[44.92458,41.72387],[44.93213,41.72387],[44.93213,41.7295],[44.92458,41.7295],[44.92458,41.72387]]]}},{"type":"Feature","properties":{"slug":"samgori-244","parent_slug":"samgori","parent_name_en":"Samgori","parent_name_ka":"სამგორის რაიონი","parent_name_ru":"Самгори","index":244,"color_index":8,"name_en":"Samgori 244"},"geometry":{"type":"Polygon","coordinates":[[[44.93213,41.72387],[44.93967,41.72387],[44.93967,41.7295],[44.93213,41.7295],[44.93213,41.72387]]]}},{"type":"Feature","properties":{"slug":"samgori-245","parent_slug":"samgori","parent_name_en":"Samgori","parent_name_ka":"სამგორის რაიონი","parent_name_ru":"Самгори","index":245,"color_index":8,"name_en":"Samgori 245"},"geometry":{"type":"Polygon","coordinates":[[[44.93967,41.72387],[44.94722,41.72387],[44.94722,41.7295],[44.93967,41.7295],[44.93967,41.72387]]]}},{"type":"Feature","properties":{"slug":"samgori-246","parent_slug":"samgori","parent_name_en":"Samgori","parent_name_ka":"სამგორის რაიონი","parent_name_ru":"Самгори","index":246,"color_index":8,"name_en":"Samgori 246"},"geometry":{"type":"Polygon","coordinates":[[[44.94722,41.72387],[44.95477,41.72387],[44.95477,41.7295],[44.94722,41.7295],[44.94722,41.72387]]]}},{"type":"Feature","properties":{"slug":"samgori-247","parent_slug":"samgori","parent_name_en":"Samgori","parent_name_ka":"სამგორის რაიონი","parent_name_ru":"Самгори","index":247,"color_index":8,"name_en":"Samgori 247"},"geometry":{"type":"Polygon","coordinates":[[[44.95477,41.72387],[44.96232,41.72387],[44.96232,41.7295],[44.95477,41.7295],[44.95477,41.72387]]]}},{"type":"Feature","properties":{"slug":"samgori-248","parent_slug":"samgori","parent_name_en":"Samgori","parent_name_ka":"სამგორის რაიონი","parent_name_ru":"Самгори","index":248,"color_index":8,"name_en":"Samgori 248"},"geometry":{"type":"Polygon","coordinates":[[[44.96232,41.72387],[44.96987,41.72387],[44.96987,41.7295],[44.96232,41.7295],[44.96232,41.72387]]]}},{"type":"Feature","properties":{"slug":"samgori-249","parent_slug":"samgori","parent_name_en":"Samgori","parent_name_ka":"სამგორის რაიონი","parent_name_ru":"Самгори","index":249,"color_index":8,"name_en":"Samgori 249"},"geometry":{"type":"Polygon","coordinates":[[[44.96987,41.72387],[44.97742,41.72387],[44.97742,41.7295],[44.96987,41.7295],[44.96987,41.72387]]]}},{"type":"Feature","properties":{"slug":"samgori-25","parent_slug":"samgori","parent_name_en":"Samgori","parent_name_ka":"სამგორის რაიონი","parent_name_ru":"Самгори","index":25,"color_index":8,"name_en":"Samgori 25"},"geometry":{"type":"Polygon","coordinates":[[[44.95477,41.65631],[44.96232,41.65631],[44.96232,41.66194],[44.95477,41.66194],[44.95477,41.65631]]]}},{"type":"Feature","properties":{"slug":"samgori-250","parent_slug":"samgori","parent_name_en":"Samgori","parent_name_ka":"სამგორის რაიონი","parent_name_ru":"Самгори","index":250,"color_index":8,"name_en":"Samgori 250"},"geometry":{"type":"Polygon","coordinates":[[[44.97742,41.72387],[44.98496,41.72387],[44.98496,41.7295],[44.97742,41.7295],[44.97742,41.72387]]]}},{"type":"Feature","properties":{"slug":"samgori-251","parent_slug":"samgori","parent_name_en":"Samgori","parent_name_ka":"სამგორის რაიონი","parent_name_ru":"Самгори","index":251,"color_index":8,"name_en":"Samgori 251"},"geometry":{"type":"Polygon","coordinates":[[[44.98496,41.72387],[44.99251,41.72387],[44.99251,41.7295],[44.98496,41.7295],[44.98496,41.72387]]]}},{"type":"Feature","properties":{"slug":"samgori-252","parent_slug":"samgori","parent_name_en":"Samgori","parent_name_ka":"სამგორის რაიონი","parent_name_ru":"Самгори","index":252,"color_index":8,"name_en":"Samgori 252"},"geometry":{"type":"Polygon","coordinates":[[[44.99251,41.72387],[45.00006,41.72387],[45.00006,41.7295],[44.99251,41.7295],[44.99251,41.72387]]]}},{"type":"Feature","properties":{"slug":"samgori-253","parent_slug":"samgori","parent_name_en":"Samgori","parent_name_ka":"სამგორის რაიონი","parent_name_ru":"Самгори","index":253,"color_index":8,"name_en":"Samgori 253"},"geometry":{"type":"Polygon","coordinates":[[[45.00006,41.72387],[45.00761,41.72387],[45.00761,41.7295],[45.00006,41.7295],[45.00006,41.72387]]]}},{"type":"Feature","properties":{"slug":"samgori-254","parent_slug":"samgori","parent_name_en":"Samgori","parent_name_ka":"სამგორის რაიონი","parent_name_ru":"Самгори","index":254,"color_index":8,"name_en":"Samgori 254"},"geometry":{"type":"Polygon","coordinates":[[[45.00761,41.72387],[45.01516,41.72387],[45.01516,41.7295],[45.00761,41.7295],[45.00761,41.72387]]]}},{"type":"Feature","properties":{"slug":"samgori-255","parent_slug":"samgori","parent_name_en":"Samgori","parent_name_ka":"სამგორის რაიონი","parent_name_ru":"Самгори","index":255,"color_index":8,"name_en":"Samgori 255"},"geometry":{"type":"Polygon","coordinates":[[[44.90193,41.7295],[44.90948,41.7295],[44.90948,41.73514],[44.90193,41.73514],[44.90193,41.7295]]]}},{"type":"Feature","properties":{"slug":"samgori-256","parent_slug":"samgori","parent_name_en":"Samgori","parent_name_ka":"სამგორის რაიონი","parent_name_ru":"Самгори","index":256,"color_index":8,"name_en":"Samgori 256"},"geometry":{"type":"Polygon","coordinates":[[[44.90948,41.7295],[44.91703,41.7295],[44.91703,41.73514],[44.90948,41.73514],[44.90948,41.7295]]]}},{"type":"Feature","properties":{"slug":"samgori-257","parent_slug":"samgori","parent_name_en":"Samgori","parent_name_ka":"სამგორის რაიონი","parent_name_ru":"Самгори","index":257,"color_index":8,"name_en":"Samgori 257"},"geometry":{"type":"Polygon","coordinates":[[[44.91703,41.7295],[44.92458,41.7295],[44.92458,41.73514],[44.91703,41.73514],[44.91703,41.7295]]]}},{"type":"Feature","properties":{"slug":"samgori-258","parent_slug":"samgori","parent_name_en":"Samgori","parent_name_ka":"სამგორის რაიონი","parent_name_ru":"Самгори","index":258,"color_index":8,"name_en":"Samgori 258"},"geometry":{"type":"Polygon","coordinates":[[[44.92458,41.7295],[44.93213,41.7295],[44.93213,41.73514],[44.92458,41.73514],[44.92458,41.7295]]]}},{"type":"Feature","properties":{"slug":"samgori-259","parent_slug":"samgori","parent_name_en":"Samgori","parent_name_ka":"სამგორის რაიონი","parent_name_ru":"Самгори","index":259,"color_index":8,"name_en":"Samgori 259"},"geometry":{"type":"Polygon","coordinates":[[[44.93213,41.7295],[44.93967,41.7295],[44.93967,41.73514],[44.93213,41.73514],[44.93213,41.7295]]]}},{"type":"Feature","properties":{"slug":"samgori-26","parent_slug":"samgori","parent_name_en":"Samgori","parent_name_ka":"სამგორის რაიონი","parent_name_ru":"Самгори","index":26,"color_index":8,"name_en":"Samgori 26"},"geometry":{"type":"Polygon","coordinates":[[[44.96232,41.65631],[44.96987,41.65631],[44.96987,41.66194],[44.96232,41.66194],[44.96232,41.65631]]]}},{"type":"Feature","properties":{"slug":"samgori-260","parent_slug":"samgori","parent_name_en":"Samgori","parent_name_ka":"სამგორის რაიონი","parent_name_ru":"Самгори","index":260,"color_index":8,"name_en":"Samgori 260"},"geometry":{"type":"Polygon","coordinates":[[[44.93967,41.7295],[44.94722,41.7295],[44.94722,41.73514],[44.93967,41.73514],[44.93967,41.7295]]]}},{"type":"Feature","properties":{"slug":"samgori-261","parent_slug":"samgori","parent_name_en":"Samgori","parent_name_ka":"სამგორის რაიონი","parent_name_ru":"Самгори","index":261,"color_index":8,"name_en":"Samgori 261"},"geometry":{"type":"Polygon","coordinates":[[[44.94722,41.7295],[44.95477,41.7295],[44.95477,41.73514],[44.94722,41.73514],[44.94722,41.7295]]]}},{"type":"Feature","properties":{"slug":"samgori-262","parent_slug":"samgori","parent_name_en":"Samgori","parent_name_ka":"სამგორის რაიონი","parent_name_ru":"Самгори","index":262,"color_index":8,"name_en":"Samgori 262"},"geometry":{"type":"Polygon","coordinates":[[[44.95477,41.7295],[44.96232,41.7295],[44.96232,41.73514],[44.95477,41.73514],[44.95477,41.7295]]]}},{"type":"Feature","properties":{"slug":"samgori-263","parent_slug":"samgori","parent_name_en":"Samgori","parent_name_ka":"სამგორის რაიონი","parent_name_ru":"Самгори","index":263,"color_index":8,"name_en":"Samgori 263"},"geometry":{"type":"Polygon","coordinates":[[[44.96232,41.7295],[44.96987,41.7295],[44.96987,41.73514],[44.96232,41.73514],[44.96232,41.7295]]]}},{"type":"Feature","properties":{"slug":"samgori-264","parent_slug":"samgori","parent_name_en":"Samgori","parent_name_ka":"სამგორის რაიონი","parent_name_ru":"Самгори","index":264,"color_index":8,"name_en":"Samgori 264"},"geometry":{"type":"Polygon","coordinates":[[[44.96987,41.7295],[44.97742,41.7295],[44.97742,41.73514],[44.96987,41.73514],[44.96987,41.7295]]]}},{"type":"Feature","properties":{"slug":"samgori-265","parent_slug":"samgori","parent_name_en":"Samgori","parent_name_ka":"სამგორის რაიონი","parent_name_ru":"Самгори","index":265,"color_index":8,"name_en":"Samgori 265"},"geometry":{"type":"Polygon","coordinates":[[[44.97742,41.7295],[44.98496,41.7295],[44.98496,41.73514],[44.97742,41.73514],[44.97742,41.7295]]]}},{"type":"Feature","properties":{"slug":"samgori-266","parent_slug":"samgori","parent_name_en":"Samgori","parent_name_ka":"სამგორის რაიონი","parent_name_ru":"Самгори","index":266,"color_index":8,"name_en":"Samgori 266"},"geometry":{"type":"Polygon","coordinates":[[[44.98496,41.7295],[44.99251,41.7295],[44.99251,41.73514],[44.98496,41.73514],[44.98496,41.7295]]]}},{"type":"Feature","properties":{"slug":"samgori-267","parent_slug":"samgori","parent_name_en":"Samgori","parent_name_ka":"სამგორის რაიონი","parent_name_ru":"Самгори","index":267,"color_index":8,"name_en":"Samgori 267"},"geometry":{"type":"Polygon","coordinates":[[[45.00006,41.7295],[45.00761,41.7295],[45.00761,41.73514],[45.00006,41.73514],[45.00006,41.7295]]]}},{"type":"Feature","properties":{"slug":"samgori-268","parent_slug":"samgori","parent_name_en":"Samgori","parent_name_ka":"სამგორის რაიონი","parent_name_ru":"Самгори","index":268,"color_index":8,"name_en":"Samgori 268"},"geometry":{"type":"Polygon","coordinates":[[[44.89438,41.73514],[44.90193,41.73514],[44.90193,41.74077],[44.89438,41.74077],[44.89438,41.73514]]]}},{"type":"Feature","properties":{"slug":"samgori-269","parent_slug":"samgori","parent_name_en":"Samgori","parent_name_ka":"სამგორის რაიონი","parent_name_ru":"Самгори","index":269,"color_index":8,"name_en":"Samgori 269"},"geometry":{"type":"Polygon","coordinates":[[[44.90193,41.73514],[44.90948,41.73514],[44.90948,41.74077],[44.90193,41.74077],[44.90193,41.73514]]]}},{"type":"Feature","properties":{"slug":"samgori-27","parent_slug":"samgori","parent_name_en":"Samgori","parent_name_ka":"სამგორის რაიონი","parent_name_ru":"Самгори","index":27,"color_index":8,"name_en":"Samgori 27"},"geometry":{"type":"Polygon","coordinates":[[[44.96987,41.65631],[44.97742,41.65631],[44.97742,41.66194],[44.96987,41.66194],[44.96987,41.65631]]]}},{"type":"Feature","properties":{"slug":"samgori-270","parent_slug":"samgori","parent_name_en":"Samgori","parent_name_ka":"სამგორის რაიონი","parent_name_ru":"Самгори","index":270,"color_index":8,"name_en":"Samgori 270"},"geometry":{"type":"Polygon","coordinates":[[[44.90948,41.73514],[44.91703,41.73514],[44.91703,41.74077],[44.90948,41.74077],[44.90948,41.73514]]]}},{"type":"Feature","properties":{"slug":"samgori-271","parent_slug":"samgori","parent_name_en":"Samgori","parent_name_ka":"სამგორის რაიონი","parent_name_ru":"Самгори","index":271,"color_index":8,"name_en":"Samgori 271"},"geometry":{"type":"Polygon","coordinates":[[[44.91703,41.73514],[44.92458,41.73514],[44.92458,41.74077],[44.91703,41.74077],[44.91703,41.73514]]]}},{"type":"Feature","properties":{"slug":"samgori-272","parent_slug":"samgori","parent_name_en":"Samgori","parent_name_ka":"სამგორის რაიონი","parent_name_ru":"Самгори","index":272,"color_index":8,"name_en":"Samgori 272"},"geometry":{"type":"Polygon","coordinates":[[[44.92458,41.73514],[44.93213,41.73514],[44.93213,41.74077],[44.92458,41.74077],[44.92458,41.73514]]]}},{"type":"Feature","properties":{"slug":"samgori-273","parent_slug":"samgori","parent_name_en":"Samgori","parent_name_ka":"სამგორის რაიონი","parent_name_ru":"Самгори","index":273,"color_index":8,"name_en":"Samgori 273"},"geometry":{"type":"Polygon","coordinates":[[[44.93213,41.73514],[44.93967,41.73514],[44.93967,41.74077],[44.93213,41.74077],[44.93213,41.73514]]]}},{"type":"Feature","properties":{"slug":"samgori-274","parent_slug":"samgori","parent_name_en":"Samgori","parent_name_ka":"სამგორის რაიონი","parent_name_ru":"Самгори","index":274,"color_index":8,"name_en":"Samgori 274"},"geometry":{"type":"Polygon","coordinates":[[[44.93967,41.73514],[44.94722,41.73514],[44.94722,41.74077],[44.93967,41.74077],[44.93967,41.73514]]]}},{"type":"Feature","properties":{"slug":"samgori-275","parent_slug":"samgori","parent_name_en":"Samgori","parent_name_ka":"სამგორის რაიონი","parent_name_ru":"Самгори","index":275,"color_index":8,"name_en":"Samgori 275"},"geometry":{"type":"Polygon","coordinates":[[[44.94722,41.73514],[44.95477,41.73514],[44.95477,41.74077],[44.94722,41.74077],[44.94722,41.73514]]]}},{"type":"Feature","properties":{"slug":"samgori-276","parent_slug":"samgori","parent_name_en":"Samgori","parent_name_ka":"სამგორის რაიონი","parent_name_ru":"Самгори","index":276,"color_index":8,"name_en":"Samgori 276"},"geometry":{"type":"Polygon","coordinates":[[[44.95477,41.73514],[44.96232,41.73514],[44.96232,41.74077],[44.95477,41.74077],[44.95477,41.73514]]]}},{"type":"Feature","properties":{"slug":"samgori-277","parent_slug":"samgori","parent_name_en":"Samgori","parent_name_ka":"სამგორის რაიონი","parent_name_ru":"Самгори","index":277,"color_index":8,"name_en":"Samgori 277"},"geometry":{"type":"Polygon","coordinates":[[[44.96232,41.73514],[44.96987,41.73514],[44.96987,41.74077],[44.96232,41.74077],[44.96232,41.73514]]]}},{"type":"Feature","properties":{"slug":"samgori-278","parent_slug":"samgori","parent_name_en":"Samgori","parent_name_ka":"სამგორის რაიონი","parent_name_ru":"Самгори","index":278,"color_index":8,"name_en":"Samgori 278"},"geometry":{"type":"Polygon","coordinates":[[[44.96987,41.73514],[44.97742,41.73514],[44.97742,41.74077],[44.96987,41.74077],[44.96987,41.73514]]]}},{"type":"Feature","properties":{"slug":"samgori-279","parent_slug":"samgori","parent_name_en":"Samgori","parent_name_ka":"სამგორის რაიონი","parent_name_ru":"Самгори","index":279,"color_index":8,"name_en":"Samgori 279"},"geometry":{"type":"Polygon","coordinates":[[[44.97742,41.73514],[44.98496,41.73514],[44.98496,41.74077],[44.97742,41.74077],[44.97742,41.73514]]]}},{"type":"Feature","properties":{"slug":"samgori-28","parent_slug":"samgori","parent_name_en":"Samgori","parent_name_ka":"სამგორის რაიონი","parent_name_ru":"Самгори","index":28,"color_index":8,"name_en":"Samgori 28"},"geometry":{"type":"Polygon","coordinates":[[[44.87174,41.66194],[44.87929,41.66194],[44.87929,41.66757],[44.87174,41.66757],[44.87174,41.66194]]]}},{"type":"Feature","properties":{"slug":"samgori-280","parent_slug":"samgori","parent_name_en":"Samgori","parent_name_ka":"სამგორის რაიონი","parent_name_ru":"Самгори","index":280,"color_index":8,"name_en":"Samgori 280"},"geometry":{"type":"Polygon","coordinates":[[[44.88684,41.74077],[44.89438,41.74077],[44.89438,41.7464],[44.88684,41.7464],[44.88684,41.74077]]]}},{"type":"Feature","properties":{"slug":"samgori-281","parent_slug":"samgori","parent_name_en":"Samgori","parent_name_ka":"სამგორის რაიონი","parent_name_ru":"Самгори","index":281,"color_index":8,"name_en":"Samgori 281"},"geometry":{"type":"Polygon","coordinates":[[[44.89438,41.74077],[44.90193,41.74077],[44.90193,41.7464],[44.89438,41.7464],[44.89438,41.74077]]]}},{"type":"Feature","properties":{"slug":"samgori-282","parent_slug":"samgori","parent_name_en":"Samgori","parent_name_ka":"სამგორის რაიონი","parent_name_ru":"Самгори","index":282,"color_index":8,"name_en":"Samgori 282"},"geometry":{"type":"Polygon","coordinates":[[[44.90193,41.74077],[44.90948,41.74077],[44.90948,41.7464],[44.90193,41.7464],[44.90193,41.74077]]]}},{"type":"Feature","properties":{"slug":"samgori-283","parent_slug":"samgori","parent_name_en":"Samgori","parent_name_ka":"სამგორის რაიონი","parent_name_ru":"Самгори","index":283,"color_index":8,"name_en":"Samgori 283"},"geometry":{"type":"Polygon","coordinates":[[[44.90948,41.74077],[44.91703,41.74077],[44.91703,41.7464],[44.90948,41.7464],[44.90948,41.74077]]]}},{"type":"Feature","properties":{"slug":"samgori-284","parent_slug":"samgori","parent_name_en":"Samgori","parent_name_ka":"სამგორის რაიონი","parent_name_ru":"Самгори","index":284,"color_index":8,"name_en":"Samgori 284"},"geometry":{"type":"Polygon","coordinates":[[[44.91703,41.74077],[44.92458,41.74077],[44.92458,41.7464],[44.91703,41.7464],[44.91703,41.74077]]]}},{"type":"Feature","properties":{"slug":"samgori-285","parent_slug":"samgori","parent_name_en":"Samgori","parent_name_ka":"სამგორის რაიონი","parent_name_ru":"Самгори","index":285,"color_index":8,"name_en":"Samgori 285"},"geometry":{"type":"Polygon","coordinates":[[[44.92458,41.74077],[44.93213,41.74077],[44.93213,41.7464],[44.92458,41.7464],[44.92458,41.74077]]]}},{"type":"Feature","properties":{"slug":"samgori-286","parent_slug":"samgori","parent_name_en":"Samgori","parent_name_ka":"სამგორის რაიონი","parent_name_ru":"Самгори","index":286,"color_index":8,"name_en":"Samgori 286"},"geometry":{"type":"Polygon","coordinates":[[[44.93213,41.74077],[44.93967,41.74077],[44.93967,41.7464],[44.93213,41.7464],[44.93213,41.74077]]]}},{"type":"Feature","properties":{"slug":"samgori-287","parent_slug":"samgori","parent_name_en":"Samgori","parent_name_ka":"სამგორის რაიონი","parent_name_ru":"Самгори","index":287,"color_index":8,"name_en":"Samgori 287"},"geometry":{"type":"Polygon","coordinates":[[[44.93967,41.74077],[44.94722,41.74077],[44.94722,41.7464],[44.93967,41.7464],[44.93967,41.74077]]]}},{"type":"Feature","properties":{"slug":"samgori-288","parent_slug":"samgori","parent_name_en":"Samgori","parent_name_ka":"სამგორის რაიონი","parent_name_ru":"Самгори","index":288,"color_index":8,"name_en":"Samgori 288"},"geometry":{"type":"Polygon","coordinates":[[[44.94722,41.74077],[44.95477,41.74077],[44.95477,41.7464],[44.94722,41.7464],[44.94722,41.74077]]]}},{"type":"Feature","properties":{"slug":"samgori-289","parent_slug":"samgori","parent_name_en":"Samgori","parent_name_ka":"სამგორის რაიონი","parent_name_ru":"Самгори","index":289,"color_index":8,"name_en":"Samgori 289"},"geometry":{"type":"Polygon","coordinates":[[[44.95477,41.74077],[44.96232,41.74077],[44.96232,41.7464],[44.95477,41.7464],[44.95477,41.74077]]]}},{"type":"Feature","properties":{"slug":"samgori-29","parent_slug":"samgori","parent_name_en":"Samgori","parent_name_ka":"სამგორის რაიონი","parent_name_ru":"Самгори","index":29,"color_index":8,"name_en":"Samgori 29"},"geometry":{"type":"Polygon","coordinates":[[[44.87929,41.66194],[44.88684,41.66194],[44.88684,41.66757],[44.87929,41.66757],[44.87929,41.66194]]]}},{"type":"Feature","properties":{"slug":"samgori-290","parent_slug":"samgori","parent_name_en":"Samgori","parent_name_ka":"სამგორის რაიონი","parent_name_ru":"Самгори","index":290,"color_index":8,"name_en":"Samgori 290"},"geometry":{"type":"Polygon","coordinates":[[[44.96232,41.74077],[44.96987,41.74077],[44.96987,41.7464],[44.96232,41.7464],[44.96232,41.74077]]]}},{"type":"Feature","properties":{"slug":"samgori-291","parent_slug":"samgori","parent_name_en":"Samgori","parent_name_ka":"სამგორის რაიონი","parent_name_ru":"Самгори","index":291,"color_index":8,"name_en":"Samgori 291"},"geometry":{"type":"Polygon","coordinates":[[[44.96987,41.74077],[44.97742,41.74077],[44.97742,41.7464],[44.96987,41.7464],[44.96987,41.74077]]]}},{"type":"Feature","properties":{"slug":"samgori-292","parent_slug":"samgori","parent_name_en":"Samgori","parent_name_ka":"სამგორის რაიონი","parent_name_ru":"Самгори","index":292,"color_index":8,"name_en":"Samgori 292"},"geometry":{"type":"Polygon","coordinates":[[[44.97742,41.74077],[44.98496,41.74077],[44.98496,41.7464],[44.97742,41.7464],[44.97742,41.74077]]]}},{"type":"Feature","properties":{"slug":"samgori-293","parent_slug":"samgori","parent_name_en":"Samgori","parent_name_ka":"სამგორის რაიონი","parent_name_ru":"Самгори","index":293,"color_index":8,"name_en":"Samgori 293"},"geometry":{"type":"Polygon","coordinates":[[[44.98496,41.74077],[44.99251,41.74077],[44.99251,41.7464],[44.98496,41.7464],[44.98496,41.74077]]]}},{"type":"Feature","properties":{"slug":"samgori-294","parent_slug":"samgori","parent_name_en":"Samgori","parent_name_ka":"სამგორის რაიონი","parent_name_ru":"Самгори","index":294,"color_index":8,"name_en":"Samgori 294"},"geometry":{"type":"Polygon","coordinates":[[[44.87174,41.7464],[44.87929,41.7464],[44.87929,41.75203],[44.87174,41.75203],[44.87174,41.7464]]]}},{"type":"Feature","properties":{"slug":"samgori-295","parent_slug":"samgori","parent_name_en":"Samgori","parent_name_ka":"სამგორის რაიონი","parent_name_ru":"Самгори","index":295,"color_index":8,"name_en":"Samgori 295"},"geometry":{"type":"Polygon","coordinates":[[[44.87929,41.7464],[44.88684,41.7464],[44.88684,41.75203],[44.87929,41.75203],[44.87929,41.7464]]]}},{"type":"Feature","properties":{"slug":"samgori-296","parent_slug":"samgori","parent_name_en":"Samgori","parent_name_ka":"სამგორის რაიონი","parent_name_ru":"Самгори","index":296,"color_index":8,"name_en":"Samgori 296"},"geometry":{"type":"Polygon","coordinates":[[[44.88684,41.7464],[44.89438,41.7464],[44.89438,41.75203],[44.88684,41.75203],[44.88684,41.7464]]]}},{"type":"Feature","properties":{"slug":"samgori-297","parent_slug":"samgori","parent_name_en":"Samgori","parent_name_ka":"სამგორის რაიონი","parent_name_ru":"Самгори","index":297,"color_index":8,"name_en":"Samgori 297"},"geometry":{"type":"Polygon","coordinates":[[[44.89438,41.7464],[44.90193,41.7464],[44.90193,41.75203],[44.89438,41.75203],[44.89438,41.7464]]]}},{"type":"Feature","properties":{"slug":"samgori-298","parent_slug":"samgori","parent_name_en":"Samgori","parent_name_ka":"სამგორის რაიონი","parent_name_ru":"Самгори","index":298,"color_index":8,"name_en":"Samgori 298"},"geometry":{"type":"Polygon","coordinates":[[[44.90193,41.7464],[44.90948,41.7464],[44.90948,41.75203],[44.90193,41.75203],[44.90193,41.7464]]]}},{"type":"Feature","properties":{"slug":"samgori-299","parent_slug":"samgori","parent_name_en":"Samgori","parent_name_ka":"სამგორის რაიონი","parent_name_ru":"Самгори","index":299,"color_index":8,"name_en":"Samgori 299"},"geometry":{"type":"Polygon","coordinates":[[[44.90948,41.7464],[44.91703,41.7464],[44.91703,41.75203],[44.90948,41.75203],[44.90948,41.7464]]]}},{"type":"Feature","properties":{"slug":"samgori-3","parent_slug":"samgori","parent_name_en":"Samgori","parent_name_ka":"სამგორის რაიონი","parent_name_ru":"Самгори","index":3,"color_index":8,"name_en":"Samgori 3"},"geometry":{"type":"Polygon","coordinates":[[[44.93967,41.63941],[44.94722,41.63941],[44.94722,41.64505],[44.93967,41.64505],[44.93967,41.63941]]]}},{"type":"Feature","properties":{"slug":"samgori-30","parent_slug":"samgori","parent_name_en":"Samgori","parent_name_ka":"სამგორის რაიონი","parent_name_ru":"Самгори","index":30,"color_index":8,"name_en":"Samgori 30"},"geometry":{"type":"Polygon","coordinates":[[[44.88684,41.66194],[44.89438,41.66194],[44.89438,41.66757],[44.88684,41.66757],[44.88684,41.66194]]]}},{"type":"Feature","properties":{"slug":"samgori-300","parent_slug":"samgori","parent_name_en":"Samgori","parent_name_ka":"სამგორის რაიონი","parent_name_ru":"Самгори","index":300,"color_index":8,"name_en":"Samgori 300"},"geometry":{"type":"Polygon","coordinates":[[[44.91703,41.7464],[44.92458,41.7464],[44.92458,41.75203],[44.91703,41.75203],[44.91703,41.7464]]]}},{"type":"Feature","properties":{"slug":"samgori-301","parent_slug":"samgori","parent_name_en":"Samgori","parent_name_ka":"სამგორის რაიონი","parent_name_ru":"Самгори","index":301,"color_index":8,"name_en":"Samgori 301"},"geometry":{"type":"Polygon","coordinates":[[[44.92458,41.7464],[44.93213,41.7464],[44.93213,41.75203],[44.92458,41.75203],[44.92458,41.7464]]]}},{"type":"Feature","properties":{"slug":"samgori-302","parent_slug":"samgori","parent_name_en":"Samgori","parent_name_ka":"სამგორის რაიონი","parent_name_ru":"Самгори","index":302,"color_index":8,"name_en":"Samgori 302"},"geometry":{"type":"Polygon","coordinates":[[[44.93213,41.7464],[44.93967,41.7464],[44.93967,41.75203],[44.93213,41.75203],[44.93213,41.7464]]]}},{"type":"Feature","properties":{"slug":"samgori-303","parent_slug":"samgori","parent_name_en":"Samgori","parent_name_ka":"სამგორის რაიონი","parent_name_ru":"Самгори","index":303,"color_index":8,"name_en":"Samgori 303"},"geometry":{"type":"Polygon","coordinates":[[[44.93967,41.7464],[44.94722,41.7464],[44.94722,41.75203],[44.93967,41.75203],[44.93967,41.7464]]]}},{"type":"Feature","properties":{"slug":"samgori-304","parent_slug":"samgori","parent_name_en":"Samgori","parent_name_ka":"სამგორის რაიონი","parent_name_ru":"Самгори","index":304,"color_index":8,"name_en":"Samgori 304"},"geometry":{"type":"Polygon","coordinates":[[[44.94722,41.7464],[44.95477,41.7464],[44.95477,41.75203],[44.94722,41.75203],[44.94722,41.7464]]]}},{"type":"Feature","properties":{"slug":"samgori-305","parent_slug":"samgori","parent_name_en":"Samgori","parent_name_ka":"სამგორის რაიონი","parent_name_ru":"Самгори","index":305,"color_index":8,"name_en":"Samgori 305"},"geometry":{"type":"Polygon","coordinates":[[[44.95477,41.7464],[44.96232,41.7464],[44.96232,41.75203],[44.95477,41.75203],[44.95477,41.7464]]]}},{"type":"Feature","properties":{"slug":"samgori-306","parent_slug":"samgori","parent_name_en":"Samgori","parent_name_ka":"სამგორის რაიონი","parent_name_ru":"Самгори","index":306,"color_index":8,"name_en":"Samgori 306"},"geometry":{"type":"Polygon","coordinates":[[[44.96232,41.7464],[44.96987,41.7464],[44.96987,41.75203],[44.96232,41.75203],[44.96232,41.7464]]]}},{"type":"Feature","properties":{"slug":"samgori-307","parent_slug":"samgori","parent_name_en":"Samgori","parent_name_ka":"სამგორის რაიონი","parent_name_ru":"Самгори","index":307,"color_index":8,"name_en":"Samgori 307"},"geometry":{"type":"Polygon","coordinates":[[[44.96987,41.7464],[44.97742,41.7464],[44.97742,41.75203],[44.96987,41.75203],[44.96987,41.7464]]]}},{"type":"Feature","properties":{"slug":"samgori-308","parent_slug":"samgori","parent_name_en":"Samgori","parent_name_ka":"სამგორის რაიონი","parent_name_ru":"Самгори","index":308,"color_index":8,"name_en":"Samgori 308"},"geometry":{"type":"Polygon","coordinates":[[[44.97742,41.7464],[44.98496,41.7464],[44.98496,41.75203],[44.97742,41.75203],[44.97742,41.7464]]]}},{"type":"Feature","properties":{"slug":"samgori-309","parent_slug":"samgori","parent_name_en":"Samgori","parent_name_ka":"სამგორის რაიონი","parent_name_ru":"Самгори","index":309,"color_index":8,"name_en":"Samgori 309"},"geometry":{"type":"Polygon","coordinates":[[[44.98496,41.7464],[44.99251,41.7464],[44.99251,41.75203],[44.98496,41.75203],[44.98496,41.7464]]]}},{"type":"Feature","properties":{"slug":"samgori-31","parent_slug":"samgori","parent_name_en":"Samgori","parent_name_ka":"სამგორის რაიონი","parent_name_ru":"Самгори","index":31,"color_index":8,"name_en":"Samgori 31"},"geometry":{"type":"Polygon","coordinates":[[[44.89438,41.66194],[44.90193,41.66194],[44.90193,41.66757],[44.89438,41.66757],[44.89438,41.66194]]]}},{"type":"Feature","properties":{"slug":"samgori-310","parent_slug":"samgori","parent_name_en":"Samgori","parent_name_ka":"სამგორის რაიონი","parent_name_ru":"Самгори","index":310,"color_index":8,"name_en":"Samgori 310"},"geometry":{"type":"Polygon","coordinates":[[[44.87174,41.75203],[44.87929,41.75203],[44.87929,41.75766],[44.87174,41.75766],[44.87174,41.75203]]]}},{"type":"Feature","properties":{"slug":"samgori-311","parent_slug":"samgori","parent_name_en":"Samgori","parent_name_ka":"სამგორის რაიონი","parent_name_ru":"Самгори","index":311,"color_index":8,"name_en":"Samgori 311"},"geometry":{"type":"Polygon","coordinates":[[[44.87929,41.75203],[44.88684,41.75203],[44.88684,41.75766],[44.87929,41.75766],[44.87929,41.75203]]]}},{"type":"Feature","properties":{"slug":"samgori-312","parent_slug":"samgori","parent_name_en":"Samgori","parent_name_ka":"სამგორის რაიონი","parent_name_ru":"Самгори","index":312,"color_index":8,"name_en":"Samgori 312"},"geometry":{"type":"Polygon","coordinates":[[[44.88684,41.75203],[44.89438,41.75203],[44.89438,41.75766],[44.88684,41.75766],[44.88684,41.75203]]]}},{"type":"Feature","properties":{"slug":"samgori-313","parent_slug":"samgori","parent_name_en":"Samgori","parent_name_ka":"სამგორის რაიონი","parent_name_ru":"Самгори","index":313,"color_index":8,"name_en":"Samgori 313"},"geometry":{"type":"Polygon","coordinates":[[[44.89438,41.75203],[44.90193,41.75203],[44.90193,41.75766],[44.89438,41.75766],[44.89438,41.75203]]]}},{"type":"Feature","properties":{"slug":"samgori-314","parent_slug":"samgori","parent_name_en":"Samgori","parent_name_ka":"სამგორის რაიონი","parent_name_ru":"Самгори","index":314,"color_index":8,"name_en":"Samgori 314"},"geometry":{"type":"Polygon","coordinates":[[[44.90193,41.75203],[44.90948,41.75203],[44.90948,41.75766],[44.90193,41.75766],[44.90193,41.75203]]]}},{"type":"Feature","properties":{"slug":"samgori-315","parent_slug":"samgori","parent_name_en":"Samgori","parent_name_ka":"სამგორის რაიონი","parent_name_ru":"Самгори","index":315,"color_index":8,"name_en":"Samgori 315"},"geometry":{"type":"Polygon","coordinates":[[[44.90948,41.75203],[44.91703,41.75203],[44.91703,41.75766],[44.90948,41.75766],[44.90948,41.75203]]]}},{"type":"Feature","properties":{"slug":"samgori-316","parent_slug":"samgori","parent_name_en":"Samgori","parent_name_ka":"სამგორის რაიონი","parent_name_ru":"Самгори","index":316,"color_index":8,"name_en":"Samgori 316"},"geometry":{"type":"Polygon","coordinates":[[[44.91703,41.75203],[44.92458,41.75203],[44.92458,41.75766],[44.91703,41.75766],[44.91703,41.75203]]]}},{"type":"Feature","properties":{"slug":"samgori-317","parent_slug":"samgori","parent_name_en":"Samgori","parent_name_ka":"სამგორის რაიონი","parent_name_ru":"Самгори","index":317,"color_index":8,"name_en":"Samgori 317"},"geometry":{"type":"Polygon","coordinates":[[[44.92458,41.75203],[44.93213,41.75203],[44.93213,41.75766],[44.92458,41.75766],[44.92458,41.75203]]]}},{"type":"Feature","properties":{"slug":"samgori-318","parent_slug":"samgori","parent_name_en":"Samgori","parent_name_ka":"სამგორის რაიონი","parent_name_ru":"Самгори","index":318,"color_index":8,"name_en":"Samgori 318"},"geometry":{"type":"Polygon","coordinates":[[[44.93213,41.75203],[44.93967,41.75203],[44.93967,41.75766],[44.93213,41.75766],[44.93213,41.75203]]]}},{"type":"Feature","properties":{"slug":"samgori-319","parent_slug":"samgori","parent_name_en":"Samgori","parent_name_ka":"სამგორის რაიონი","parent_name_ru":"Самгори","index":319,"color_index":8,"name_en":"Samgori 319"},"geometry":{"type":"Polygon","coordinates":[[[44.93967,41.75203],[44.94722,41.75203],[44.94722,41.75766],[44.93967,41.75766],[44.93967,41.75203]]]}},{"type":"Feature","properties":{"slug":"samgori-32","parent_slug":"samgori","parent_name_en":"Samgori","parent_name_ka":"სამგორის რაიონი","parent_name_ru":"Самгори","index":32,"color_index":8,"name_en":"Samgori 32"},"geometry":{"type":"Polygon","coordinates":[[[44.90193,41.66194],[44.90948,41.66194],[44.90948,41.66757],[44.90193,41.66757],[44.90193,41.66194]]]}},{"type":"Feature","properties":{"slug":"samgori-320","parent_slug":"samgori","parent_name_en":"Samgori","parent_name_ka":"სამგორის რაიონი","parent_name_ru":"Самгори","index":320,"color_index":8,"name_en":"Samgori 320"},"geometry":{"type":"Polygon","coordinates":[[[44.94722,41.75203],[44.95477,41.75203],[44.95477,41.75766],[44.94722,41.75766],[44.94722,41.75203]]]}},{"type":"Feature","properties":{"slug":"samgori-321","parent_slug":"samgori","parent_name_en":"Samgori","parent_name_ka":"სამგორის რაიონი","parent_name_ru":"Самгори","index":321,"color_index":8,"name_en":"Samgori 321"},"geometry":{"type":"Polygon","coordinates":[[[44.95477,41.75203],[44.96232,41.75203],[44.96232,41.75766],[44.95477,41.75766],[44.95477,41.75203]]]}},{"type":"Feature","properties":{"slug":"samgori-322","parent_slug":"samgori","parent_name_en":"Samgori","parent_name_ka":"სამგორის რაიონი","parent_name_ru":"Самгори","index":322,"color_index":8,"name_en":"Samgori 322"},"geometry":{"type":"Polygon","coordinates":[[[44.96232,41.75203],[44.96987,41.75203],[44.96987,41.75766],[44.96232,41.75766],[44.96232,41.75203]]]}},{"type":"Feature","properties":{"slug":"samgori-323","parent_slug":"samgori","parent_name_en":"Samgori","parent_name_ka":"სამგორის რაიონი","parent_name_ru":"Самгори","index":323,"color_index":8,"name_en":"Samgori 323"},"geometry":{"type":"Polygon","coordinates":[[[44.87929,41.75766],[44.88684,41.75766],[44.88684,41.76329],[44.87929,41.76329],[44.87929,41.75766]]]}},{"type":"Feature","properties":{"slug":"samgori-324","parent_slug":"samgori","parent_name_en":"Samgori","parent_name_ka":"სამგორის რაიონი","parent_name_ru":"Самгори","index":324,"color_index":8,"name_en":"Samgori 324"},"geometry":{"type":"Polygon","coordinates":[[[44.91703,41.75766],[44.92458,41.75766],[44.92458,41.76329],[44.91703,41.76329],[44.91703,41.75766]]]}},{"type":"Feature","properties":{"slug":"samgori-325","parent_slug":"samgori","parent_name_en":"Samgori","parent_name_ka":"სამგორის რაიონი","parent_name_ru":"Самгори","index":325,"color_index":8,"name_en":"Samgori 325"},"geometry":{"type":"Polygon","coordinates":[[[44.92458,41.75766],[44.93213,41.75766],[44.93213,41.76329],[44.92458,41.76329],[44.92458,41.75766]]]}},{"type":"Feature","properties":{"slug":"samgori-326","parent_slug":"samgori","parent_name_en":"Samgori","parent_name_ka":"სამგორის რაიონი","parent_name_ru":"Самгори","index":326,"color_index":8,"name_en":"Samgori 326"},"geometry":{"type":"Polygon","coordinates":[[[44.93213,41.75766],[44.93967,41.75766],[44.93967,41.76329],[44.93213,41.76329],[44.93213,41.75766]]]}},{"type":"Feature","properties":{"slug":"samgori-327","parent_slug":"samgori","parent_name_en":"Samgori","parent_name_ka":"სამგორის რაიონი","parent_name_ru":"Самгори","index":327,"color_index":8,"name_en":"Samgori 327"},"geometry":{"type":"Polygon","coordinates":[[[44.93967,41.75766],[44.94722,41.75766],[44.94722,41.76329],[44.93967,41.76329],[44.93967,41.75766]]]}},{"type":"Feature","properties":{"slug":"samgori-33","parent_slug":"samgori","parent_name_en":"Samgori","parent_name_ka":"სამგორის რაიონი","parent_name_ru":"Самгори","index":33,"color_index":8,"name_en":"Samgori 33"},"geometry":{"type":"Polygon","coordinates":[[[44.90948,41.66194],[44.91703,41.66194],[44.91703,41.66757],[44.90948,41.66757],[44.90948,41.66194]]]}},{"type":"Feature","properties":{"slug":"samgori-34","parent_slug":"samgori","parent_name_en":"Samgori","parent_name_ka":"სამგორის რაიონი","parent_name_ru":"Самгори","index":34,"color_index":8,"name_en":"Samgori 34"},"geometry":{"type":"Polygon","coordinates":[[[44.91703,41.66194],[44.92458,41.66194],[44.92458,41.66757],[44.91703,41.66757],[44.91703,41.66194]]]}},{"type":"Feature","properties":{"slug":"samgori-35","parent_slug":"samgori","parent_name_en":"Samgori","parent_name_ka":"სამგორის რაიონი","parent_name_ru":"Самгори","index":35,"color_index":8,"name_en":"Samgori 35"},"geometry":{"type":"Polygon","coordinates":[[[44.92458,41.66194],[44.93213,41.66194],[44.93213,41.66757],[44.92458,41.66757],[44.92458,41.66194]]]}},{"type":"Feature","properties":{"slug":"samgori-36","parent_slug":"samgori","parent_name_en":"Samgori","parent_name_ka":"სამგორის რაიონი","parent_name_ru":"Самгори","index":36,"color_index":8,"name_en":"Samgori 36"},"geometry":{"type":"Polygon","coordinates":[[[44.93213,41.66194],[44.93967,41.66194],[44.93967,41.66757],[44.93213,41.66757],[44.93213,41.66194]]]}},{"type":"Feature","properties":{"slug":"samgori-37","parent_slug":"samgori","parent_name_en":"Samgori","parent_name_ka":"სამგორის რაიონი","parent_name_ru":"Самгори","index":37,"color_index":8,"name_en":"Samgori 37"},"geometry":{"type":"Polygon","coordinates":[[[44.93967,41.66194],[44.94722,41.66194],[44.94722,41.66757],[44.93967,41.66757],[44.93967,41.66194]]]}},{"type":"Feature","properties":{"slug":"samgori-38","parent_slug":"samgori","parent_name_en":"Samgori","parent_name_ka":"სამგორის რაიონი","parent_name_ru":"Самгори","index":38,"color_index":8,"name_en":"Samgori 38"},"geometry":{"type":"Polygon","coordinates":[[[44.94722,41.66194],[44.95477,41.66194],[44.95477,41.66757],[44.94722,41.66757],[44.94722,41.66194]]]}},{"type":"Feature","properties":{"slug":"samgori-39","parent_slug":"samgori","parent_name_en":"Samgori","parent_name_ka":"სამგორის რაიონი","parent_name_ru":"Самгори","index":39,"color_index":8,"name_en":"Samgori 39"},"geometry":{"type":"Polygon","coordinates":[[[44.95477,41.66194],[44.96232,41.66194],[44.96232,41.66757],[44.95477,41.66757],[44.95477,41.66194]]]}},{"type":"Feature","properties":{"slug":"samgori-4","parent_slug":"samgori","parent_name_en":"Samgori","parent_name_ka":"სამგორის რაიონი","parent_name_ru":"Самгори","index":4,"color_index":8,"name_en":"Samgori 4"},"geometry":{"type":"Polygon","coordinates":[[[44.94722,41.63941],[44.95477,41.63941],[44.95477,41.64505],[44.94722,41.64505],[44.94722,41.63941]]]}},{"type":"Feature","properties":{"slug":"samgori-40","parent_slug":"samgori","parent_name_en":"Samgori","parent_name_ka":"სამგორის რაიონი","parent_name_ru":"Самгори","index":40,"color_index":8,"name_en":"Samgori 40"},"geometry":{"type":"Polygon","coordinates":[[[44.96232,41.66194],[44.96987,41.66194],[44.96987,41.66757],[44.96232,41.66757],[44.96232,41.66194]]]}},{"type":"Feature","properties":{"slug":"samgori-41","parent_slug":"samgori","parent_name_en":"Samgori","parent_name_ka":"სამგორის რაიონი","parent_name_ru":"Самгори","index":41,"color_index":8,"name_en":"Samgori 41"},"geometry":{"type":"Polygon","coordinates":[[[44.96987,41.66194],[44.97742,41.66194],[44.97742,41.66757],[44.96987,41.66757],[44.96987,41.66194]]]}},{"type":"Feature","properties":{"slug":"samgori-42","parent_slug":"samgori","parent_name_en":"Samgori","parent_name_ka":"სამგორის რაიონი","parent_name_ru":"Самгори","index":42,"color_index":8,"name_en":"Samgori 42"},"geometry":{"type":"Polygon","coordinates":[[[44.97742,41.66194],[44.98496,41.66194],[44.98496,41.66757],[44.97742,41.66757],[44.97742,41.66194]]]}},{"type":"Feature","properties":{"slug":"samgori-43","parent_slug":"samgori","parent_name_en":"Samgori","parent_name_ka":"სამგორის რაიონი","parent_name_ru":"Самгори","index":43,"color_index":8,"name_en":"Samgori 43"},"geometry":{"type":"Polygon","coordinates":[[[44.98496,41.66194],[44.99251,41.66194],[44.99251,41.66757],[44.98496,41.66757],[44.98496,41.66194]]]}},{"type":"Feature","properties":{"slug":"samgori-44","parent_slug":"samgori","parent_name_en":"Samgori","parent_name_ka":"სამგორის რაიონი","parent_name_ru":"Самгори","index":44,"color_index":8,"name_en":"Samgori 44"},"geometry":{"type":"Polygon","coordinates":[[[44.87174,41.66757],[44.87929,41.66757],[44.87929,41.6732],[44.87174,41.6732],[44.87174,41.66757]]]}},{"type":"Feature","properties":{"slug":"samgori-45","parent_slug":"samgori","parent_name_en":"Samgori","parent_name_ka":"სამგორის რაიონი","parent_name_ru":"Самгори","index":45,"color_index":8,"name_en":"Samgori 45"},"geometry":{"type":"Polygon","coordinates":[[[44.87929,41.66757],[44.88684,41.66757],[44.88684,41.6732],[44.87929,41.6732],[44.87929,41.66757]]]}},{"type":"Feature","properties":{"slug":"samgori-46","parent_slug":"samgori","parent_name_en":"Samgori","parent_name_ka":"სამგორის რაიონი","parent_name_ru":"Самгори","index":46,"color_index":8,"name_en":"Samgori 46"},"geometry":{"type":"Polygon","coordinates":[[[44.88684,41.66757],[44.89438,41.66757],[44.89438,41.6732],[44.88684,41.6732],[44.88684,41.66757]]]}},{"type":"Feature","properties":{"slug":"samgori-47","parent_slug":"samgori","parent_name_en":"Samgori","parent_name_ka":"სამგორის რაიონი","parent_name_ru":"Самгори","index":47,"color_index":8,"name_en":"Samgori 47"},"geometry":{"type":"Polygon","coordinates":[[[44.89438,41.66757],[44.90193,41.66757],[44.90193,41.6732],[44.89438,41.6732],[44.89438,41.66757]]]}},{"type":"Feature","properties":{"slug":"samgori-48","parent_slug":"samgori","parent_name_en":"Samgori","parent_name_ka":"სამგორის რაიონი","parent_name_ru":"Самгори","index":48,"color_index":8,"name_en":"Samgori 48"},"geometry":{"type":"Polygon","coordinates":[[[44.90193,41.66757],[44.90948,41.66757],[44.90948,41.6732],[44.90193,41.6732],[44.90193,41.66757]]]}},{"type":"Feature","properties":{"slug":"samgori-49","parent_slug":"samgori","parent_name_en":"Samgori","parent_name_ka":"სამგორის რაიონი","parent_name_ru":"Самгори","index":49,"color_index":8,"name_en":"Samgori 49"},"geometry":{"type":"Polygon","coordinates":[[[44.90948,41.66757],[44.91703,41.66757],[44.91703,41.6732],[44.90948,41.6732],[44.90948,41.66757]]]}},{"type":"Feature","properties":{"slug":"samgori-5","parent_slug":"samgori","parent_name_en":"Samgori","parent_name_ka":"სამგორის რაიონი","parent_name_ru":"Самгори","index":5,"color_index":8,"name_en":"Samgori 5"},"geometry":{"type":"Polygon","coordinates":[[[44.95477,41.63941],[44.96232,41.63941],[44.96232,41.64505],[44.95477,41.64505],[44.95477,41.63941]]]}},{"type":"Feature","properties":{"slug":"samgori-50","parent_slug":"samgori","parent_name_en":"Samgori","parent_name_ka":"სამგორის რაიონი","parent_name_ru":"Самгори","index":50,"color_index":8,"name_en":"Samgori 50"},"geometry":{"type":"Polygon","coordinates":[[[44.91703,41.66757],[44.92458,41.66757],[44.92458,41.6732],[44.91703,41.6732],[44.91703,41.66757]]]}},{"type":"Feature","properties":{"slug":"samgori-51","parent_slug":"samgori","parent_name_en":"Samgori","parent_name_ka":"სამგორის რაიონი","parent_name_ru":"Самгори","index":51,"color_index":8,"name_en":"Samgori 51"},"geometry":{"type":"Polygon","coordinates":[[[44.92458,41.66757],[44.93213,41.66757],[44.93213,41.6732],[44.92458,41.6732],[44.92458,41.66757]]]}},{"type":"Feature","properties":{"slug":"samgori-52","parent_slug":"samgori","parent_name_en":"Samgori","parent_name_ka":"სამგორის რაიონი","parent_name_ru":"Самгори","index":52,"color_index":8,"name_en":"Samgori 52"},"geometry":{"type":"Polygon","coordinates":[[[44.93213,41.66757],[44.93967,41.66757],[44.93967,41.6732],[44.93213,41.6732],[44.93213,41.66757]]]}},{"type":"Feature","properties":{"slug":"samgori-53","parent_slug":"samgori","parent_name_en":"Samgori","parent_name_ka":"სამგორის რაიონი","parent_name_ru":"Самгори","index":53,"color_index":8,"name_en":"Samgori 53"},"geometry":{"type":"Polygon","coordinates":[[[44.93967,41.66757],[44.94722,41.66757],[44.94722,41.6732],[44.93967,41.6732],[44.93967,41.66757]]]}},{"type":"Feature","properties":{"slug":"samgori-54","parent_slug":"samgori","parent_name_en":"Samgori","parent_name_ka":"სამგორის რაიონი","parent_name_ru":"Самгори","index":54,"color_index":8,"name_en":"Samgori 54"},"geometry":{"type":"Polygon","coordinates":[[[44.94722,41.66757],[44.95477,41.66757],[44.95477,41.6732],[44.94722,41.6732],[44.94722,41.66757]]]}},{"type":"Feature","properties":{"slug":"samgori-55","parent_slug":"samgori","parent_name_en":"Samgori","parent_name_ka":"სამგორის რაიონი","parent_name_ru":"Самгори","index":55,"color_index":8,"name_en":"Samgori 55"},"geometry":{"type":"Polygon","coordinates":[[[44.95477,41.66757],[44.96232,41.66757],[44.96232,41.6732],[44.95477,41.6732],[44.95477,41.66757]]]}},{"type":"Feature","properties":{"slug":"samgori-56","parent_slug":"samgori","parent_name_en":"Samgori","parent_name_ka":"სამგორის რაიონი","parent_name_ru":"Самгори","index":56,"color_index":8,"name_en":"Samgori 56"},"geometry":{"type":"Polygon","coordinates":[[[44.96232,41.66757],[44.96987,41.66757],[44.96987,41.6732],[44.96232,41.6732],[44.96232,41.66757]]]}},{"type":"Feature","properties":{"slug":"samgori-57","parent_slug":"samgori","parent_name_en":"Samgori","parent_name_ka":"სამგორის რაიონი","parent_name_ru":"Самгори","index":57,"color_index":8,"name_en":"Samgori 57"},"geometry":{"type":"Polygon","coordinates":[[[44.96987,41.66757],[44.97742,41.66757],[44.97742,41.6732],[44.96987,41.6732],[44.96987,41.66757]]]}},{"type":"Feature","properties":{"slug":"samgori-58","parent_slug":"samgori","parent_name_en":"Samgori","parent_name_ka":"სამგორის რაიონი","parent_name_ru":"Самгори","index":58,"color_index":8,"name_en":"Samgori 58"},"geometry":{"type":"Polygon","coordinates":[[[44.97742,41.66757],[44.98496,41.66757],[44.98496,41.6732],[44.97742,41.6732],[44.97742,41.66757]]]}},{"type":"Feature","properties":{"slug":"samgori-59","parent_slug":"samgori","parent_name_en":"Samgori","parent_name_ka":"სამგორის რაიონი","parent_name_ru":"Самгори","index":59,"color_index":8,"name_en":"Samgori 59"},"geometry":{"type":"Polygon","coordinates":[[[44.98496,41.66757],[44.99251,41.66757],[44.99251,41.6732],[44.98496,41.6732],[44.98496,41.66757]]]}},{"type":"Feature","properties":{"slug":"samgori-6","parent_slug":"samgori","parent_name_en":"Samgori","parent_name_ka":"სამგორის რაიონი","parent_name_ru":"Самгори","index":6,"color_index":8,"name_en":"Samgori 6"},"geometry":{"type":"Polygon","coordinates":[[[44.93213,41.64505],[44.93967,41.64505],[44.93967,41.65068],[44.93213,41.65068],[44.93213,41.64505]]]}},{"type":"Feature","properties":{"slug":"samgori-60","parent_slug":"samgori","parent_name_en":"Samgori","parent_name_ka":"სამგორის რაიონი","parent_name_ru":"Самгори","index":60,"color_index":8,"name_en":"Samgori 60"},"geometry":{"type":"Polygon","coordinates":[[[44.87929,41.6732],[44.88684,41.6732],[44.88684,41.67883],[44.87929,41.67883],[44.87929,41.6732]]]}},{"type":"Feature","properties":{"slug":"samgori-61","parent_slug":"samgori","parent_name_en":"Samgori","parent_name_ka":"სამგორის რაიონი","parent_name_ru":"Самгори","index":61,"color_index":8,"name_en":"Samgori 61"},"geometry":{"type":"Polygon","coordinates":[[[44.88684,41.6732],[44.89438,41.6732],[44.89438,41.67883],[44.88684,41.67883],[44.88684,41.6732]]]}},{"type":"Feature","properties":{"slug":"samgori-62","parent_slug":"samgori","parent_name_en":"Samgori","parent_name_ka":"სამგორის რაიონი","parent_name_ru":"Самгори","index":62,"color_index":8,"name_en":"Samgori 62"},"geometry":{"type":"Polygon","coordinates":[[[44.89438,41.6732],[44.90193,41.6732],[44.90193,41.67883],[44.89438,41.67883],[44.89438,41.6732]]]}},{"type":"Feature","properties":{"slug":"samgori-63","parent_slug":"samgori","parent_name_en":"Samgori","parent_name_ka":"სამგორის რაიონი","parent_name_ru":"Самгори","index":63,"color_index":8,"name_en":"Samgori 63"},"geometry":{"type":"Polygon","coordinates":[[[44.90193,41.6732],[44.90948,41.6732],[44.90948,41.67883],[44.90193,41.67883],[44.90193,41.6732]]]}},{"type":"Feature","properties":{"slug":"samgori-64","parent_slug":"samgori","parent_name_en":"Samgori","parent_name_ka":"სამგორის რაიონი","parent_name_ru":"Самгори","index":64,"color_index":8,"name_en":"Samgori 64"},"geometry":{"type":"Polygon","coordinates":[[[44.90948,41.6732],[44.91703,41.6732],[44.91703,41.67883],[44.90948,41.67883],[44.90948,41.6732]]]}},{"type":"Feature","properties":{"slug":"samgori-65","parent_slug":"samgori","parent_name_en":"Samgori","parent_name_ka":"სამგორის რაიონი","parent_name_ru":"Самгори","index":65,"color_index":8,"name_en":"Samgori 65"},"geometry":{"type":"Polygon","coordinates":[[[44.91703,41.6732],[44.92458,41.6732],[44.92458,41.67883],[44.91703,41.67883],[44.91703,41.6732]]]}},{"type":"Feature","properties":{"slug":"samgori-66","parent_slug":"samgori","parent_name_en":"Samgori","parent_name_ka":"სამგორის რაიონი","parent_name_ru":"Самгори","index":66,"color_index":8,"name_en":"Samgori 66"},"geometry":{"type":"Polygon","coordinates":[[[44.92458,41.6732],[44.93213,41.6732],[44.93213,41.67883],[44.92458,41.67883],[44.92458,41.6732]]]}},{"type":"Feature","properties":{"slug":"samgori-67","parent_slug":"samgori","parent_name_en":"Samgori","parent_name_ka":"სამგორის რაიონი","parent_name_ru":"Самгори","index":67,"color_index":8,"name_en":"Samgori 67"},"geometry":{"type":"Polygon","coordinates":[[[44.93213,41.6732],[44.93967,41.6732],[44.93967,41.67883],[44.93213,41.67883],[44.93213,41.6732]]]}},{"type":"Feature","properties":{"slug":"samgori-68","parent_slug":"samgori","parent_name_en":"Samgori","parent_name_ka":"სამგორის რაიონი","parent_name_ru":"Самгори","index":68,"color_index":8,"name_en":"Samgori 68"},"geometry":{"type":"Polygon","coordinates":[[[44.93967,41.6732],[44.94722,41.6732],[44.94722,41.67883],[44.93967,41.67883],[44.93967,41.6732]]]}},{"type":"Feature","properties":{"slug":"samgori-69","parent_slug":"samgori","parent_name_en":"Samgori","parent_name_ka":"სამგორის რაიონი","parent_name_ru":"Самгори","index":69,"color_index":8,"name_en":"Samgori 69"},"geometry":{"type":"Polygon","coordinates":[[[44.94722,41.6732],[44.95477,41.6732],[44.95477,41.67883],[44.94722,41.67883],[44.94722,41.6732]]]}},{"type":"Feature","properties":{"slug":"samgori-7","parent_slug":"samgori","parent_name_en":"Samgori","parent_name_ka":"სამგორის რაიონი","parent_name_ru":"Самгори","index":7,"color_index":8,"name_en":"Samgori 7"},"geometry":{"type":"Polygon","coordinates":[[[44.93967,41.64505],[44.94722,41.64505],[44.94722,41.65068],[44.93967,41.65068],[44.93967,41.64505]]]}},{"type":"Feature","properties":{"slug":"samgori-70","parent_slug":"samgori","parent_name_en":"Samgori","parent_name_ka":"სამგორის რაიონი","parent_name_ru":"Самгори","index":70,"color_index":8,"name_en":"Samgori 70"},"geometry":{"type":"Polygon","coordinates":[[[44.95477,41.6732],[44.96232,41.6732],[44.96232,41.67883],[44.95477,41.67883],[44.95477,41.6732]]]}},{"type":"Feature","properties":{"slug":"samgori-71","parent_slug":"samgori","parent_name_en":"Samgori","parent_name_ka":"სამგორის რაიონი","parent_name_ru":"Самгори","index":71,"color_index":8,"name_en":"Samgori 71"},"geometry":{"type":"Polygon","coordinates":[[[44.96232,41.6732],[44.96987,41.6732],[44.96987,41.67883],[44.96232,41.67883],[44.96232,41.6732]]]}},{"type":"Feature","properties":{"slug":"samgori-72","parent_slug":"samgori","parent_name_en":"Samgori","parent_name_ka":"სამგორის რაიონი","parent_name_ru":"Самгори","index":72,"color_index":8,"name_en":"Samgori 72"},"geometry":{"type":"Polygon","coordinates":[[[44.96987,41.6732],[44.97742,41.6732],[44.97742,41.67883],[44.96987,41.67883],[44.96987,41.6732]]]}},{"type":"Feature","properties":{"slug":"samgori-73","parent_slug":"samgori","parent_name_en":"Samgori","parent_name_ka":"სამგორის რაიონი","parent_name_ru":"Самгори","index":73,"color_index":8,"name_en":"Samgori 73"},"geometry":{"type":"Polygon","coordinates":[[[44.97742,41.6732],[44.98496,41.6732],[44.98496,41.67883],[44.97742,41.67883],[44.97742,41.6732]]]}},{"type":"Feature","properties":{"slug":"samgori-74","parent_slug":"samgori","parent_name_en":"Samgori","parent_name_ka":"სამგორის რაიონი","parent_name_ru":"Самгори","index":74,"color_index":8,"name_en":"Samgori 74"},"geometry":{"type":"Polygon","coordinates":[[[44.98496,41.6732],[44.99251,41.6732],[44.99251,41.67883],[44.98496,41.67883],[44.98496,41.6732]]]}},{"type":"Feature","properties":{"slug":"samgori-75","parent_slug":"samgori","parent_name_en":"Samgori","parent_name_ka":"სამგორის რაიონი","parent_name_ru":"Самгори","index":75,"color_index":8,"name_en":"Samgori 75"},"geometry":{"type":"Polygon","coordinates":[[[44.99251,41.6732],[45.00006,41.6732],[45.00006,41.67883],[44.99251,41.67883],[44.99251,41.6732]]]}},{"type":"Feature","properties":{"slug":"samgori-76","parent_slug":"samgori","parent_name_en":"Samgori","parent_name_ka":"სამგორის რაიონი","parent_name_ru":"Самгори","index":76,"color_index":8,"name_en":"Samgori 76"},"geometry":{"type":"Polygon","coordinates":[[[44.87174,41.67883],[44.87929,41.67883],[44.87929,41.68446],[44.87174,41.68446],[44.87174,41.67883]]]}},{"type":"Feature","properties":{"slug":"samgori-77","parent_slug":"samgori","parent_name_en":"Samgori","parent_name_ka":"სამგორის რაიონი","parent_name_ru":"Самгори","index":77,"color_index":8,"name_en":"Samgori 77"},"geometry":{"type":"Polygon","coordinates":[[[44.87929,41.67883],[44.88684,41.67883],[44.88684,41.68446],[44.87929,41.68446],[44.87929,41.67883]]]}},{"type":"Feature","properties":{"slug":"samgori-78","parent_slug":"samgori","parent_name_en":"Samgori","parent_name_ka":"სამგორის რაიონი","parent_name_ru":"Самгори","index":78,"color_index":8,"name_en":"Samgori 78"},"geometry":{"type":"Polygon","coordinates":[[[44.88684,41.67883],[44.89438,41.67883],[44.89438,41.68446],[44.88684,41.68446],[44.88684,41.67883]]]}},{"type":"Feature","properties":{"slug":"samgori-79","parent_slug":"samgori","parent_name_en":"Samgori","parent_name_ka":"სამგორის რაიონი","parent_name_ru":"Самгори","index":79,"color_index":8,"name_en":"Samgori 79"},"geometry":{"type":"Polygon","coordinates":[[[44.89438,41.67883],[44.90193,41.67883],[44.90193,41.68446],[44.89438,41.68446],[44.89438,41.67883]]]}},{"type":"Feature","properties":{"slug":"samgori-8","parent_slug":"samgori","parent_name_en":"Samgori","parent_name_ka":"სამგორის რაიონი","parent_name_ru":"Самгори","index":8,"color_index":8,"name_en":"Samgori 8"},"geometry":{"type":"Polygon","coordinates":[[[44.94722,41.64505],[44.95477,41.64505],[44.95477,41.65068],[44.94722,41.65068],[44.94722,41.64505]]]}},{"type":"Feature","properties":{"slug":"samgori-80","parent_slug":"samgori","parent_name_en":"Samgori","parent_name_ka":"სამგორის რაიონი","parent_name_ru":"Самгори","index":80,"color_index":8,"name_en":"Samgori 80"},"geometry":{"type":"Polygon","coordinates":[[[44.90193,41.67883],[44.90948,41.67883],[44.90948,41.68446],[44.90193,41.68446],[44.90193,41.67883]]]}},{"type":"Feature","properties":{"slug":"samgori-81","parent_slug":"samgori","parent_name_en":"Samgori","parent_name_ka":"სამგორის რაიონი","parent_name_ru":"Самгори","index":81,"color_index":8,"name_en":"Samgori 81"},"geometry":{"type":"Polygon","coordinates":[[[44.90948,41.67883],[44.91703,41.67883],[44.91703,41.68446],[44.90948,41.68446],[44.90948,41.67883]]]}},{"type":"Feature","properties":{"slug":"samgori-82","parent_slug":"samgori","parent_name_en":"Samgori","parent_name_ka":"სამგორის რაიონი","parent_name_ru":"Самгори","index":82,"color_index":8,"name_en":"Samgori 82"},"geometry":{"type":"Polygon","coordinates":[[[44.91703,41.67883],[44.92458,41.67883],[44.92458,41.68446],[44.91703,41.68446],[44.91703,41.67883]]]}},{"type":"Feature","properties":{"slug":"samgori-83","parent_slug":"samgori","parent_name_en":"Samgori","parent_name_ka":"სამგორის რაიონი","parent_name_ru":"Самгори","index":83,"color_index":8,"name_en":"Samgori 83"},"geometry":{"type":"Polygon","coordinates":[[[44.92458,41.67883],[44.93213,41.67883],[44.93213,41.68446],[44.92458,41.68446],[44.92458,41.67883]]]}},{"type":"Feature","properties":{"slug":"samgori-84","parent_slug":"samgori","parent_name_en":"Samgori","parent_name_ka":"სამგორის რაიონი","parent_name_ru":"Самгори","index":84,"color_index":8,"name_en":"Samgori 84"},"geometry":{"type":"Polygon","coordinates":[[[44.93213,41.67883],[44.93967,41.67883],[44.93967,41.68446],[44.93213,41.68446],[44.93213,41.67883]]]}},{"type":"Feature","properties":{"slug":"samgori-85","parent_slug":"samgori","parent_name_en":"Samgori","parent_name_ka":"სამგორის რაიონი","parent_name_ru":"Самгори","index":85,"color_index":8,"name_en":"Samgori 85"},"geometry":{"type":"Polygon","coordinates":[[[44.93967,41.67883],[44.94722,41.67883],[44.94722,41.68446],[44.93967,41.68446],[44.93967,41.67883]]]}},{"type":"Feature","properties":{"slug":"samgori-86","parent_slug":"samgori","parent_name_en":"Samgori","parent_name_ka":"სამგორის რაიონი","parent_name_ru":"Самгори","index":86,"color_index":8,"name_en":"Samgori 86"},"geometry":{"type":"Polygon","coordinates":[[[44.94722,41.67883],[44.95477,41.67883],[44.95477,41.68446],[44.94722,41.68446],[44.94722,41.67883]]]}},{"type":"Feature","properties":{"slug":"samgori-87","parent_slug":"samgori","parent_name_en":"Samgori","parent_name_ka":"სამგორის რაიონი","parent_name_ru":"Самгори","index":87,"color_index":8,"name_en":"Samgori 87"},"geometry":{"type":"Polygon","coordinates":[[[44.95477,41.67883],[44.96232,41.67883],[44.96232,41.68446],[44.95477,41.68446],[44.95477,41.67883]]]}},{"type":"Feature","properties":{"slug":"samgori-88","parent_slug":"samgori","parent_name_en":"Samgori","parent_name_ka":"სამგორის რაიონი","parent_name_ru":"Самгори","index":88,"color_index":8,"name_en":"Samgori 88"},"geometry":{"type":"Polygon","coordinates":[[[44.96232,41.67883],[44.96987,41.67883],[44.96987,41.68446],[44.96232,41.68446],[44.96232,41.67883]]]}},{"type":"Feature","properties":{"slug":"samgori-89","parent_slug":"samgori","parent_name_en":"Samgori","parent_name_ka":"სამგორის რაიონი","parent_name_ru":"Самгори","index":89,"color_index":8,"name_en":"Samgori 89"},"geometry":{"type":"Polygon","coordinates":[[[44.96987,41.67883],[44.97742,41.67883],[44.97742,41.68446],[44.96987,41.68446],[44.96987,41.67883]]]}},{"type":"Feature","properties":{"slug":"samgori-9","parent_slug":"samgori","parent_name_en":"Samgori","parent_name_ka":"სამგორის რაიონი","parent_name_ru":"Самгори","index":9,"color_index":8,"name_en":"Samgori 9"},"geometry":{"type":"Polygon","coordinates":[[[44.95477,41.64505],[44.96232,41.64505],[44.96232,41.65068],[44.95477,41.65068],[44.95477,41.64505]]]}},{"type":"Feature","properties":{"slug":"samgori-90","parent_slug":"samgori","parent_name_en":"Samgori","parent_name_ka":"სამგორის რაიონი","parent_name_ru":"Самгори","index":90,"color_index":8,"name_en":"Samgori 90"},"geometry":{"type":"Polygon","coordinates":[[[44.97742,41.67883],[44.98496,41.67883],[44.98496,41.68446],[44.97742,41.68446],[44.97742,41.67883]]]}},{"type":"Feature","properties":{"slug":"samgori-91","parent_slug":"samgori","parent_name_en":"Samgori","parent_name_ka":"სამგორის რაიონი","parent_name_ru":"Самгори","index":91,"color_index":8,"name_en":"Samgori 91"},"geometry":{"type":"Polygon","coordinates":[[[44.98496,41.67883],[44.99251,41.67883],[44.99251,41.68446],[44.98496,41.68446],[44.98496,41.67883]]]}},{"type":"Feature","properties":{"slug":"samgori-92","parent_slug":"samgori","parent_name_en":"Samgori","parent_name_ka":"სამგორის რაიონი","parent_name_ru":"Самгори","index":92,"color_index":8,"name_en":"Samgori 92"},"geometry":{"type":"Polygon","coordinates":[[[44.99251,41.67883],[45.00006,41.67883],[45.00006,41.68446],[44.99251,41.68446],[44.99251,41.67883]]]}},{"type":"Feature","properties":{"slug":"samgori-93","parent_slug":"samgori","parent_name_en":"Samgori","parent_name_ka":"სამგორის რაიონი","parent_name_ru":"Самгори","index":93,"color_index":8,"name_en":"Samgori 93"},"geometry":{"type":"Polygon","coordinates":[[[44.87174,41.68446],[44.87929,41.68446],[44.87929,41.69009],[44.87174,41.69009],[44.87174,41.68446]]]}},{"type":"Feature","properties":{"slug":"samgori-94","parent_slug":"samgori","parent_name_en":"Samgori","parent_name_ka":"სამგორის რაიონი","parent_name_ru":"Самгори","index":94,"color_index":8,"name_en":"Samgori 94"},"geometry":{"type":"Polygon","coordinates":[[[44.87929,41.68446],[44.88684,41.68446],[44.88684,41.69009],[44.87929,41.69009],[44.87929,41.68446]]]}},{"type":"Feature","properties":{"slug":"samgori-95","parent_slug":"samgori","parent_name_en":"Samgori","parent_name_ka":"სამგორის რაიონი","parent_name_ru":"Самгори","index":95,"color_index":8,"name_en":"Samgori 95"},"geometry":{"type":"Polygon","coordinates":[[[44.88684,41.68446],[44.89438,41.68446],[44.89438,41.69009],[44.88684,41.69009],[44.88684,41.68446]]]}},{"type":"Feature","properties":{"slug":"samgori-96","parent_slug":"samgori","parent_name_en":"Samgori","parent_name_ka":"სამგორის რაიონი","parent_name_ru":"Самгори","index":96,"color_index":8,"name_en":"Samgori 96"},"geometry":{"type":"Polygon","coordinates":[[[44.89438,41.68446],[44.90193,41.68446],[44.90193,41.69009],[44.89438,41.69009],[44.89438,41.68446]]]}},{"type":"Feature","properties":{"slug":"samgori-97","parent_slug":"samgori","parent_name_en":"Samgori","parent_name_ka":"სამგორის რაიონი","parent_name_ru":"Самгори","index":97,"color_index":8,"name_en":"Samgori 97"},"geometry":{"type":"Polygon","coordinates":[[[44.90193,41.68446],[44.90948,41.68446],[44.90948,41.69009],[44.90193,41.69009],[44.90193,41.68446]]]}},{"type":"Feature","properties":{"slug":"samgori-98","parent_slug":"samgori","parent_name_en":"Samgori","parent_name_ka":"სამგორის რაიონი","parent_name_ru":"Самгори","index":98,"color_index":8,"name_en":"Samgori 98"},"geometry":{"type":"Polygon","coordinates":[[[44.90948,41.68446],[44.91703,41.68446],[44.91703,41.69009],[44.90948,41.69009],[44.90948,41.68446]]]}},{"type":"Feature","properties":{"slug":"samgori-99","parent_slug":"samgori","parent_name_en":"Samgori","parent_name_ka":"სამგორის რაიონი","parent_name_ru":"Самгори","index":99,"color_index":8,"name_en":"Samgori 99"},"geometry":{"type":"Polygon","coordinates":[[[44.91703,41.68446],[44.92458,41.68446],[44.92458,41.69009],[44.91703,41.69009],[44.91703,41.68446]]]}},{"type":"Feature","properties":{"slug":"vake-1","parent_slug":"vake","parent_name_en":"Vake","parent_name_ka":"ვაკის რაიონი","parent_name_ru":"Ваке","index":1,"color_index":9,"name_en":"Vake 1"},"geometry":{"type":"Polygon","coordinates":[[[44.6151,41.65631],[44.62264,41.65631],[44.62264,41.66194],[44.6151,41.66194],[44.6151,41.65631]]]}},{"type":"Feature","properties":{"slug":"vake-10","parent_slug":"vake","parent_name_en":"Vake","parent_name_ka":"ვაკის რაიონი","parent_name_ru":"Ваке","index":10,"color_index":9,"name_en":"Vake 10"},"geometry":{"type":"Polygon","coordinates":[[[44.69058,41.66757],[44.69813,41.66757],[44.69813,41.6732],[44.69058,41.6732],[44.69058,41.66757]]]}},{"type":"Feature","properties":{"slug":"vake-100","parent_slug":"vake","parent_name_en":"Vake","parent_name_ka":"ვაკის რაიონი","parent_name_ru":"Ваке","index":100,"color_index":9,"name_en":"Vake 100"},"geometry":{"type":"Polygon","coordinates":[[[44.67548,41.70698],[44.68303,41.70698],[44.68303,41.71261],[44.67548,41.71261],[44.67548,41.70698]]]}},{"type":"Feature","properties":{"slug":"vake-101","parent_slug":"vake","parent_name_en":"Vake","parent_name_ka":"ვაკის რაიონი","parent_name_ru":"Ваке","index":101,"color_index":9,"name_en":"Vake 101"},"geometry":{"type":"Polygon","coordinates":[[[44.68303,41.70698],[44.69058,41.70698],[44.69058,41.71261],[44.68303,41.71261],[44.68303,41.70698]]]}},{"type":"Feature","properties":{"slug":"vake-102","parent_slug":"vake","parent_name_en":"Vake","parent_name_ka":"ვაკის რაიონი","parent_name_ru":"Ваке","index":102,"color_index":9,"name_en":"Vake 102"},"geometry":{"type":"Polygon","coordinates":[[[44.69058,41.70698],[44.69813,41.70698],[44.69813,41.71261],[44.69058,41.71261],[44.69058,41.70698]]]}},{"type":"Feature","properties":{"slug":"vake-103","parent_slug":"vake","parent_name_en":"Vake","parent_name_ka":"ვაკის რაიონი","parent_name_ru":"Ваке","index":103,"color_index":9,"name_en":"Vake 103"},"geometry":{"type":"Polygon","coordinates":[[[44.69813,41.70698],[44.70568,41.70698],[44.70568,41.71261],[44.69813,41.71261],[44.69813,41.70698]]]}},{"type":"Feature","properties":{"slug":"vake-104","parent_slug":"vake","parent_name_en":"Vake","parent_name_ka":"ვაკის რაიონი","parent_name_ru":"Ваке","index":104,"color_index":9,"name_en":"Vake 104"},"geometry":{"type":"Polygon","coordinates":[[[44.70568,41.70698],[44.71322,41.70698],[44.71322,41.71261],[44.70568,41.71261],[44.70568,41.70698]]]}},{"type":"Feature","properties":{"slug":"vake-105","parent_slug":"vake","parent_name_en":"Vake","parent_name_ka":"ვაკის რაიონი","parent_name_ru":"Ваке","index":105,"color_index":9,"name_en":"Vake 105"},"geometry":{"type":"Polygon","coordinates":[[[44.71322,41.70698],[44.72077,41.70698],[44.72077,41.71261],[44.71322,41.71261],[44.71322,41.70698]]]}},{"type":"Feature","properties":{"slug":"vake-106","parent_slug":"vake","parent_name_en":"Vake","parent_name_ka":"ვაკის რაიონი","parent_name_ru":"Ваке","index":106,"color_index":9,"name_en":"Vake 106"},"geometry":{"type":"Polygon","coordinates":[[[44.72077,41.70698],[44.72832,41.70698],[44.72832,41.71261],[44.72077,41.71261],[44.72077,41.70698]]]}},{"type":"Feature","properties":{"slug":"vake-107","parent_slug":"vake","parent_name_en":"Vake","parent_name_ka":"ვაკის რაიონი","parent_name_ru":"Ваке","index":107,"color_index":9,"name_en":"Vake 107"},"geometry":{"type":"Polygon","coordinates":[[[44.72832,41.70698],[44.73587,41.70698],[44.73587,41.71261],[44.72832,41.71261],[44.72832,41.70698]]]}},{"type":"Feature","properties":{"slug":"vake-108","parent_slug":"vake","parent_name_en":"Vake","parent_name_ka":"ვაკის რაიონი","parent_name_ru":"Ваке","index":108,"color_index":9,"name_en":"Vake 108"},"geometry":{"type":"Polygon","coordinates":[[[44.73587,41.70698],[44.74342,41.70698],[44.74342,41.71261],[44.73587,41.71261],[44.73587,41.70698]]]}},{"type":"Feature","properties":{"slug":"vake-109","parent_slug":"vake","parent_name_en":"Vake","parent_name_ka":"ვაკის რაიონი","parent_name_ru":"Ваке","index":109,"color_index":9,"name_en":"Vake 109"},"geometry":{"type":"Polygon","coordinates":[[[44.74342,41.70698],[44.75097,41.70698],[44.75097,41.71261],[44.74342,41.71261],[44.74342,41.70698]]]}},{"type":"Feature","properties":{"slug":"vake-11","parent_slug":"vake","parent_name_en":"Vake","parent_name_ka":"ვაკის რაიონი","parent_name_ru":"Ваке","index":11,"color_index":9,"name_en":"Vake 11"},"geometry":{"type":"Polygon","coordinates":[[[44.60755,41.6732],[44.6151,41.6732],[44.6151,41.67883],[44.60755,41.67883],[44.60755,41.6732]]]}},{"type":"Feature","properties":{"slug":"vake-110","parent_slug":"vake","parent_name_en":"Vake","parent_name_ka":"ვაკის რაიონი","parent_name_ru":"Ваке","index":110,"color_index":9,"name_en":"Vake 110"},"geometry":{"type":"Polygon","coordinates":[[[44.75097,41.70698],[44.75851,41.70698],[44.75851,41.71261],[44.75097,41.71261],[44.75097,41.70698]]]}},{"type":"Feature","properties":{"slug":"vake-111","parent_slug":"vake","parent_name_en":"Vake","parent_name_ka":"ვაკის რაიონი","parent_name_ru":"Ваке","index":111,"color_index":9,"name_en":"Vake 111"},"geometry":{"type":"Polygon","coordinates":[[[44.75851,41.70698],[44.76606,41.70698],[44.76606,41.71261],[44.75851,41.71261],[44.75851,41.70698]]]}},{"type":"Feature","properties":{"slug":"vake-112","parent_slug":"vake","parent_name_en":"Vake","parent_name_ka":"ვაკის რაიონი","parent_name_ru":"Ваке","index":112,"color_index":9,"name_en":"Vake 112"},"geometry":{"type":"Polygon","coordinates":[[[44.76606,41.70698],[44.77361,41.70698],[44.77361,41.71261],[44.76606,41.71261],[44.76606,41.70698]]]}},{"type":"Feature","properties":{"slug":"vake-113","parent_slug":"vake","parent_name_en":"Vake","parent_name_ka":"ვაკის რაიონი","parent_name_ru":"Ваке","index":113,"color_index":9,"name_en":"Vake 113"},"geometry":{"type":"Polygon","coordinates":[[[44.77361,41.70698],[44.78116,41.70698],[44.78116,41.71261],[44.77361,41.71261],[44.77361,41.70698]]]}},{"type":"Feature","properties":{"slug":"vake-114","parent_slug":"vake","parent_name_en":"Vake","parent_name_ka":"ვაკის რაიონი","parent_name_ru":"Ваке","index":114,"color_index":9,"name_en":"Vake 114"},"geometry":{"type":"Polygon","coordinates":[[[44.69058,41.71261],[44.69813,41.71261],[44.69813,41.71824],[44.69058,41.71824],[44.69058,41.71261]]]}},{"type":"Feature","properties":{"slug":"vake-115","parent_slug":"vake","parent_name_en":"Vake","parent_name_ka":"ვაკის რაიონი","parent_name_ru":"Ваке","index":115,"color_index":9,"name_en":"Vake 115"},"geometry":{"type":"Polygon","coordinates":[[[44.69813,41.71261],[44.70568,41.71261],[44.70568,41.71824],[44.69813,41.71824],[44.69813,41.71261]]]}},{"type":"Feature","properties":{"slug":"vake-116","parent_slug":"vake","parent_name_en":"Vake","parent_name_ka":"ვაკის რაიონი","parent_name_ru":"Ваке","index":116,"color_index":9,"name_en":"Vake 116"},"geometry":{"type":"Polygon","coordinates":[[[44.70568,41.71261],[44.71322,41.71261],[44.71322,41.71824],[44.70568,41.71824],[44.70568,41.71261]]]}},{"type":"Feature","properties":{"slug":"vake-117","parent_slug":"vake","parent_name_en":"Vake","parent_name_ka":"ვაკის რაიონი","parent_name_ru":"Ваке","index":117,"color_index":9,"name_en":"Vake 117"},"geometry":{"type":"Polygon","coordinates":[[[44.71322,41.71261],[44.72077,41.71261],[44.72077,41.71824],[44.71322,41.71824],[44.71322,41.71261]]]}},{"type":"Feature","properties":{"slug":"vake-118","parent_slug":"vake","parent_name_en":"Vake","parent_name_ka":"ვაკის რაიონი","parent_name_ru":"Ваке","index":118,"color_index":9,"name_en":"Vake 118"},"geometry":{"type":"Polygon","coordinates":[[[44.72077,41.71261],[44.72832,41.71261],[44.72832,41.71824],[44.72077,41.71824],[44.72077,41.71261]]]}},{"type":"Feature","properties":{"slug":"vake-119","parent_slug":"vake","parent_name_en":"Vake","parent_name_ka":"ვაკის რაიონი","parent_name_ru":"Ваке","index":119,"color_index":9,"name_en":"Vake 119"},"geometry":{"type":"Polygon","coordinates":[[[44.72832,41.71261],[44.73587,41.71261],[44.73587,41.71824],[44.72832,41.71824],[44.72832,41.71261]]]}},{"type":"Feature","properties":{"slug":"vake-12","parent_slug":"vake","parent_name_en":"Vake","parent_name_ka":"ვაკის რაიონი","parent_name_ru":"Ваке","index":12,"color_index":9,"name_en":"Vake 12"},"geometry":{"type":"Polygon","coordinates":[[[44.6151,41.6732],[44.62264,41.6732],[44.62264,41.67883],[44.6151,41.67883],[44.6151,41.6732]]]}},{"type":"Feature","properties":{"slug":"vake-120","parent_slug":"vake","parent_name_en":"Vake","parent_name_ka":"ვაკის რაიონი","parent_name_ru":"Ваке","index":120,"color_index":9,"name_en":"Vake 120"},"geometry":{"type":"Polygon","coordinates":[[[44.73587,41.71261],[44.74342,41.71261],[44.74342,41.71824],[44.73587,41.71824],[44.73587,41.71261]]]}},{"type":"Feature","properties":{"slug":"vake-121","parent_slug":"vake","parent_name_en":"Vake","parent_name_ka":"ვაკის რაიონი","parent_name_ru":"Ваке","index":121,"color_index":9,"name_en":"Vake 121"},"geometry":{"type":"Polygon","coordinates":[[[44.74342,41.71261],[44.75097,41.71261],[44.75097,41.71824],[44.74342,41.71824],[44.74342,41.71261]]]}},{"type":"Feature","properties":{"slug":"vake-122","parent_slug":"vake","parent_name_en":"Vake","parent_name_ka":"ვაკის რაიონი","parent_name_ru":"Ваке","index":122,"color_index":9,"name_en":"Vake 122"},"geometry":{"type":"Polygon","coordinates":[[[44.75097,41.71261],[44.75851,41.71261],[44.75851,41.71824],[44.75097,41.71824],[44.75097,41.71261]]]}},{"type":"Feature","properties":{"slug":"vake-123","parent_slug":"vake","parent_name_en":"Vake","parent_name_ka":"ვაკის რაიონი","parent_name_ru":"Ваке","index":123,"color_index":9,"name_en":"Vake 123"},"geometry":{"type":"Polygon","coordinates":[[[44.69813,41.71824],[44.70568,41.71824],[44.70568,41.72387],[44.69813,41.72387],[44.69813,41.71824]]]}},{"type":"Feature","properties":{"slug":"vake-124","parent_slug":"vake","parent_name_en":"Vake","parent_name_ka":"ვაკის რაიონი","parent_name_ru":"Ваке","index":124,"color_index":9,"name_en":"Vake 124"},"geometry":{"type":"Polygon","coordinates":[[[44.70568,41.71824],[44.71322,41.71824],[44.71322,41.72387],[44.70568,41.72387],[44.70568,41.71824]]]}},{"type":"Feature","properties":{"slug":"vake-125","parent_slug":"vake","parent_name_en":"Vake","parent_name_ka":"ვაკის რაიონი","parent_name_ru":"Ваке","index":125,"color_index":9,"name_en":"Vake 125"},"geometry":{"type":"Polygon","coordinates":[[[44.71322,41.71824],[44.72077,41.71824],[44.72077,41.72387],[44.71322,41.72387],[44.71322,41.71824]]]}},{"type":"Feature","properties":{"slug":"vake-126","parent_slug":"vake","parent_name_en":"Vake","parent_name_ka":"ვაკის რაიონი","parent_name_ru":"Ваке","index":126,"color_index":9,"name_en":"Vake 126"},"geometry":{"type":"Polygon","coordinates":[[[44.72077,41.71824],[44.72832,41.71824],[44.72832,41.72387],[44.72077,41.72387],[44.72077,41.71824]]]}},{"type":"Feature","properties":{"slug":"vake-127","parent_slug":"vake","parent_name_en":"Vake","parent_name_ka":"ვაკის რაიონი","parent_name_ru":"Ваке","index":127,"color_index":9,"name_en":"Vake 127"},"geometry":{"type":"Polygon","coordinates":[[[44.72832,41.71824],[44.73587,41.71824],[44.73587,41.72387],[44.72832,41.72387],[44.72832,41.71824]]]}},{"type":"Feature","properties":{"slug":"vake-128","parent_slug":"vake","parent_name_en":"Vake","parent_name_ka":"ვაკის რაიონი","parent_name_ru":"Ваке","index":128,"color_index":9,"name_en":"Vake 128"},"geometry":{"type":"Polygon","coordinates":[[[44.73587,41.71824],[44.74342,41.71824],[44.74342,41.72387],[44.73587,41.72387],[44.73587,41.71824]]]}},{"type":"Feature","properties":{"slug":"vake-129","parent_slug":"vake","parent_name_en":"Vake","parent_name_ka":"ვაკის რაიონი","parent_name_ru":"Ваке","index":129,"color_index":9,"name_en":"Vake 129"},"geometry":{"type":"Polygon","coordinates":[[[44.69058,41.72387],[44.69813,41.72387],[44.69813,41.7295],[44.69058,41.7295],[44.69058,41.72387]]]}},{"type":"Feature","properties":{"slug":"vake-13","parent_slug":"vake","parent_name_en":"Vake","parent_name_ka":"ვაკის რაიონი","parent_name_ru":"Ваке","index":13,"color_index":9,"name_en":"Vake 13"},"geometry":{"type":"Polygon","coordinates":[[[44.62264,41.6732],[44.63019,41.6732],[44.63019,41.67883],[44.62264,41.67883],[44.62264,41.6732]]]}},{"type":"Feature","properties":{"slug":"vake-130","parent_slug":"vake","parent_name_en":"Vake","parent_name_ka":"ვაკის რაიონი","parent_name_ru":"Ваке","index":130,"color_index":9,"name_en":"Vake 130"},"geometry":{"type":"Polygon","coordinates":[[[44.69813,41.72387],[44.70568,41.72387],[44.70568,41.7295],[44.69813,41.7295],[44.69813,41.72387]]]}},{"type":"Feature","properties":{"slug":"vake-131","parent_slug":"vake","parent_name_en":"Vake","parent_name_ka":"ვაკის რაიონი","parent_name_ru":"Ваке","index":131,"color_index":9,"name_en":"Vake 131"},"geometry":{"type":"Polygon","coordinates":[[[44.70568,41.72387],[44.71322,41.72387],[44.71322,41.7295],[44.70568,41.7295],[44.70568,41.72387]]]}},{"type":"Feature","properties":{"slug":"vake-132","parent_slug":"vake","parent_name_en":"Vake","parent_name_ka":"ვაკის რაიონი","parent_name_ru":"Ваке","index":132,"color_index":9,"name_en":"Vake 132"},"geometry":{"type":"Polygon","coordinates":[[[44.71322,41.72387],[44.72077,41.72387],[44.72077,41.7295],[44.71322,41.7295],[44.71322,41.72387]]]}},{"type":"Feature","properties":{"slug":"vake-133","parent_slug":"vake","parent_name_en":"Vake","parent_name_ka":"ვაკის რაიონი","parent_name_ru":"Ваке","index":133,"color_index":9,"name_en":"Vake 133"},"geometry":{"type":"Polygon","coordinates":[[[44.72077,41.72387],[44.72832,41.72387],[44.72832,41.7295],[44.72077,41.7295],[44.72077,41.72387]]]}},{"type":"Feature","properties":{"slug":"vake-134","parent_slug":"vake","parent_name_en":"Vake","parent_name_ka":"ვაკის რაიონი","parent_name_ru":"Ваке","index":134,"color_index":9,"name_en":"Vake 134"},"geometry":{"type":"Polygon","coordinates":[[[44.72832,41.72387],[44.73587,41.72387],[44.73587,41.7295],[44.72832,41.7295],[44.72832,41.72387]]]}},{"type":"Feature","properties":{"slug":"vake-135","parent_slug":"vake","parent_name_en":"Vake","parent_name_ka":"ვაკის რაიონი","parent_name_ru":"Ваке","index":135,"color_index":9,"name_en":"Vake 135"},"geometry":{"type":"Polygon","coordinates":[[[44.73587,41.72387],[44.74342,41.72387],[44.74342,41.7295],[44.73587,41.7295],[44.73587,41.72387]]]}},{"type":"Feature","properties":{"slug":"vake-136","parent_slug":"vake","parent_name_en":"Vake","parent_name_ka":"ვაკის რაიონი","parent_name_ru":"Ваке","index":136,"color_index":9,"name_en":"Vake 136"},"geometry":{"type":"Polygon","coordinates":[[[44.68303,41.7295],[44.69058,41.7295],[44.69058,41.73514],[44.68303,41.73514],[44.68303,41.7295]]]}},{"type":"Feature","properties":{"slug":"vake-137","parent_slug":"vake","parent_name_en":"Vake","parent_name_ka":"ვაკის რაიონი","parent_name_ru":"Ваке","index":137,"color_index":9,"name_en":"Vake 137"},"geometry":{"type":"Polygon","coordinates":[[[44.69058,41.7295],[44.69813,41.7295],[44.69813,41.73514],[44.69058,41.73514],[44.69058,41.7295]]]}},{"type":"Feature","properties":{"slug":"vake-138","parent_slug":"vake","parent_name_en":"Vake","parent_name_ka":"ვაკის რაიონი","parent_name_ru":"Ваке","index":138,"color_index":9,"name_en":"Vake 138"},"geometry":{"type":"Polygon","coordinates":[[[44.69813,41.7295],[44.70568,41.7295],[44.70568,41.73514],[44.69813,41.73514],[44.69813,41.7295]]]}},{"type":"Feature","properties":{"slug":"vake-139","parent_slug":"vake","parent_name_en":"Vake","parent_name_ka":"ვაკის რაიონი","parent_name_ru":"Ваке","index":139,"color_index":9,"name_en":"Vake 139"},"geometry":{"type":"Polygon","coordinates":[[[44.70568,41.7295],[44.71322,41.7295],[44.71322,41.73514],[44.70568,41.73514],[44.70568,41.7295]]]}},{"type":"Feature","properties":{"slug":"vake-14","parent_slug":"vake","parent_name_en":"Vake","parent_name_ka":"ვაკის რაიონი","parent_name_ru":"Ваке","index":14,"color_index":9,"name_en":"Vake 14"},"geometry":{"type":"Polygon","coordinates":[[[44.63019,41.6732],[44.63774,41.6732],[44.63774,41.67883],[44.63019,41.67883],[44.63019,41.6732]]]}},{"type":"Feature","properties":{"slug":"vake-140","parent_slug":"vake","parent_name_en":"Vake","parent_name_ka":"ვაკის რაიონი","parent_name_ru":"Ваке","index":140,"color_index":9,"name_en":"Vake 140"},"geometry":{"type":"Polygon","coordinates":[[[44.71322,41.7295],[44.72077,41.7295],[44.72077,41.73514],[44.71322,41.73514],[44.71322,41.7295]]]}},{"type":"Feature","properties":{"slug":"vake-141","parent_slug":"vake","parent_name_en":"Vake","parent_name_ka":"ვაკის რაიონი","parent_name_ru":"Ваке","index":141,"color_index":9,"name_en":"Vake 141"},"geometry":{"type":"Polygon","coordinates":[[[44.72077,41.7295],[44.72832,41.7295],[44.72832,41.73514],[44.72077,41.73514],[44.72077,41.7295]]]}},{"type":"Feature","properties":{"slug":"vake-142","parent_slug":"vake","parent_name_en":"Vake","parent_name_ka":"ვაკის რაიონი","parent_name_ru":"Ваке","index":142,"color_index":9,"name_en":"Vake 142"},"geometry":{"type":"Polygon","coordinates":[[[44.72832,41.7295],[44.73587,41.7295],[44.73587,41.73514],[44.72832,41.73514],[44.72832,41.7295]]]}},{"type":"Feature","properties":{"slug":"vake-143","parent_slug":"vake","parent_name_en":"Vake","parent_name_ka":"ვაკის რაიონი","parent_name_ru":"Ваке","index":143,"color_index":9,"name_en":"Vake 143"},"geometry":{"type":"Polygon","coordinates":[[[44.68303,41.73514],[44.69058,41.73514],[44.69058,41.74077],[44.68303,41.74077],[44.68303,41.73514]]]}},{"type":"Feature","properties":{"slug":"vake-144","parent_slug":"vake","parent_name_en":"Vake","parent_name_ka":"ვაკის რაიონი","parent_name_ru":"Ваке","index":144,"color_index":9,"name_en":"Vake 144"},"geometry":{"type":"Polygon","coordinates":[[[44.69058,41.73514],[44.69813,41.73514],[44.69813,41.74077],[44.69058,41.74077],[44.69058,41.73514]]]}},{"type":"Feature","properties":{"slug":"vake-145","parent_slug":"vake","parent_name_en":"Vake","parent_name_ka":"ვაკის რაიონი","parent_name_ru":"Ваке","index":145,"color_index":9,"name_en":"Vake 145"},"geometry":{"type":"Polygon","coordinates":[[[44.69813,41.73514],[44.70568,41.73514],[44.70568,41.74077],[44.69813,41.74077],[44.69813,41.73514]]]}},{"type":"Feature","properties":{"slug":"vake-146","parent_slug":"vake","parent_name_en":"Vake","parent_name_ka":"ვაკის რაიონი","parent_name_ru":"Ваке","index":146,"color_index":9,"name_en":"Vake 146"},"geometry":{"type":"Polygon","coordinates":[[[44.70568,41.73514],[44.71322,41.73514],[44.71322,41.74077],[44.70568,41.74077],[44.70568,41.73514]]]}},{"type":"Feature","properties":{"slug":"vake-147","parent_slug":"vake","parent_name_en":"Vake","parent_name_ka":"ვაკის რაიონი","parent_name_ru":"Ваке","index":147,"color_index":9,"name_en":"Vake 147"},"geometry":{"type":"Polygon","coordinates":[[[44.71322,41.73514],[44.72077,41.73514],[44.72077,41.74077],[44.71322,41.74077],[44.71322,41.73514]]]}},{"type":"Feature","properties":{"slug":"vake-148","parent_slug":"vake","parent_name_en":"Vake","parent_name_ka":"ვაკის რაიონი","parent_name_ru":"Ваке","index":148,"color_index":9,"name_en":"Vake 148"},"geometry":{"type":"Polygon","coordinates":[[[44.72077,41.73514],[44.72832,41.73514],[44.72832,41.74077],[44.72077,41.74077],[44.72077,41.73514]]]}},{"type":"Feature","properties":{"slug":"vake-149","parent_slug":"vake","parent_name_en":"Vake","parent_name_ka":"ვაკის რაიონი","parent_name_ru":"Ваке","index":149,"color_index":9,"name_en":"Vake 149"},"geometry":{"type":"Polygon","coordinates":[[[44.72832,41.73514],[44.73587,41.73514],[44.73587,41.74077],[44.72832,41.74077],[44.72832,41.73514]]]}},{"type":"Feature","properties":{"slug":"vake-15","parent_slug":"vake","parent_name_en":"Vake","parent_name_ka":"ვაკის რაიონი","parent_name_ru":"Ваке","index":15,"color_index":9,"name_en":"Vake 15"},"geometry":{"type":"Polygon","coordinates":[[[44.63774,41.6732],[44.64529,41.6732],[44.64529,41.67883],[44.63774,41.67883],[44.63774,41.6732]]]}},{"type":"Feature","properties":{"slug":"vake-150","parent_slug":"vake","parent_name_en":"Vake","parent_name_ka":"ვაკის რაიონი","parent_name_ru":"Ваке","index":150,"color_index":9,"name_en":"Vake 150"},"geometry":{"type":"Polygon","coordinates":[[[44.73587,41.73514],[44.74342,41.73514],[44.74342,41.74077],[44.73587,41.74077],[44.73587,41.73514]]]}},{"type":"Feature","properties":{"slug":"vake-151","parent_slug":"vake","parent_name_en":"Vake","parent_name_ka":"ვაკის რაიონი","parent_name_ru":"Ваке","index":151,"color_index":9,"name_en":"Vake 151"},"geometry":{"type":"Polygon","coordinates":[[[44.69058,41.74077],[44.69813,41.74077],[44.69813,41.7464],[44.69058,41.7464],[44.69058,41.74077]]]}},{"type":"Feature","properties":{"slug":"vake-152","parent_slug":"vake","parent_name_en":"Vake","parent_name_ka":"ვაკის რაიონი","parent_name_ru":"Ваке","index":152,"color_index":9,"name_en":"Vake 152"},"geometry":{"type":"Polygon","coordinates":[[[44.69813,41.74077],[44.70568,41.74077],[44.70568,41.7464],[44.69813,41.7464],[44.69813,41.74077]]]}},{"type":"Feature","properties":{"slug":"vake-153","parent_slug":"vake","parent_name_en":"Vake","parent_name_ka":"ვაკის რაიონი","parent_name_ru":"Ваке","index":153,"color_index":9,"name_en":"Vake 153"},"geometry":{"type":"Polygon","coordinates":[[[44.70568,41.74077],[44.71322,41.74077],[44.71322,41.7464],[44.70568,41.7464],[44.70568,41.74077]]]}},{"type":"Feature","properties":{"slug":"vake-154","parent_slug":"vake","parent_name_en":"Vake","parent_name_ka":"ვაკის რაიონი","parent_name_ru":"Ваке","index":154,"color_index":9,"name_en":"Vake 154"},"geometry":{"type":"Polygon","coordinates":[[[44.71322,41.74077],[44.72077,41.74077],[44.72077,41.7464],[44.71322,41.7464],[44.71322,41.74077]]]}},{"type":"Feature","properties":{"slug":"vake-155","parent_slug":"vake","parent_name_en":"Vake","parent_name_ka":"ვაკის რაიონი","parent_name_ru":"Ваке","index":155,"color_index":9,"name_en":"Vake 155"},"geometry":{"type":"Polygon","coordinates":[[[44.69813,41.7464],[44.70568,41.7464],[44.70568,41.75203],[44.69813,41.75203],[44.69813,41.7464]]]}},{"type":"Feature","properties":{"slug":"vake-16","parent_slug":"vake","parent_name_en":"Vake","parent_name_ka":"ვაკის რაიონი","parent_name_ru":"Ваке","index":16,"color_index":9,"name_en":"Vake 16"},"geometry":{"type":"Polygon","coordinates":[[[44.64529,41.6732],[44.65284,41.6732],[44.65284,41.67883],[44.64529,41.67883],[44.64529,41.6732]]]}},{"type":"Feature","properties":{"slug":"vake-17","parent_slug":"vake","parent_name_en":"Vake","parent_name_ka":"ვაკის რაიონი","parent_name_ru":"Ваке","index":17,"color_index":9,"name_en":"Vake 17"},"geometry":{"type":"Polygon","coordinates":[[[44.65284,41.6732],[44.66039,41.6732],[44.66039,41.67883],[44.65284,41.67883],[44.65284,41.6732]]]}},{"type":"Feature","properties":{"slug":"vake-18","parent_slug":"vake","parent_name_en":"Vake","parent_name_ka":"ვაკის რაიონი","parent_name_ru":"Ваке","index":18,"color_index":9,"name_en":"Vake 18"},"geometry":{"type":"Polygon","coordinates":[[[44.66039,41.6732],[44.66793,41.6732],[44.66793,41.67883],[44.66039,41.67883],[44.66039,41.6732]]]}},{"type":"Feature","properties":{"slug":"vake-19","parent_slug":"vake","parent_name_en":"Vake","parent_name_ka":"ვაკის რაიონი","parent_name_ru":"Ваке","index":19,"color_index":9,"name_en":"Vake 19"},"geometry":{"type":"Polygon","coordinates":[[[44.66793,41.6732],[44.67548,41.6732],[44.67548,41.67883],[44.66793,41.67883],[44.66793,41.6732]]]}},{"type":"Feature","properties":{"slug":"vake-2","parent_slug":"vake","parent_name_en":"Vake","parent_name_ka":"ვაკის რაიონი","parent_name_ru":"Ваке","index":2,"color_index":9,"name_en":"Vake 2"},"geometry":{"type":"Polygon","coordinates":[[[44.6151,41.66194],[44.62264,41.66194],[44.62264,41.66757],[44.6151,41.66757],[44.6151,41.66194]]]}},{"type":"Feature","properties":{"slug":"vake-20","parent_slug":"vake","parent_name_en":"Vake","parent_name_ka":"ვაკის რაიონი","parent_name_ru":"Ваке","index":20,"color_index":9,"name_en":"Vake 20"},"geometry":{"type":"Polygon","coordinates":[[[44.67548,41.6732],[44.68303,41.6732],[44.68303,41.67883],[44.67548,41.67883],[44.67548,41.6732]]]}},{"type":"Feature","properties":{"slug":"vake-21","parent_slug":"vake","parent_name_en":"Vake","parent_name_ka":"ვაკის რაიონი","parent_name_ru":"Ваке","index":21,"color_index":9,"name_en":"Vake 21"},"geometry":{"type":"Polygon","coordinates":[[[44.68303,41.6732],[44.69058,41.6732],[44.69058,41.67883],[44.68303,41.67883],[44.68303,41.6732]]]}},{"type":"Feature","properties":{"slug":"vake-22","parent_slug":"vake","parent_name_en":"Vake","parent_name_ka":"ვაკის რაიონი","parent_name_ru":"Ваке","index":22,"color_index":9,"name_en":"Vake 22"},"geometry":{"type":"Polygon","coordinates":[[[44.69058,41.6732],[44.69813,41.6732],[44.69813,41.67883],[44.69058,41.67883],[44.69058,41.6732]]]}},{"type":"Feature","properties":{"slug":"vake-23","parent_slug":"vake","parent_name_en":"Vake","parent_name_ka":"ვაკის რაიონი","parent_name_ru":"Ваке","index":23,"color_index":9,"name_en":"Vake 23"},"geometry":{"type":"Polygon","coordinates":[[[44.6,41.67883],[44.60755,41.67883],[44.60755,41.68446],[44.6,41.68446],[44.6,41.67883]]]}},{"type":"Feature","properties":{"slug":"vake-24","parent_slug":"vake","parent_name_en":"Vake","parent_name_ka":"ვაკის რაიონი","parent_name_ru":"Ваке","index":24,"color_index":9,"name_en":"Vake 24"},"geometry":{"type":"Polygon","coordinates":[[[44.60755,41.67883],[44.6151,41.67883],[44.6151,41.68446],[44.60755,41.68446],[44.60755,41.67883]]]}},{"type":"Feature","properties":{"slug":"vake-25","parent_slug":"vake","parent_name_en":"Vake","parent_name_ka":"ვაკის რაიონი","parent_name_ru":"Ваке","index":25,"color_index":9,"name_en":"Vake 25"},"geometry":{"type":"Polygon","coordinates":[[[44.6151,41.67883],[44.62264,41.67883],[44.62264,41.68446],[44.6151,41.68446],[44.6151,41.67883]]]}},{"type":"Feature","properties":{"slug":"vake-26","parent_slug":"vake","parent_name_en":"Vake","parent_name_ka":"ვაკის რაიონი","parent_name_ru":"Ваке","index":26,"color_index":9,"name_en":"Vake 26"},"geometry":{"type":"Polygon","coordinates":[[[44.62264,41.67883],[44.63019,41.67883],[44.63019,41.68446],[44.62264,41.68446],[44.62264,41.67883]]]}},{"type":"Feature","properties":{"slug":"vake-27","parent_slug":"vake","parent_name_en":"Vake","parent_name_ka":"ვაკის რაიონი","parent_name_ru":"Ваке","index":27,"color_index":9,"name_en":"Vake 27"},"geometry":{"type":"Polygon","coordinates":[[[44.63019,41.67883],[44.63774,41.67883],[44.63774,41.68446],[44.63019,41.68446],[44.63019,41.67883]]]}},{"type":"Feature","properties":{"slug":"vake-28","parent_slug":"vake","parent_name_en":"Vake","parent_name_ka":"ვაკის რაიონი","parent_name_ru":"Ваке","index":28,"color_index":9,"name_en":"Vake 28"},"geometry":{"type":"Polygon","coordinates":[[[44.63774,41.67883],[44.64529,41.67883],[44.64529,41.68446],[44.63774,41.68446],[44.63774,41.67883]]]}},{"type":"Feature","properties":{"slug":"vake-29","parent_slug":"vake","parent_name_en":"Vake","parent_name_ka":"ვაკის რაიონი","parent_name_ru":"Ваке","index":29,"color_index":9,"name_en":"Vake 29"},"geometry":{"type":"Polygon","coordinates":[[[44.64529,41.67883],[44.65284,41.67883],[44.65284,41.68446],[44.64529,41.68446],[44.64529,41.67883]]]}},{"type":"Feature","properties":{"slug":"vake-3","parent_slug":"vake","parent_name_en":"Vake","parent_name_ka":"ვაკის რაიონი","parent_name_ru":"Ваке","index":3,"color_index":9,"name_en":"Vake 3"},"geometry":{"type":"Polygon","coordinates":[[[44.62264,41.66194],[44.63019,41.66194],[44.63019,41.66757],[44.62264,41.66757],[44.62264,41.66194]]]}},{"type":"Feature","properties":{"slug":"vake-30","parent_slug":"vake","parent_name_en":"Vake","parent_name_ka":"ვაკის რაიონი","parent_name_ru":"Ваке","index":30,"color_index":9,"name_en":"Vake 30"},"geometry":{"type":"Polygon","coordinates":[[[44.65284,41.67883],[44.66039,41.67883],[44.66039,41.68446],[44.65284,41.68446],[44.65284,41.67883]]]}},{"type":"Feature","properties":{"slug":"vake-31","parent_slug":"vake","parent_name_en":"Vake","parent_name_ka":"ვაკის რაიონი","parent_name_ru":"Ваке","index":31,"color_index":9,"name_en":"Vake 31"},"geometry":{"type":"Polygon","coordinates":[[[44.66039,41.67883],[44.66793,41.67883],[44.66793,41.68446],[44.66039,41.68446],[44.66039,41.67883]]]}},{"type":"Feature","properties":{"slug":"vake-32","parent_slug":"vake","parent_name_en":"Vake","parent_name_ka":"ვაკის რაიონი","parent_name_ru":"Ваке","index":32,"color_index":9,"name_en":"Vake 32"},"geometry":{"type":"Polygon","coordinates":[[[44.66793,41.67883],[44.67548,41.67883],[44.67548,41.68446],[44.66793,41.68446],[44.66793,41.67883]]]}},{"type":"Feature","properties":{"slug":"vake-33","parent_slug":"vake","parent_name_en":"Vake","parent_name_ka":"ვაკის რაიონი","parent_name_ru":"Ваке","index":33,"color_index":9,"name_en":"Vake 33"},"geometry":{"type":"Polygon","coordinates":[[[44.67548,41.67883],[44.68303,41.67883],[44.68303,41.68446],[44.67548,41.68446],[44.67548,41.67883]]]}},{"type":"Feature","properties":{"slug":"vake-34","parent_slug":"vake","parent_name_en":"Vake","parent_name_ka":"ვაკის რაიონი","parent_name_ru":"Ваке","index":34,"color_index":9,"name_en":"Vake 34"},"geometry":{"type":"Polygon","coordinates":[[[44.68303,41.67883],[44.69058,41.67883],[44.69058,41.68446],[44.68303,41.68446],[44.68303,41.67883]]]}},{"type":"Feature","properties":{"slug":"vake-35","parent_slug":"vake","parent_name_en":"Vake","parent_name_ka":"ვაკის რაიონი","parent_name_ru":"Ваке","index":35,"color_index":9,"name_en":"Vake 35"},"geometry":{"type":"Polygon","coordinates":[[[44.69058,41.67883],[44.69813,41.67883],[44.69813,41.68446],[44.69058,41.68446],[44.69058,41.67883]]]}},{"type":"Feature","properties":{"slug":"vake-36","parent_slug":"vake","parent_name_en":"Vake","parent_name_ka":"ვაკის რაიონი","parent_name_ru":"Ваке","index":36,"color_index":9,"name_en":"Vake 36"},"geometry":{"type":"Polygon","coordinates":[[[44.69813,41.67883],[44.70568,41.67883],[44.70568,41.68446],[44.69813,41.68446],[44.69813,41.67883]]]}},{"type":"Feature","properties":{"slug":"vake-37","parent_slug":"vake","parent_name_en":"Vake","parent_name_ka":"ვაკის რაიონი","parent_name_ru":"Ваке","index":37,"color_index":9,"name_en":"Vake 37"},"geometry":{"type":"Polygon","coordinates":[[[44.70568,41.67883],[44.71322,41.67883],[44.71322,41.68446],[44.70568,41.68446],[44.70568,41.67883]]]}},{"type":"Feature","properties":{"slug":"vake-38","parent_slug":"vake","parent_name_en":"Vake","parent_name_ka":"ვაკის რაიონი","parent_name_ru":"Ваке","index":38,"color_index":9,"name_en":"Vake 38"},"geometry":{"type":"Polygon","coordinates":[[[44.6,41.68446],[44.60755,41.68446],[44.60755,41.69009],[44.6,41.69009],[44.6,41.68446]]]}},{"type":"Feature","properties":{"slug":"vake-39","parent_slug":"vake","parent_name_en":"Vake","parent_name_ka":"ვაკის რაიონი","parent_name_ru":"Ваке","index":39,"color_index":9,"name_en":"Vake 39"},"geometry":{"type":"Polygon","coordinates":[[[44.60755,41.68446],[44.6151,41.68446],[44.6151,41.69009],[44.60755,41.69009],[44.60755,41.68446]]]}},{"type":"Feature","properties":{"slug":"vake-4","parent_slug":"vake","parent_name_en":"Vake","parent_name_ka":"ვაკის რაიონი","parent_name_ru":"Ваке","index":4,"color_index":9,"name_en":"Vake 4"},"geometry":{"type":"Polygon","coordinates":[[[44.63019,41.66194],[44.63774,41.66194],[44.63774,41.66757],[44.63019,41.66757],[44.63019,41.66194]]]}},{"type":"Feature","properties":{"slug":"vake-40","parent_slug":"vake","parent_name_en":"Vake","parent_name_ka":"ვაკის რაიონი","parent_name_ru":"Ваке","index":40,"color_index":9,"name_en":"Vake 40"},"geometry":{"type":"Polygon","coordinates":[[[44.6151,41.68446],[44.62264,41.68446],[44.62264,41.69009],[44.6151,41.69009],[44.6151,41.68446]]]}},{"type":"Feature","properties":{"slug":"vake-41","parent_slug":"vake","parent_name_en":"Vake","parent_name_ka":"ვაკის რაიონი","parent_name_ru":"Ваке","index":41,"color_index":9,"name_en":"Vake 41"},"geometry":{"type":"Polygon","coordinates":[[[44.62264,41.68446],[44.63019,41.68446],[44.63019,41.69009],[44.62264,41.69009],[44.62264,41.68446]]]}},{"type":"Feature","properties":{"slug":"vake-42","parent_slug":"vake","parent_name_en":"Vake","parent_name_ka":"ვაკის რაიონი","parent_name_ru":"Ваке","index":42,"color_index":9,"name_en":"Vake 42"},"geometry":{"type":"Polygon","coordinates":[[[44.63019,41.68446],[44.63774,41.68446],[44.63774,41.69009],[44.63019,41.69009],[44.63019,41.68446]]]}},{"type":"Feature","properties":{"slug":"vake-43","parent_slug":"vake","parent_name_en":"Vake","parent_name_ka":"ვაკის რაიონი","parent_name_ru":"Ваке","index":43,"color_index":9,"name_en":"Vake 43"},"geometry":{"type":"Polygon","coordinates":[[[44.63774,41.68446],[44.64529,41.68446],[44.64529,41.69009],[44.63774,41.69009],[44.63774,41.68446]]]}},{"type":"Feature","properties":{"slug":"vake-44","parent_slug":"vake","parent_name_en":"Vake","parent_name_ka":"ვაკის რაიონი","parent_name_ru":"Ваке","index":44,"color_index":9,"name_en":"Vake 44"},"geometry":{"type":"Polygon","coordinates":[[[44.64529,41.68446],[44.65284,41.68446],[44.65284,41.69009],[44.64529,41.69009],[44.64529,41.68446]]]}},{"type":"Feature","properties":{"slug":"vake-45","parent_slug":"vake","parent_name_en":"Vake","parent_name_ka":"ვაკის რაიონი","parent_name_ru":"Ваке","index":45,"color_index":9,"name_en":"Vake 45"},"geometry":{"type":"Polygon","coordinates":[[[44.65284,41.68446],[44.66039,41.68446],[44.66039,41.69009],[44.65284,41.69009],[44.65284,41.68446]]]}},{"type":"Feature","properties":{"slug":"vake-46","parent_slug":"vake","parent_name_en":"Vake","parent_name_ka":"ვაკის რაიონი","parent_name_ru":"Ваке","index":46,"color_index":9,"name_en":"Vake 46"},"geometry":{"type":"Polygon","coordinates":[[[44.66039,41.68446],[44.66793,41.68446],[44.66793,41.69009],[44.66039,41.69009],[44.66039,41.68446]]]}},{"type":"Feature","properties":{"slug":"vake-47","parent_slug":"vake","parent_name_en":"Vake","parent_name_ka":"ვაკის რაიონი","parent_name_ru":"Ваке","index":47,"color_index":9,"name_en":"Vake 47"},"geometry":{"type":"Polygon","coordinates":[[[44.66793,41.68446],[44.67548,41.68446],[44.67548,41.69009],[44.66793,41.69009],[44.66793,41.68446]]]}},{"type":"Feature","properties":{"slug":"vake-48","parent_slug":"vake","parent_name_en":"Vake","parent_name_ka":"ვაკის რაიონი","parent_name_ru":"Ваке","index":48,"color_index":9,"name_en":"Vake 48"},"geometry":{"type":"Polygon","coordinates":[[[44.67548,41.68446],[44.68303,41.68446],[44.68303,41.69009],[44.67548,41.69009],[44.67548,41.68446]]]}},{"type":"Feature","properties":{"slug":"vake-49","parent_slug":"vake","parent_name_en":"Vake","parent_name_ka":"ვაკის რაიონი","parent_name_ru":"Ваке","index":49,"color_index":9,"name_en":"Vake 49"},"geometry":{"type":"Polygon","coordinates":[[[44.68303,41.68446],[44.69058,41.68446],[44.69058,41.69009],[44.68303,41.69009],[44.68303,41.68446]]]}},{"type":"Feature","properties":{"slug":"vake-5","parent_slug":"vake","parent_name_en":"Vake","parent_name_ka":"ვაკის რაიონი","parent_name_ru":"Ваке","index":5,"color_index":9,"name_en":"Vake 5"},"geometry":{"type":"Polygon","coordinates":[[[44.60755,41.66757],[44.6151,41.66757],[44.6151,41.6732],[44.60755,41.6732],[44.60755,41.66757]]]}},{"type":"Feature","properties":{"slug":"vake-50","parent_slug":"vake","parent_name_en":"Vake","parent_name_ka":"ვაკის რაიონი","parent_name_ru":"Ваке","index":50,"color_index":9,"name_en":"Vake 50"},"geometry":{"type":"Polygon","coordinates":[[[44.69058,41.68446],[44.69813,41.68446],[44.69813,41.69009],[44.69058,41.69009],[44.69058,41.68446]]]}},{"type":"Feature","properties":{"slug":"vake-51","parent_slug":"vake","parent_name_en":"Vake","parent_name_ka":"ვაკის რაიონი","parent_name_ru":"Ваке","index":51,"color_index":9,"name_en":"Vake 51"},"geometry":{"type":"Polygon","coordinates":[[[44.69813,41.68446],[44.70568,41.68446],[44.70568,41.69009],[44.69813,41.69009],[44.69813,41.68446]]]}},{"type":"Feature","properties":{"slug":"vake-52","parent_slug":"vake","parent_name_en":"Vake","parent_name_ka":"ვაკის რაიონი","parent_name_ru":"Ваке","index":52,"color_index":9,"name_en":"Vake 52"},"geometry":{"type":"Polygon","coordinates":[[[44.70568,41.68446],[44.71322,41.68446],[44.71322,41.69009],[44.70568,41.69009],[44.70568,41.68446]]]}},{"type":"Feature","properties":{"slug":"vake-53","parent_slug":"vake","parent_name_en":"Vake","parent_name_ka":"ვაკის რაიონი","parent_name_ru":"Ваке","index":53,"color_index":9,"name_en":"Vake 53"},"geometry":{"type":"Polygon","coordinates":[[[44.71322,41.68446],[44.72077,41.68446],[44.72077,41.69009],[44.71322,41.69009],[44.71322,41.68446]]]}},{"type":"Feature","properties":{"slug":"vake-54","parent_slug":"vake","parent_name_en":"Vake","parent_name_ka":"ვაკის რაიონი","parent_name_ru":"Ваке","index":54,"color_index":9,"name_en":"Vake 54"},"geometry":{"type":"Polygon","coordinates":[[[44.72077,41.68446],[44.72832,41.68446],[44.72832,41.69009],[44.72077,41.69009],[44.72077,41.68446]]]}},{"type":"Feature","properties":{"slug":"vake-55","parent_slug":"vake","parent_name_en":"Vake","parent_name_ka":"ვაკის რაიონი","parent_name_ru":"Ваке","index":55,"color_index":9,"name_en":"Vake 55"},"geometry":{"type":"Polygon","coordinates":[[[44.72832,41.68446],[44.73587,41.68446],[44.73587,41.69009],[44.72832,41.69009],[44.72832,41.68446]]]}},{"type":"Feature","properties":{"slug":"vake-56","parent_slug":"vake","parent_name_en":"Vake","parent_name_ka":"ვაკის რაიონი","parent_name_ru":"Ваке","index":56,"color_index":9,"name_en":"Vake 56"},"geometry":{"type":"Polygon","coordinates":[[[44.60755,41.69009],[44.6151,41.69009],[44.6151,41.69572],[44.60755,41.69572],[44.60755,41.69009]]]}},{"type":"Feature","properties":{"slug":"vake-57","parent_slug":"vake","parent_name_en":"Vake","parent_name_ka":"ვაკის რაიონი","parent_name_ru":"Ваке","index":57,"color_index":9,"name_en":"Vake 57"},"geometry":{"type":"Polygon","coordinates":[[[44.6151,41.69009],[44.62264,41.69009],[44.62264,41.69572],[44.6151,41.69572],[44.6151,41.69009]]]}},{"type":"Feature","properties":{"slug":"vake-58","parent_slug":"vake","parent_name_en":"Vake","parent_name_ka":"ვაკის რაიონი","parent_name_ru":"Ваке","index":58,"color_index":9,"name_en":"Vake 58"},"geometry":{"type":"Polygon","coordinates":[[[44.62264,41.69009],[44.63019,41.69009],[44.63019,41.69572],[44.62264,41.69572],[44.62264,41.69009]]]}},{"type":"Feature","properties":{"slug":"vake-59","parent_slug":"vake","parent_name_en":"Vake","parent_name_ka":"ვაკის რაიონი","parent_name_ru":"Ваке","index":59,"color_index":9,"name_en":"Vake 59"},"geometry":{"type":"Polygon","coordinates":[[[44.63019,41.69009],[44.63774,41.69009],[44.63774,41.69572],[44.63019,41.69572],[44.63019,41.69009]]]}},{"type":"Feature","properties":{"slug":"vake-6","parent_slug":"vake","parent_name_en":"Vake","parent_name_ka":"ვაკის რაიონი","parent_name_ru":"Ваке","index":6,"color_index":9,"name_en":"Vake 6"},"geometry":{"type":"Polygon","coordinates":[[[44.6151,41.66757],[44.62264,41.66757],[44.62264,41.6732],[44.6151,41.6732],[44.6151,41.66757]]]}},{"type":"Feature","properties":{"slug":"vake-60","parent_slug":"vake","parent_name_en":"Vake","parent_name_ka":"ვაკის რაიონი","parent_name_ru":"Ваке","index":60,"color_index":9,"name_en":"Vake 60"},"geometry":{"type":"Polygon","coordinates":[[[44.64529,41.69009],[44.65284,41.69009],[44.65284,41.69572],[44.64529,41.69572],[44.64529,41.69009]]]}},{"type":"Feature","properties":{"slug":"vake-61","parent_slug":"vake","parent_name_en":"Vake","parent_name_ka":"ვაკის რაიონი","parent_name_ru":"Ваке","index":61,"color_index":9,"name_en":"Vake 61"},"geometry":{"type":"Polygon","coordinates":[[[44.65284,41.69009],[44.66039,41.69009],[44.66039,41.69572],[44.65284,41.69572],[44.65284,41.69009]]]}},{"type":"Feature","properties":{"slug":"vake-62","parent_slug":"vake","parent_name_en":"Vake","parent_name_ka":"ვაკის რაიონი","parent_name_ru":"Ваке","index":62,"color_index":9,"name_en":"Vake 62"},"geometry":{"type":"Polygon","coordinates":[[[44.66039,41.69009],[44.66793,41.69009],[44.66793,41.69572],[44.66039,41.69572],[44.66039,41.69009]]]}},{"type":"Feature","properties":{"slug":"vake-63","parent_slug":"vake","parent_name_en":"Vake","parent_name_ka":"ვაკის რაიონი","parent_name_ru":"Ваке","index":63,"color_index":9,"name_en":"Vake 63"},"geometry":{"type":"Polygon","coordinates":[[[44.66793,41.69009],[44.67548,41.69009],[44.67548,41.69572],[44.66793,41.69572],[44.66793,41.69009]]]}},{"type":"Feature","properties":{"slug":"vake-64","parent_slug":"vake","parent_name_en":"Vake","parent_name_ka":"ვაკის რაიონი","parent_name_ru":"Ваке","index":64,"color_index":9,"name_en":"Vake 64"},"geometry":{"type":"Polygon","coordinates":[[[44.67548,41.69009],[44.68303,41.69009],[44.68303,41.69572],[44.67548,41.69572],[44.67548,41.69009]]]}},{"type":"Feature","properties":{"slug":"vake-65","parent_slug":"vake","parent_name_en":"Vake","parent_name_ka":"ვაკის რაიონი","parent_name_ru":"Ваке","index":65,"color_index":9,"name_en":"Vake 65"},"geometry":{"type":"Polygon","coordinates":[[[44.68303,41.69009],[44.69058,41.69009],[44.69058,41.69572],[44.68303,41.69572],[44.68303,41.69009]]]}},{"type":"Feature","properties":{"slug":"vake-66","parent_slug":"vake","parent_name_en":"Vake","parent_name_ka":"ვაკის რაიონი","parent_name_ru":"Ваке","index":66,"color_index":9,"name_en":"Vake 66"},"geometry":{"type":"Polygon","coordinates":[[[44.69058,41.69009],[44.69813,41.69009],[44.69813,41.69572],[44.69058,41.69572],[44.69058,41.69009]]]}},{"type":"Feature","properties":{"slug":"vake-67","parent_slug":"vake","parent_name_en":"Vake","parent_name_ka":"ვაკის რაიონი","parent_name_ru":"Ваке","index":67,"color_index":9,"name_en":"Vake 67"},"geometry":{"type":"Polygon","coordinates":[[[44.69813,41.69009],[44.70568,41.69009],[44.70568,41.69572],[44.69813,41.69572],[44.69813,41.69009]]]}},{"type":"Feature","properties":{"slug":"vake-68","parent_slug":"vake","parent_name_en":"Vake","parent_name_ka":"ვაკის რაიონი","parent_name_ru":"Ваке","index":68,"color_index":9,"name_en":"Vake 68"},"geometry":{"type":"Polygon","coordinates":[[[44.70568,41.69009],[44.71322,41.69009],[44.71322,41.69572],[44.70568,41.69572],[44.70568,41.69009]]]}},{"type":"Feature","properties":{"slug":"vake-69","parent_slug":"vake","parent_name_en":"Vake","parent_name_ka":"ვაკის რაიონი","parent_name_ru":"Ваке","index":69,"color_index":9,"name_en":"Vake 69"},"geometry":{"type":"Polygon","coordinates":[[[44.71322,41.69009],[44.72077,41.69009],[44.72077,41.69572],[44.71322,41.69572],[44.71322,41.69009]]]}},{"type":"Feature","properties":{"slug":"vake-7","parent_slug":"vake","parent_name_en":"Vake","parent_name_ka":"ვაკის რაიონი","parent_name_ru":"Ваке","index":7,"color_index":9,"name_en":"Vake 7"},"geometry":{"type":"Polygon","coordinates":[[[44.62264,41.66757],[44.63019,41.66757],[44.63019,41.6732],[44.62264,41.6732],[44.62264,41.66757]]]}},{"type":"Feature","properties":{"slug":"vake-70","parent_slug":"vake","parent_name_en":"Vake","parent_name_ka":"ვაკის რაიონი","parent_name_ru":"Ваке","index":70,"color_index":9,"name_en":"Vake 70"},"geometry":{"type":"Polygon","coordinates":[[[44.72077,41.69009],[44.72832,41.69009],[44.72832,41.69572],[44.72077,41.69572],[44.72077,41.69009]]]}},{"type":"Feature","properties":{"slug":"vake-71","parent_slug":"vake","parent_name_en":"Vake","parent_name_ka":"ვაკის რაიონი","parent_name_ru":"Ваке","index":71,"color_index":9,"name_en":"Vake 71"},"geometry":{"type":"Polygon","coordinates":[[[44.72832,41.69009],[44.73587,41.69009],[44.73587,41.69572],[44.72832,41.69572],[44.72832,41.69009]]]}},{"type":"Feature","properties":{"slug":"vake-72","parent_slug":"vake","parent_name_en":"Vake","parent_name_ka":"ვაკის რაიონი","parent_name_ru":"Ваке","index":72,"color_index":9,"name_en":"Vake 72"},"geometry":{"type":"Polygon","coordinates":[[[44.73587,41.69009],[44.74342,41.69009],[44.74342,41.69572],[44.73587,41.69572],[44.73587,41.69009]]]}},{"type":"Feature","properties":{"slug":"vake-73","parent_slug":"vake","parent_name_en":"Vake","parent_name_ka":"ვაკის რაიონი","parent_name_ru":"Ваке","index":73,"color_index":9,"name_en":"Vake 73"},"geometry":{"type":"Polygon","coordinates":[[[44.66039,41.69572],[44.66793,41.69572],[44.66793,41.70135],[44.66039,41.70135],[44.66039,41.69572]]]}},{"type":"Feature","properties":{"slug":"vake-74","parent_slug":"vake","parent_name_en":"Vake","parent_name_ka":"ვაკის რაიონი","parent_name_ru":"Ваке","index":74,"color_index":9,"name_en":"Vake 74"},"geometry":{"type":"Polygon","coordinates":[[[44.66793,41.69572],[44.67548,41.69572],[44.67548,41.70135],[44.66793,41.70135],[44.66793,41.69572]]]}},{"type":"Feature","properties":{"slug":"vake-75","parent_slug":"vake","parent_name_en":"Vake","parent_name_ka":"ვაკის რაიონი","parent_name_ru":"Ваке","index":75,"color_index":9,"name_en":"Vake 75"},"geometry":{"type":"Polygon","coordinates":[[[44.67548,41.69572],[44.68303,41.69572],[44.68303,41.70135],[44.67548,41.70135],[44.67548,41.69572]]]}},{"type":"Feature","properties":{"slug":"vake-76","parent_slug":"vake","parent_name_en":"Vake","parent_name_ka":"ვაკის რაიონი","parent_name_ru":"Ваке","index":76,"color_index":9,"name_en":"Vake 76"},"geometry":{"type":"Polygon","coordinates":[[[44.68303,41.69572],[44.69058,41.69572],[44.69058,41.70135],[44.68303,41.70135],[44.68303,41.69572]]]}},{"type":"Feature","properties":{"slug":"vake-77","parent_slug":"vake","parent_name_en":"Vake","parent_name_ka":"ვაკის რაიონი","parent_name_ru":"Ваке","index":77,"color_index":9,"name_en":"Vake 77"},"geometry":{"type":"Polygon","coordinates":[[[44.69058,41.69572],[44.69813,41.69572],[44.69813,41.70135],[44.69058,41.70135],[44.69058,41.69572]]]}},{"type":"Feature","properties":{"slug":"vake-78","parent_slug":"vake","parent_name_en":"Vake","parent_name_ka":"ვაკის რაიონი","parent_name_ru":"Ваке","index":78,"color_index":9,"name_en":"Vake 78"},"geometry":{"type":"Polygon","coordinates":[[[44.69813,41.69572],[44.70568,41.69572],[44.70568,41.70135],[44.69813,41.70135],[44.69813,41.69572]]]}},{"type":"Feature","properties":{"slug":"vake-79","parent_slug":"vake","parent_name_en":"Vake","parent_name_ka":"ვაკის რაიონი","parent_name_ru":"Ваке","index":79,"color_index":9,"name_en":"Vake 79"},"geometry":{"type":"Polygon","coordinates":[[[44.70568,41.69572],[44.71322,41.69572],[44.71322,41.70135],[44.70568,41.70135],[44.70568,41.69572]]]}},{"type":"Feature","properties":{"slug":"vake-8","parent_slug":"vake","parent_name_en":"Vake","parent_name_ka":"ვაკის რაიონი","parent_name_ru":"Ваке","index":8,"color_index":9,"name_en":"Vake 8"},"geometry":{"type":"Polygon","coordinates":[[[44.63019,41.66757],[44.63774,41.66757],[44.63774,41.6732],[44.63019,41.6732],[44.63019,41.66757]]]}},{"type":"Feature","properties":{"slug":"vake-80","parent_slug":"vake","parent_name_en":"Vake","parent_name_ka":"ვაკის რაიონი","parent_name_ru":"Ваке","index":80,"color_index":9,"name_en":"Vake 80"},"geometry":{"type":"Polygon","coordinates":[[[44.71322,41.69572],[44.72077,41.69572],[44.72077,41.70135],[44.71322,41.70135],[44.71322,41.69572]]]}},{"type":"Feature","properties":{"slug":"vake-81","parent_slug":"vake","parent_name_en":"Vake","parent_name_ka":"ვაკის რაიონი","parent_name_ru":"Ваке","index":81,"color_index":9,"name_en":"Vake 81"},"geometry":{"type":"Polygon","coordinates":[[[44.72077,41.69572],[44.72832,41.69572],[44.72832,41.70135],[44.72077,41.70135],[44.72077,41.69572]]]}},{"type":"Feature","properties":{"slug":"vake-82","parent_slug":"vake","parent_name_en":"Vake","parent_name_ka":"ვაკის რაიონი","parent_name_ru":"Ваке","index":82,"color_index":9,"name_en":"Vake 82"},"geometry":{"type":"Polygon","coordinates":[[[44.72832,41.69572],[44.73587,41.69572],[44.73587,41.70135],[44.72832,41.70135],[44.72832,41.69572]]]}},{"type":"Feature","properties":{"slug":"vake-83","parent_slug":"vake","parent_name_en":"Vake","parent_name_ka":"ვაკის რაიონი","parent_name_ru":"Ваке","index":83,"color_index":9,"name_en":"Vake 83"},"geometry":{"type":"Polygon","coordinates":[[[44.73587,41.69572],[44.74342,41.69572],[44.74342,41.70135],[44.73587,41.70135],[44.73587,41.69572]]]}},{"type":"Feature","properties":{"slug":"vake-84","parent_slug":"vake","parent_name_en":"Vake","parent_name_ka":"ვაკის რაიონი","parent_name_ru":"Ваке","index":84,"color_index":9,"name_en":"Vake 84"},"geometry":{"type":"Polygon","coordinates":[[[44.74342,41.69572],[44.75097,41.69572],[44.75097,41.70135],[44.74342,41.70135],[44.74342,41.69572]]]}},{"type":"Feature","properties":{"slug":"vake-85","parent_slug":"vake","parent_name_en":"Vake","parent_name_ka":"ვაკის რაიონი","parent_name_ru":"Ваке","index":85,"color_index":9,"name_en":"Vake 85"},"geometry":{"type":"Polygon","coordinates":[[[44.75097,41.69572],[44.75851,41.69572],[44.75851,41.70135],[44.75097,41.70135],[44.75097,41.69572]]]}},{"type":"Feature","properties":{"slug":"vake-86","parent_slug":"vake","parent_name_en":"Vake","parent_name_ka":"ვაკის რაიონი","parent_name_ru":"Ваке","index":86,"color_index":9,"name_en":"Vake 86"},"geometry":{"type":"Polygon","coordinates":[[[44.66793,41.70135],[44.67548,41.70135],[44.67548,41.70698],[44.66793,41.70698],[44.66793,41.70135]]]}},{"type":"Feature","properties":{"slug":"vake-87","parent_slug":"vake","parent_name_en":"Vake","parent_name_ka":"ვაკის რაიონი","parent_name_ru":"Ваке","index":87,"color_index":9,"name_en":"Vake 87"},"geometry":{"type":"Polygon","coordinates":[[[44.67548,41.70135],[44.68303,41.70135],[44.68303,41.70698],[44.67548,41.70698],[44.67548,41.70135]]]}},{"type":"Feature","properties":{"slug":"vake-88","parent_slug":"vake","parent_name_en":"Vake","parent_name_ka":"ვაკის რაიონი","parent_name_ru":"Ваке","index":88,"color_index":9,"name_en":"Vake 88"},"geometry":{"type":"Polygon","coordinates":[[[44.68303,41.70135],[44.69058,41.70135],[44.69058,41.70698],[44.68303,41.70698],[44.68303,41.70135]]]}},{"type":"Feature","properties":{"slug":"vake-89","parent_slug":"vake","parent_name_en":"Vake","parent_name_ka":"ვაკის რაიონი","parent_name_ru":"Ваке","index":89,"color_index":9,"name_en":"Vake 89"},"geometry":{"type":"Polygon","coordinates":[[[44.69058,41.70135],[44.69813,41.70135],[44.69813,41.70698],[44.69058,41.70698],[44.69058,41.70135]]]}},{"type":"Feature","properties":{"slug":"vake-9","parent_slug":"vake","parent_name_en":"Vake","parent_name_ka":"ვაკის რაიონი","parent_name_ru":"Ваке","index":9,"color_index":9,"name_en":"Vake 9"},"geometry":{"type":"Polygon","coordinates":[[[44.63774,41.66757],[44.64529,41.66757],[44.64529,41.6732],[44.63774,41.6732],[44.63774,41.66757]]]}},{"type":"Feature","properties":{"slug":"vake-90","parent_slug":"vake","parent_name_en":"Vake","parent_name_ka":"ვაკის რაიონი","parent_name_ru":"Ваке","index":90,"color_index":9,"name_en":"Vake 90"},"geometry":{"type":"Polygon","coordinates":[[[44.69813,41.70135],[44.70568,41.70135],[44.70568,41.70698],[44.69813,41.70698],[44.69813,41.70135]]]}},{"type":"Feature","properties":{"slug":"vake-91","parent_slug":"vake","parent_name_en":"Vake","parent_name_ka":"ვაკის რაიონი","parent_name_ru":"Ваке","index":91,"color_index":9,"name_en":"Vake 91"},"geometry":{"type":"Polygon","coordinates":[[[44.70568,41.70135],[44.71322,41.70135],[44.71322,41.70698],[44.70568,41.70698],[44.70568,41.70135]]]}},{"type":"Feature","properties":{"slug":"vake-92","parent_slug":"vake","parent_name_en":"Vake","parent_name_ka":"ვაკის რაიონი","parent_name_ru":"Ваке","index":92,"color_index":9,"name_en":"Vake 92"},"geometry":{"type":"Polygon","coordinates":[[[44.71322,41.70135],[44.72077,41.70135],[44.72077,41.70698],[44.71322,41.70698],[44.71322,41.70135]]]}},{"type":"Feature","properties":{"slug":"vake-93","parent_slug":"vake","parent_name_en":"Vake","parent_name_ka":"ვაკის რაიონი","parent_name_ru":"Ваке","index":93,"color_index":9,"name_en":"Vake 93"},"geometry":{"type":"Polygon","coordinates":[[[44.72077,41.70135],[44.72832,41.70135],[44.72832,41.70698],[44.72077,41.70698],[44.72077,41.70135]]]}},{"type":"Feature","properties":{"slug":"vake-94","parent_slug":"vake","parent_name_en":"Vake","parent_name_ka":"ვაკის რაიონი","parent_name_ru":"Ваке","index":94,"color_index":9,"name_en":"Vake 94"},"geometry":{"type":"Polygon","coordinates":[[[44.72832,41.70135],[44.73587,41.70135],[44.73587,41.70698],[44.72832,41.70698],[44.72832,41.70135]]]}},{"type":"Feature","properties":{"slug":"vake-95","parent_slug":"vake","parent_name_en":"Vake","parent_name_ka":"ვაკის რაიონი","parent_name_ru":"Ваке","index":95,"color_index":9,"name_en":"Vake 95"},"geometry":{"type":"Polygon","coordinates":[[[44.73587,41.70135],[44.74342,41.70135],[44.74342,41.70698],[44.73587,41.70698],[44.73587,41.70135]]]}},{"type":"Feature","properties":{"slug":"vake-96","parent_slug":"vake","parent_name_en":"Vake","parent_name_ka":"ვაკის რაიონი","parent_name_ru":"Ваке","index":96,"color_index":9,"name_en":"Vake 96"},"geometry":{"type":"Polygon","coordinates":[[[44.74342,41.70135],[44.75097,41.70135],[44.75097,41.70698],[44.74342,41.70698],[44.74342,41.70135]]]}},{"type":"Feature","properties":{"slug":"vake-97","parent_slug":"vake","parent_name_en":"Vake","parent_name_ka":"ვაკის რაიონი","parent_name_ru":"Ваке","index":97,"color_index":9,"name_en":"Vake 97"},"geometry":{"type":"Polygon","coordinates":[[[44.75097,41.70135],[44.75851,41.70135],[44.75851,41.70698],[44.75097,41.70698],[44.75097,41.70135]]]}},{"type":"Feature","properties":{"slug":"vake-98","parent_slug":"vake","parent_name_en":"Vake","parent_name_ka":"ვაკის რაიონი","parent_name_ru":"Ваке","index":98,"color_index":9,"name_en":"Vake 98"},"geometry":{"type":"Polygon","coordinates":[[[44.75851,41.70135],[44.76606,41.70135],[44.76606,41.70698],[44.75851,41.70698],[44.75851,41.70135]]]}},{"type":"Feature","properties":{"slug":"vake-99","parent_slug":"vake","parent_name_en":"Vake","parent_name_ka":"ვაკის რაიონი","parent_name_ru":"Ваке","index":99,"color_index":9,"name_en":"Vake 99"},"geometry":{"type":"Polygon","coordinates":[[[44.76606,41.70135],[44.77361,41.70135],[44.77361,41.70698],[44.76606,41.70698],[44.76606,41.70135]]]}}]}