{"type":"FeatureCollection","features":[{"type":"Feature","properties":{"slug":"chugureti","name_en":"Chugureti","name_ka":"ჩუღურეთის რაიონი","name_ru":"Чугурети","osm_id":13438810},"geometry":{"type":"Polygon","coordinates":[[[44.80802,41.69841],[44.80791,41.69897],[44.80782,41.69937],[44.80756,41.70014],[44.80626,41.70098],[44.80496,41.70148],[44.80371,41.70198],[44.80234,41.70244],[44.79946,41.70315],[44.79892,41.70329],[44.79676,41.70402],[44.79576,41.7045],[44.79464,41.70529],[44.79426,41.70571],[44.79416,41.70584],[44.79277,41.70748],[44.79188,41.70845],[44.79049,41.70972],[44.78982,41.71109],[44.78938,41.71186],[44.78916,41.71224],[44.78902,41.71388],[44.78843,41.71542],[44.78791,41.71616],[44.78738,41.7169],[44.78804,41.71717],[44.79331,41.71917],[44.79372,41.71934],[44.79383,41.71939],[44.79762,41.72073],[44.79776,41.72079],[44.79658,41.72249],[44.79659,41.72252],[44.79654,41.72259],[44.79675,41.72268],[44.7967,41.72275],[44.79677,41.72278],[44.79673,41.72283],[44.79698,41.72293],[44.79695,41.72298],[44.79912,41.72395],[44.79933,41.72403],[44.79954,41.72407],[44.79963,41.7241],[44.79985,41.72429],[44.80003,41.72438],[44.80198,41.72496],[44.80217,41.72499],[44.80267,41.72501],[44.8039,41.72484],[44.80511,41.72517],[44.80529,41.7252],[44.80659,41.72511],[44.80701,41.72504],[44.80824,41.72471],[44.81159,41.72542],[44.81245,41.72572],[44.8128,41.72577],[44.81458,41.72569],[44.81484,41.72571],[44.81499,41.72587],[44.81497,41.72601],[44.81479,41.72614],[44.8145,41.72619],[44.81363,41.72623],[44.81295,41.72638],[44.81236,41.72655],[44.81207,41.7267],[44.81197,41.72687],[44.81199,41.72702],[44.81208,41.72711],[44.81223,41.72717],[44.81241,41.72718],[44.81701,41.72678],[44.81722,41.72681],[44.81732,41.72686],[44.81736,41.72692],[44.81731,41.72702],[44.81713,41.72715],[44.81611,41.72732],[44.81587,41.7274],[44.81579,41.72758],[44.81587,41.72786],[44.816,41.72798],[44.8162,41.72804],[44.81685,41.72817],[44.81855,41.72851],[44.82013,41.72879],[44.82075,41.72887],[44.82157,41.72894],[44.82258,41.72897],[44.8256,41.729],[44.82643,41.72915],[44.82758,41.72946],[44.82866,41.72988],[44.82868,41.72989],[44.83135,41.73062],[44.83417,41.73179],[44.8371,41.73383],[44.8389,41.7352],[44.83959,41.73563],[44.84123,41.73666],[44.84129,41.73701],[44.84125,41.73718],[44.84103,41.73818],[44.84067,41.73911],[44.84052,41.73922],[44.8415,41.73904],[44.84273,41.73878],[44.84357,41.73837],[44.84555,41.73799],[44.84813,41.73797],[44.85016,41.7371],[44.85147,41.73659],[44.85231,41.73564],[44.85727,41.73427],[44.8595,41.73267],[44.86202,41.73102],[44.86637,41.72929],[44.87329,41.72682],[44.87526,41.72535],[44.87593,41.72475],[44.87346,41.72476],[44.87279,41.72464],[44.87247,41.72459],[44.87191,41.7245],[44.8651,41.72251],[44.86502,41.72247],[44.86306,41.72172],[44.86122,41.72101],[44.86017,41.72058],[44.85222,41.71734],[44.8513,41.71711],[44.85086,41.71705],[44.84976,41.71715],[44.84947,41.71715],[44.84897,41.7171],[44.8482,41.71716],[44.84763,41.71712],[44.84682,41.71695],[44.84298,41.71689],[44.84279,41.71688],[44.8418,41.7169],[44.8414,41.71697],[44.84097,41.71704],[44.84052,41.71711],[44.84016,41.71716],[44.8398,41.71722],[44.8395,41.71724],[44.83912,41.71726],[44.83733,41.7174],[44.837,41.71653],[44.83699,41.71643],[44.83676,41.71621],[44.83596,41.71591],[44.83559,41.71575],[44.83519,41.71554],[44.83486,41.71529],[44.83466,41.7151],[44.83457,41.715],[44.83437,41.71476],[44.83418,41.71451],[44.83399,41.71428],[44.83338,41.71386],[44.83236,41.71315],[44.83199,41.71289],[44.83165,41.71272],[44.83108,41.71245],[44.83066,41.71218],[44.83048,41.71194],[44.83025,41.71156],[44.83014,41.71129],[44.8301,41.7111],[44.83002,41.71079],[44.83006,41.71042],[44.82992,41.71012],[44.8298,41.70979],[44.82979,41.70963],[44.8298,41.70934],[44.83055,41.7088],[44.83095,41.70858],[44.83127,41.70845],[44.83142,41.70833],[44.83161,41.70815],[44.83143,41.708],[44.83037,41.70791],[44.82989,41.70787],[44.8296,41.70778],[44.82946,41.70774],[44.82901,41.70767],[44.82878,41.7076],[44.82855,41.70753],[44.82827,41.70738],[44.82802,41.70733],[44.82779,41.70732],[44.82721,41.70715],[44.82645,41.70698],[44.82614,41.70683],[44.82598,41.70677],[44.82584,41.70681],[44.82569,41.70682],[44.82553,41.70678],[44.82532,41.70677],[44.82513,41.70672],[44.82493,41.70655],[44.82481,41.70653],[44.82448,41.70657],[44.82396,41.70671],[44.82342,41.70643],[44.8222,41.7058],[44.82193,41.70544],[44.82167,41.705],[44.82086,41.7044],[44.82122,41.70394],[44.82102,41.70389],[44.82083,41.70383],[44.8207,41.70378],[44.82046,41.70374],[44.82022,41.7037],[44.82004,41.70364],[44.81983,41.70354],[44.81964,41.70343],[44.81947,41.70324],[44.8193,41.70307],[44.81922,41.703],[44.81911,41.70296],[44.81886,41.70287],[44.81876,41.70282],[44.81868,41.70276],[44.81834,41.70252],[44.81815,41.70244],[44.81798,41.70232],[44.81785,41.70221],[44.81774,41.70214],[44.81761,41.70207],[44.81731,41.70199],[44.81706,41.70192],[44.81677,41.70187],[44.81668,41.70185],[44.81662,41.70181],[44.81651,41.70168],[44.81644,41.70161],[44.81639,41.70157],[44.81623,41.70147],[44.81575,41.70105],[44.81548,41.70082],[44.81533,41.70065],[44.81506,41.70038],[44.81499,41.70031],[44.81492,41.70026],[44.81455,41.69992],[44.81425,41.69907],[44.81402,41.69844],[44.81389,41.6981],[44.81373,41.69769],[44.81333,41.69708],[44.81329,41.69706],[44.81259,41.69676],[44.81165,41.69651],[44.81121,41.69637],[44.81096,41.6963],[44.81048,41.69619],[44.81045,41.69624],[44.80982,41.69607],[44.80955,41.69688],[44.80953,41.69696],[44.80923,41.69696],[44.80832,41.69686],[44.80802,41.69841]]]}},{"type":"Feature","properties":{"slug":"didube","name_en":"Didube","name_ka":"დიდუბის რაიონი","name_ru":"Дидубе","osm_id":11300445},"geometry":{"type":"Polygon","coordinates":[[[44.78738,41.7169],[44.78666,41.71779],[44.78506,41.71981],[44.78423,41.72102],[44.78343,41.72231],[44.78292,41.72337],[44.78191,41.7255],[44.78156,41.7261],[44.78087,41.72691],[44.77951,41.72801],[44.77552,41.73071],[44.77468,41.73185],[44.77405,41.73298],[44.77322,41.73457],[44.77254,41.73597],[44.77187,41.73806],[44.77145,41.73954],[44.77109,41.74079],[44.77082,41.74183],[44.7706,41.74278],[44.77062,41.74378],[44.77073,41.7448],[44.77079,41.74533],[44.77141,41.74649],[44.77195,41.74729],[44.774,41.74978],[44.77553,41.75154],[44.77528,41.7517],[44.77388,41.75237],[44.77369,41.75267],[44.77351,41.75283],[44.77328,41.75319],[44.77304,41.75335],[44.77282,41.75384],[44.77263,41.75417],[44.77257,41.75423],[44.7724,41.75438],[44.77221,41.75461],[44.77193,41.75486],[44.77155,41.755],[44.7713,41.75521],[44.77105,41.75534],[44.77074,41.75556],[44.77061,41.75566],[44.7705,41.75582],[44.77041,41.75613],[44.77023,41.75646],[44.77009,41.75683],[44.76997,41.75712],[44.76988,41.75734],[44.76965,41.75769],[44.76947,41.7578],[44.76926,41.75791],[44.76906,41.75797],[44.76862,41.75798],[44.76854,41.75882],[44.76854,41.76027],[44.76857,41.76096],[44.76859,41.76108],[44.76867,41.76144],[44.7687,41.76157],[44.76873,41.76198],[44.76873,41.76214],[44.7688,41.76308],[44.76882,41.76451],[44.76883,41.76519],[44.76883,41.76549],[44.76898,41.76625],[44.769,41.76635],[44.769,41.76643],[44.76893,41.76807],[44.76891,41.76859],[44.76891,41.76903],[44.76885,41.7724],[44.76878,41.77629],[44.76876,41.77688],[44.76876,41.77834],[44.76877,41.77844],[44.76887,41.7794],[44.76893,41.77988],[44.76916,41.78129],[44.76918,41.78143],[44.76948,41.78398],[44.76955,41.78482],[44.76974,41.78715],[44.77124,41.78727],[44.77263,41.78745],[44.77696,41.78744],[44.77799,41.78732],[44.77935,41.78712],[44.78106,41.78696],[44.78231,41.78682],[44.78738,41.78629],[44.78714,41.78552],[44.78695,41.78493],[44.78679,41.78449],[44.78666,41.7841],[44.78656,41.78379],[44.78634,41.78319],[44.78647,41.78284],[44.78706,41.78217],[44.78707,41.78205],[44.78712,41.78193],[44.7872,41.7818],[44.78725,41.7817],[44.78731,41.78157],[44.78736,41.78147],[44.78799,41.78038],[44.78761,41.77947],[44.78706,41.77784],[44.78679,41.77697],[44.78637,41.77621],[44.78571,41.77538],[44.7847,41.77466],[44.78268,41.77368],[44.7811,41.77214],[44.78057,41.77097],[44.78046,41.76984],[44.78083,41.76869],[44.78212,41.76625],[44.7824,41.76512],[44.78251,41.76344],[44.78245,41.76239],[44.78227,41.76129],[44.78189,41.7604],[44.78136,41.75938],[44.78055,41.75688],[44.7787,41.75396],[44.78055,41.75318],[44.78051,41.75311],[44.78061,41.75308],[44.7805,41.75302],[44.78011,41.75212],[44.77994,41.7516],[44.77979,41.751],[44.7797,41.7506],[44.77967,41.74993],[44.77963,41.74906],[44.77967,41.74854],[44.7798,41.74754],[44.77998,41.74648],[44.78022,41.74539],[44.78047,41.74469],[44.78066,41.74418],[44.78098,41.74355],[44.78119,41.74319],[44.7816,41.74258],[44.7819,41.74224],[44.78215,41.74199],[44.78279,41.74139],[44.78837,41.73674],[44.78938,41.73571],[44.78999,41.73504],[44.79036,41.73456],[44.79071,41.73406],[44.79094,41.73365],[44.7915,41.73267],[44.79232,41.73119],[44.79339,41.72923],[44.79373,41.72933],[44.79465,41.72795],[44.79576,41.72623],[44.79615,41.72632],[44.7963,41.72621],[44.79647,41.7263],[44.79664,41.72639],[44.79692,41.72647],[44.79666,41.72672],[44.79703,41.7269],[44.79811,41.72498],[44.79875,41.7241],[44.79902,41.72419],[44.79912,41.72395],[44.79695,41.72298],[44.79698,41.72293],[44.79673,41.72283],[44.79677,41.72278],[44.7967,41.72275],[44.79675,41.72268],[44.79654,41.72259],[44.79659,41.72252],[44.79658,41.72249],[44.79776,41.72079],[44.79762,41.72073],[44.79383,41.71939],[44.79372,41.71934],[44.79331,41.71917],[44.78804,41.71717],[44.78738,41.7169]]]}},{"type":"Feature","properties":{"slug":"gldani","name_en":"Gldani","name_ka":"გლდანის რაიონი","name_ru":"Глдани","osm_id":13438812},"geometry":{"type":"Polygon","coordinates":[[[44.87521,41.76347],[44.87508,41.76353],[44.87449,41.76392],[44.87414,41.76409],[44.87389,41.76417],[44.87375,41.76423],[44.8736,41.76425],[44.87349,41.76422],[44.87342,41.76429],[44.8733,41.76443],[44.87306,41.76435],[44.87292,41.76413],[44.87301,41.76371],[44.87292,41.76342],[44.87263,41.76318],[44.87235,41.76291],[44.87226,41.76273],[44.8722,41.76242],[44.87212,41.76211],[44.87197,41.76188],[44.87169,41.76131],[44.87167,41.76113],[44.87154,41.76097],[44.87118,41.76062],[44.8708,41.75999],[44.87064,41.7599],[44.87036,41.75988],[44.87011,41.75975],[44.87,41.75951],[44.86992,41.75911],[44.86985,41.75898],[44.86968,41.75883],[44.86954,41.75873],[44.86937,41.75872],[44.86924,41.75879],[44.86803,41.75985],[44.86746,41.76027],[44.86734,41.76043],[44.86737,41.76052],[44.86746,41.76056],[44.86756,41.76064],[44.86757,41.7608],[44.8675,41.76119],[44.8676,41.76147],[44.86765,41.76159],[44.8677,41.76176],[44.86758,41.76182],[44.86741,41.76181],[44.86719,41.76164],[44.86704,41.76144],[44.86661,41.76106],[44.86562,41.76042],[44.86536,41.76032],[44.86522,41.7603],[44.8649,41.76034],[44.86472,41.76033],[44.8643,41.76015],[44.86405,41.76001],[44.86381,41.75984],[44.86352,41.75987],[44.86258,41.76041],[44.86234,41.76051],[44.8622,41.7605],[44.86191,41.76034],[44.86009,41.76145],[44.8599,41.76159],[44.85945,41.76189],[44.85922,41.76209],[44.85906,41.76231],[44.85894,41.76236],[44.85895,41.76247],[44.85883,41.76256],[44.85832,41.76275],[44.85822,41.76285],[44.85818,41.76297],[44.85798,41.76305],[44.85785,41.76308],[44.8578,41.76304],[44.85768,41.76312],[44.85761,41.76323],[44.85753,41.76331],[44.85734,41.76338],[44.85694,41.76368],[44.85575,41.76458],[44.85562,41.76464],[44.85556,41.76472],[44.85553,41.76483],[44.85536,41.76495],[44.85512,41.76534],[44.85498,41.7654],[44.85485,41.76543],[44.85475,41.76547],[44.85472,41.76553],[44.8544,41.76565],[44.85433,41.76574],[44.85424,41.76579],[44.85409,41.76581],[44.85394,41.7658],[44.85378,41.76583],[44.85366,41.76589],[44.85359,41.76598],[44.85337,41.7661],[44.85311,41.76634],[44.85302,41.76643],[44.85291,41.7665],[44.85234,41.76706],[44.85217,41.76731],[44.85203,41.76759],[44.85188,41.76764],[44.85177,41.76781],[44.85166,41.76787],[44.85151,41.768],[44.85137,41.76822],[44.85125,41.76825],[44.85117,41.76831],[44.85108,41.76848],[44.85092,41.76859],[44.85082,41.76878],[44.85072,41.76885],[44.85065,41.76897],[44.85055,41.76903],[44.8499,41.76914],[44.84969,41.76926],[44.84951,41.76943],[44.84798,41.77043],[44.8472,41.77099],[44.84712,41.77116],[44.84698,41.77125],[44.84666,41.77139],[44.84636,41.7716],[44.84622,41.7716],[44.846,41.77165],[44.84536,41.77241],[44.84415,41.77309],[44.84375,41.77315],[44.84344,41.77325],[44.84255,41.77369],[44.84227,41.77393],[44.84137,41.77474],[44.84115,41.77504],[44.84046,41.77538],[44.84028,41.77555],[44.84002,41.7757],[44.83946,41.77592],[44.83927,41.77605],[44.83857,41.7764],[44.83772,41.77674],[44.83754,41.77678],[44.83655,41.77719],[44.83583,41.77748],[44.83501,41.7776],[44.83452,41.77737],[44.83367,41.77718],[44.83312,41.77695],[44.83296,41.77707],[44.83234,41.77744],[44.8322,41.77732],[44.83104,41.77626],[44.82969,41.77646],[44.82947,41.77652],[44.8287,41.77689],[44.82472,41.77939],[44.82393,41.77987],[44.82384,41.77993],[44.82371,41.78],[44.82345,41.78015],[44.82338,41.78024],[44.82316,41.78025],[44.82268,41.78025],[44.82199,41.78039],[44.82195,41.78036],[44.82141,41.78041],[44.82134,41.78015],[44.8202,41.78049],[44.82011,41.78061],[44.81988,41.78116],[44.81967,41.78132],[44.81933,41.78146],[44.81822,41.78177],[44.81683,41.78183],[44.81606,41.7819],[44.8138,41.78344],[44.81359,41.7837],[44.81305,41.78418],[44.81345,41.78446],[44.81278,41.78519],[44.81226,41.78549],[44.81194,41.78579],[44.81166,41.78599],[44.81144,41.78622],[44.8114,41.78639],[44.81129,41.78659],[44.81107,41.78682],[44.81091,41.7869],[44.81073,41.78692],[44.81055,41.78712],[44.81043,41.78721],[44.81026,41.78741],[44.81006,41.7875],[44.80982,41.78752],[44.80963,41.78761],[44.80956,41.78772],[44.80952,41.78783],[44.80955,41.78794],[44.80945,41.7881],[44.80928,41.78821],[44.8091,41.78824],[44.80903,41.78823],[44.80878,41.78821],[44.80846,41.78807],[44.80762,41.7879],[44.80747,41.78783],[44.8068,41.78763],[44.80646,41.78758],[44.80622,41.78761],[44.80584,41.78757],[44.8057,41.78754],[44.80508,41.78744],[44.8049,41.78743],[44.80454,41.78733],[44.80368,41.78703],[44.80353,41.78694],[44.80346,41.78687],[44.80347,41.78681],[44.80339,41.78672],[44.80326,41.78662],[44.80315,41.7866],[44.8031,41.78655],[44.80286,41.78643],[44.80226,41.7863],[44.80226,41.78651],[44.80204,41.78663],[44.80155,41.78638],[44.80061,41.78588],[44.80042,41.78579],[44.79933,41.78546],[44.79809,41.78514],[44.7977,41.78509],[44.79739,41.78507],[44.7901,41.78579],[44.79014,41.78598],[44.78738,41.78629],[44.78748,41.78654],[44.78776,41.78708],[44.78798,41.78765],[44.78821,41.78815],[44.78838,41.78873],[44.78854,41.7892],[44.78867,41.78961],[44.78954,41.7923],[44.78998,41.79372],[44.79029,41.79491],[44.79019,41.79694],[44.78917,41.79796],[44.78748,41.79964],[44.78662,41.80133],[44.78653,41.8033],[44.78707,41.80462],[44.78748,41.80597],[44.78753,41.80674],[44.78787,41.80934],[44.78809,41.81146],[44.78722,41.81345],[44.7833,41.81753],[44.78184,41.81924],[44.77992,41.82123],[44.77851,41.82235],[44.77714,41.82289],[44.77637,41.82294],[44.77422,41.82299],[44.7732,41.82307],[44.77256,41.82325],[44.76976,41.82424],[44.76894,41.82436],[44.76833,41.82432],[44.76723,41.82426],[44.76471,41.82376],[44.76411,41.8229],[44.76347,41.82241],[44.76227,41.82182],[44.76205,41.823],[44.76249,41.82357],[44.76108,41.8245],[44.761,41.82475],[44.76065,41.82454],[44.76087,41.82424],[44.75856,41.82333],[44.75634,41.82233],[44.75565,41.82187],[44.75517,41.82162],[44.75474,41.82159],[44.7543,41.8217],[44.75305,41.82165],[44.75209,41.82129],[44.75146,41.82115],[44.75136,41.82113],[44.75086,41.8208],[44.75031,41.82083],[44.74995,41.82108],[44.74959,41.82117],[44.74929,41.82142],[44.74629,41.82625],[44.74647,41.82678],[44.74664,41.82706],[44.74663,41.82747],[44.74621,41.82789],[44.74607,41.82835],[44.7468,41.82952],[44.7467,41.83003],[44.74749,41.83171],[44.74778,41.83219],[44.74831,41.833],[44.75251,41.83469],[44.75625,41.83514],[44.76422,41.83605],[44.76657,41.83736],[44.77087,41.84188],[44.77469,41.84388],[44.77709,41.84249],[44.77727,41.84194],[44.78564,41.83938],[44.7916,41.83819],[44.79225,41.83736],[44.80933,41.83556],[44.81298,41.83042],[44.81597,41.83018],[44.81628,41.83011],[44.81674,41.83011],[44.81707,41.83006],[44.81743,41.83032],[44.81779,41.83038],[44.81841,41.83022],[44.81891,41.83005],[44.81915,41.82991],[44.8195,41.8298],[44.81975,41.82974],[44.81992,41.82961],[44.82044,41.8295],[44.82098,41.82943],[44.82113,41.82938],[44.82131,41.82939],[44.82158,41.82923],[44.82184,41.82913],[44.82186,41.82904],[44.82185,41.8289],[44.822,41.8288],[44.82892,41.82925],[44.82919,41.82906],[44.82965,41.82885],[44.83006,41.82883],[44.83038,41.82889],[44.83066,41.82894],[44.83083,41.82882],[44.83083,41.82873],[44.83067,41.82858],[44.83035,41.82849],[44.83008,41.82849],[44.82986,41.82849],[44.82973,41.82842],[44.82973,41.82839],[44.82985,41.82835],[44.82995,41.82835],[44.83002,41.82835],[44.83006,41.8283],[44.83008,41.82823],[44.83005,41.82819],[44.82999,41.82817],[44.82979,41.82813],[44.82959,41.82806],[44.82952,41.828],[44.82958,41.82795],[44.82993,41.82793],[44.82993,41.82787],[44.82988,41.8278],[44.82964,41.82774],[44.82937,41.82771],[44.82915,41.82767],[44.82903,41.82756],[44.82907,41.82742],[44.82922,41.82734],[44.82949,41.82732],[44.83028,41.82756],[44.8307,41.82763],[44.83152,41.82766],[44.83198,41.82771],[44.83311,41.82791],[44.83492,41.82792],[44.83541,41.82777],[44.83742,41.82763],[44.8388,41.82742],[44.83975,41.82712],[44.84037,41.82704],[44.84255,41.82692],[44.84287,41.82696],[44.84423,41.82751],[44.84542,41.82783],[44.84481,41.82256],[44.84517,41.82258],[44.84658,41.82218],[44.84722,41.82218],[44.84784,41.82196],[44.84858,41.82209],[44.84933,41.82236],[44.85099,41.82264],[44.85205,41.82247],[44.85296,41.82241],[44.8536,41.82231],[44.85416,41.82222],[44.85543,41.82195],[44.85621,41.82165],[44.85677,41.82138],[44.85768,41.82127],[44.85832,41.82114],[44.85974,41.82076],[44.86113,41.8207],[44.86302,41.82039],[44.86528,41.81984],[44.86676,41.81926],[44.86842,41.81911],[44.86999,41.8187],[44.87222,41.81775],[44.87248,41.81762],[44.87268,41.81736],[44.87359,41.81701],[44.87399,41.81685],[44.87486,41.81658],[44.87513,41.8163],[44.87552,41.81599],[44.87622,41.81559],[44.87812,41.81504],[44.87901,41.81483],[44.87931,41.81471],[44.87974,41.81441],[44.87966,41.8141],[44.87942,41.81385],[44.87942,41.81371],[44.87974,41.81367],[44.88055,41.81342],[44.88171,41.81302],[44.88272,41.81266],[44.88343,41.81255],[44.88398,41.81222],[44.88472,41.81172],[44.88588,41.81159],[44.88632,41.81127],[44.88617,41.81096],[44.88659,41.81048],[44.88729,41.81031],[44.8877,41.80975],[44.88826,41.80899],[44.88846,41.80845],[44.88786,41.80751],[44.88778,41.8071],[44.88851,41.80642],[44.88869,41.80628],[44.88873,41.80597],[44.88866,41.80553],[44.88875,41.80533],[44.88944,41.805],[44.88973,41.80488],[44.88986,41.80463],[44.88972,41.80429],[44.88946,41.80413],[44.8888,41.80386],[44.88851,41.80364],[44.88848,41.80324],[44.88856,41.80321],[44.88906,41.80344],[44.88925,41.80341],[44.88968,41.80341],[44.89001,41.80349],[44.89035,41.80371],[44.89048,41.80373],[44.8917,41.80361],[44.89196,41.80369],[44.8926,41.80399],[44.89294,41.80397],[44.89388,41.80376],[44.89446,41.80372],[44.89473,41.80364],[44.89478,41.80353],[44.89419,41.80324],[44.8937,41.80272],[44.89339,41.80233],[44.8924,41.8018],[44.892,41.80168],[44.89196,41.80154],[44.8925,41.80145],[44.89287,41.80146],[44.89314,41.80135],[44.89331,41.80128],[44.89456,41.80124],[44.89493,41.80122],[44.89502,41.80118],[44.89479,41.80095],[44.89463,41.80087],[44.89428,41.80086],[44.89411,41.80083],[44.8939,41.80069],[44.89369,41.8007],[44.8935,41.80066],[44.89334,41.80051],[44.89313,41.80052],[44.89295,41.80045],[44.89262,41.80023],[44.8922,41.80017],[44.89199,41.80009],[44.89163,41.79987],[44.8915,41.79982],[44.89134,41.79984],[44.89112,41.79982],[44.8909,41.79973],[44.89074,41.7997],[44.89072,41.79961],[44.89066,41.79955],[44.89052,41.79954],[44.89042,41.79954],[44.89037,41.79951],[44.89031,41.79942],[44.89024,41.79938],[44.88983,41.79931],[44.88957,41.79923],[44.88935,41.79922],[44.88925,41.79916],[44.88908,41.79896],[44.88892,41.79885],[44.88747,41.79897],[44.88712,41.79902],[44.88683,41.799],[44.8861,41.79862],[44.88578,41.79854],[44.88526,41.79869],[44.88456,41.79905],[44.88416,41.79906],[44.88367,41.79885],[44.88306,41.79835],[44.88281,41.79829],[44.88238,41.79839],[44.88186,41.79852],[44.88144,41.79836],[44.88105,41.79813],[44.88072,41.79782],[44.8807,41.79745],[44.88059,41.7972],[44.88087,41.79696],[44.88126,41.79678],[44.88212,41.7965],[44.88242,41.79628],[44.88335,41.79577],[44.88359,41.79551],[44.88383,41.79503],[44.88395,41.79483],[44.88375,41.79469],[44.88356,41.79467],[44.88298,41.79492],[44.88222,41.79516],[44.88202,41.79513],[44.88195,41.795],[44.88215,41.79472],[44.88209,41.7946],[44.88183,41.79453],[44.88164,41.79441],[44.88138,41.79426],[44.88108,41.79428],[44.88086,41.79427],[44.8808,41.79418],[44.88053,41.79411],[44.8818,41.7919],[44.88114,41.78733],[44.87992,41.78411],[44.88005,41.7822],[44.8804,41.78183],[44.88296,41.77922],[44.88266,41.77723],[44.88328,41.77643],[44.88424,41.77579],[44.8845,41.77544],[44.8845,41.77505],[44.88477,41.774],[44.88503,41.77355],[44.88548,41.77318],[44.88585,41.77283],[44.88594,41.77262],[44.88592,41.7724],[44.88602,41.7722],[44.88595,41.77204],[44.88577,41.77185],[44.88551,41.77176],[44.88539,41.77164],[44.88522,41.77148],[44.88512,41.7714],[44.88508,41.77128],[44.88494,41.77124],[44.8848,41.77125],[44.88472,41.77126],[44.88464,41.77118],[44.88451,41.77102],[44.88442,41.77091],[44.88419,41.77074],[44.88389,41.77061],[44.88337,41.77056],[44.88277,41.77027],[44.88248,41.77006],[44.88236,41.76982],[44.88238,41.7695],[44.8824,41.76909],[44.88235,41.76877],[44.88215,41.76845],[44.88175,41.76824],[44.88112,41.7681],[44.88079,41.76783],[44.88075,41.76736],[44.88066,41.76686],[44.88055,41.76653],[44.88041,41.76612],[44.88027,41.76584],[44.87994,41.76556],[44.87957,41.76532],[44.87788,41.76463],[44.87777,41.76443],[44.87773,41.7642],[44.87765,41.76425],[44.87757,41.76437],[44.8774,41.76435],[44.87726,41.7643],[44.87729,41.76421],[44.87733,41.76409],[44.8768,41.764],[44.87665,41.76381],[44.87661,41.76386],[44.8764,41.76388],[44.87619,41.76388],[44.87604,41.76383],[44.87595,41.76372],[44.87589,41.76367],[44.87578,41.76363],[44.87571,41.76364],[44.8756,41.76362],[44.87547,41.76355],[44.87541,41.76352],[44.87531,41.7635],[44.87521,41.76347]]]}},{"type":"Feature","properties":{"slug":"isani","name_en":"Isani","name_ka":"ისნის რაიონი","name_ru":"Исани","osm_id":13438808},"geometry":{"type":"Polygon","coordinates":[[[44.85377,41.67082],[44.85205,41.67091],[44.84851,41.67137],[44.84515,41.6717],[44.83993,41.67219],[44.8388,41.67254],[44.83862,41.67263],[44.838,41.67327],[44.83782,41.67359],[44.83757,41.67423],[44.83726,41.67508],[44.837,41.67638],[44.83695,41.67666],[44.83683,41.67717],[44.83676,41.67755],[44.83674,41.67791],[44.83677,41.67905],[44.83672,41.67955],[44.83629,41.6805],[44.83545,41.68152],[44.83526,41.6816],[44.83515,41.68169],[44.83479,41.68193],[44.83436,41.68219],[44.83387,41.68238],[44.83314,41.68268],[44.83236,41.68284],[44.83197,41.68289],[44.83125,41.68291],[44.82908,41.6829],[44.82783,41.68289],[44.82533,41.68315],[44.825,41.68328],[44.82465,41.68337],[44.8243,41.68355],[44.82292,41.68482],[44.82184,41.6863],[44.82089,41.68725],[44.82022,41.68792],[44.82008,41.68806],[44.81886,41.68863],[44.81742,41.68901],[44.81357,41.68946],[44.81102,41.68962],[44.81061,41.68977],[44.81006,41.69035],[44.80865,41.69185],[44.80832,41.69266],[44.80825,41.69289],[44.80825,41.69329],[44.80838,41.69641],[44.80832,41.69686],[44.80923,41.69696],[44.80953,41.69696],[44.80955,41.69688],[44.80982,41.69607],[44.81045,41.69624],[44.81048,41.69619],[44.81096,41.6963],[44.81121,41.69637],[44.81165,41.69651],[44.81259,41.69676],[44.81329,41.69706],[44.81333,41.69708],[44.81373,41.69769],[44.81389,41.6981],[44.81402,41.69844],[44.81425,41.69907],[44.81455,41.69992],[44.81492,41.70026],[44.81499,41.70031],[44.81506,41.70038],[44.81533,41.70065],[44.81548,41.70082],[44.81575,41.70105],[44.81623,41.70147],[44.81639,41.70157],[44.81644,41.70161],[44.81651,41.70168],[44.81662,41.70181],[44.81668,41.70185],[44.81677,41.70187],[44.81706,41.70192],[44.81731,41.70199],[44.81761,41.70207],[44.81774,41.70214],[44.81785,41.70221],[44.81798,41.70232],[44.81815,41.70244],[44.81834,41.70252],[44.81868,41.70276],[44.81876,41.70282],[44.81886,41.70287],[44.81911,41.70296],[44.81922,41.703],[44.8193,41.70307],[44.81947,41.70324],[44.81964,41.70343],[44.81983,41.70354],[44.82004,41.70364],[44.82022,41.7037],[44.82046,41.70374],[44.8207,41.70378],[44.82083,41.70383],[44.82102,41.70389],[44.82122,41.70394],[44.82086,41.7044],[44.82167,41.705],[44.82193,41.70544],[44.8222,41.7058],[44.82342,41.70643],[44.82396,41.70671],[44.82448,41.70657],[44.82481,41.70653],[44.82493,41.70655],[44.82513,41.70672],[44.82532,41.70677],[44.82553,41.70678],[44.82569,41.70682],[44.82584,41.70681],[44.82598,41.70677],[44.82614,41.70683],[44.82645,41.70698],[44.82721,41.70715],[44.82779,41.70732],[44.82802,41.70733],[44.82827,41.70738],[44.82855,41.70753],[44.82878,41.7076],[44.82901,41.70767],[44.82946,41.70774],[44.8296,41.70778],[44.82989,41.70787],[44.83037,41.70791],[44.83143,41.708],[44.83161,41.70815],[44.83142,41.70833],[44.83127,41.70845],[44.83095,41.70858],[44.83055,41.7088],[44.8298,41.70934],[44.82979,41.70963],[44.8298,41.70979],[44.82992,41.71012],[44.83006,41.71042],[44.83002,41.71079],[44.8301,41.7111],[44.83014,41.71129],[44.83025,41.71156],[44.83048,41.71194],[44.83066,41.71218],[44.83108,41.71245],[44.83165,41.71272],[44.83199,41.71289],[44.83236,41.71315],[44.83338,41.71386],[44.83399,41.71428],[44.83418,41.71451],[44.83437,41.71476],[44.83457,41.715],[44.83466,41.7151],[44.83486,41.71529],[44.83519,41.71554],[44.83559,41.71575],[44.83596,41.71591],[44.83676,41.71621],[44.83699,41.71643],[44.837,41.71653],[44.83733,41.7174],[44.83912,41.71726],[44.8395,41.71724],[44.8398,41.71722],[44.84016,41.71716],[44.84052,41.71711],[44.84097,41.71704],[44.8414,41.71697],[44.8418,41.7169],[44.84279,41.71688],[44.84807,41.71357],[44.85003,41.71189],[44.85554,41.70687],[44.85818,41.7047],[44.85916,41.70325],[44.85988,41.70188],[44.85998,41.70067],[44.86016,41.70051],[44.86037,41.70031],[44.8608,41.70003],[44.86107,41.69975],[44.86131,41.6994],[44.86154,41.69927],[44.86173,41.69895],[44.86189,41.69882],[44.86195,41.69874],[44.86232,41.69843],[44.86246,41.69836],[44.86274,41.69818],[44.8628,41.69805],[44.86277,41.69787],[44.86279,41.69773],[44.8631,41.69751],[44.86328,41.69736],[44.86364,41.69716],[44.86369,41.69707],[44.86378,41.69677],[44.86384,41.69671],[44.86385,41.69659],[44.86399,41.69638],[44.86405,41.69622],[44.86406,41.6961],[44.86405,41.69605],[44.86423,41.69597],[44.8642,41.69591],[44.86402,41.69586],[44.86404,41.6957],[44.86419,41.69546],[44.86428,41.69523],[44.86432,41.69518],[44.86439,41.6951],[44.86447,41.69487],[44.86463,41.69473],[44.8649,41.69426],[44.8655,41.69305],[44.86567,41.69278],[44.86624,41.69176],[44.86641,41.69128],[44.86635,41.69115],[44.86667,41.69063],[44.86677,41.69028],[44.86683,41.69021],[44.86692,41.69018],[44.86701,41.69016],[44.86763,41.69011],[44.86796,41.69007],[44.86899,41.68995],[44.87068,41.68974],[44.87067,41.68969],[44.87058,41.68806],[44.87056,41.68779],[44.87047,41.68603],[44.87046,41.68587],[44.87039,41.68533],[44.87032,41.6842],[44.87032,41.68397],[44.87031,41.68266],[44.87031,41.6823],[44.8703,41.68175],[44.87051,41.68064],[44.87052,41.68037],[44.87049,41.68023],[44.87042,41.68007],[44.87067,41.68002],[44.87096,41.67991],[44.87133,41.67972],[44.87186,41.67942],[44.87198,41.67936],[44.87234,41.67907],[44.87284,41.67866],[44.87368,41.67781],[44.874,41.67749],[44.87666,41.67565],[44.87709,41.67544],[44.87699,41.67525],[44.87696,41.67511],[44.87697,41.67451],[44.87709,41.67411],[44.87723,41.67382],[44.87735,41.67355],[44.87745,41.67337],[44.87769,41.67308],[44.87795,41.67284],[44.87812,41.67271],[44.87843,41.67251],[44.87828,41.67237],[44.87823,41.67227],[44.87811,41.67203],[44.87637,41.67245],[44.87626,41.67243],[44.87558,41.67111],[44.87548,41.67081],[44.87524,41.67023],[44.8752,41.67019],[44.87509,41.67017],[44.875,41.67017],[44.87456,41.67023],[44.87444,41.67018],[44.87441,41.67014],[44.87441,41.67008],[44.87446,41.66998],[44.87486,41.66979],[44.87466,41.66927],[44.8744,41.66915],[44.87374,41.66918],[44.87321,41.66921],[44.87286,41.6692],[44.87251,41.66901],[44.87227,41.66886],[44.87216,41.6688],[44.87209,41.66872],[44.87209,41.66861],[44.87219,41.66854],[44.8723,41.6685],[44.87238,41.66843],[44.87259,41.66813],[44.87288,41.6675],[44.87306,41.66713],[44.87311,41.66697],[44.87311,41.66675],[44.8728,41.66675],[44.87109,41.66727],[44.86784,41.66811],[44.86398,41.66934],[44.86215,41.66989],[44.86066,41.67026],[44.85892,41.6704],[44.85642,41.67051],[44.85377,41.67082]]]}},{"type":"Feature","properties":{"slug":"krtsanisi","name_en":"Krtsanisi","name_ka":"კრწანისის რაიონი","name_ru":"Крцаниси","osm_id":13438809},"geometry":{"type":"Polygon","coordinates":[[[44.80194,41.69298],[44.80192,41.69329],[44.80209,41.69381],[44.80216,41.69427],[44.8025,41.69581],[44.80259,41.69595],[44.8027,41.69604],[44.80286,41.69615],[44.8034,41.69643],[44.80591,41.69667],[44.80711,41.69677],[44.80832,41.69686],[44.80838,41.69641],[44.80825,41.69329],[44.80825,41.69289],[44.80832,41.69266],[44.80865,41.69185],[44.81006,41.69035],[44.81061,41.68977],[44.81102,41.68962],[44.81357,41.68946],[44.81742,41.68901],[44.81886,41.68863],[44.82008,41.68806],[44.82022,41.68792],[44.82089,41.68725],[44.82184,41.6863],[44.82292,41.68482],[44.8243,41.68355],[44.82465,41.68337],[44.825,41.68328],[44.82533,41.68315],[44.82783,41.68289],[44.82908,41.6829],[44.83125,41.68291],[44.83197,41.68289],[44.83236,41.68284],[44.83314,41.68268],[44.83387,41.68238],[44.83436,41.68219],[44.83479,41.68193],[44.83515,41.68169],[44.83526,41.6816],[44.83545,41.68152],[44.83629,41.6805],[44.83672,41.67955],[44.83677,41.67905],[44.83674,41.67791],[44.83676,41.67755],[44.83683,41.67717],[44.83695,41.67666],[44.837,41.67638],[44.83726,41.67508],[44.83757,41.67423],[44.83782,41.67359],[44.838,41.67327],[44.83862,41.67263],[44.8388,41.67254],[44.83993,41.67219],[44.84515,41.6717],[44.84851,41.67137],[44.85205,41.67091],[44.85377,41.67082],[44.85642,41.67051],[44.85892,41.6704],[44.86066,41.67026],[44.86215,41.66989],[44.86398,41.66934],[44.86784,41.66811],[44.87109,41.66727],[44.8728,41.66675],[44.87311,41.66675],[44.87314,41.66657],[44.87314,41.66641],[44.8732,41.66618],[44.874,41.66478],[44.87447,41.66452],[44.87547,41.66411],[44.87907,41.66346],[44.88359,41.66239],[44.88853,41.66127],[44.88936,41.66116],[44.89057,41.661],[44.89353,41.66029],[44.89723,41.659],[44.90122,41.65722],[44.90629,41.65388],[44.90724,41.65329],[44.91091,41.65276],[44.91154,41.6528],[44.91415,41.65294],[44.91848,41.65377],[44.91856,41.65377],[44.92086,41.6538],[44.92376,41.65419],[44.92618,41.65368],[44.92902,41.65169],[44.92942,41.65107],[44.93114,41.64845],[44.93365,41.64479],[44.93588,41.64276],[44.93485,41.63879],[44.93365,41.63855],[44.93278,41.63831],[44.93186,41.63779],[44.9313,41.63778],[44.93121,41.63775],[44.93109,41.63759],[44.9306,41.63755],[44.92965,41.63769],[44.92924,41.63778],[44.92888,41.63778],[44.92858,41.63794],[44.92851,41.63788],[44.92858,41.63756],[44.92833,41.63737],[44.92789,41.63673],[44.92669,41.63607],[44.92568,41.6353],[44.92567,41.63513],[44.92486,41.63443],[44.92414,41.63392],[44.92334,41.6336],[44.92299,41.63333],[44.92257,41.63236],[44.92216,41.63159],[44.92192,41.63059],[44.92165,41.63026],[44.92132,41.63009],[44.92621,41.62238],[44.92836,41.61926],[44.92837,41.61884],[44.92833,41.61837],[44.9282,41.6183],[44.92387,41.61779],[44.92358,41.61789],[44.92338,41.61803],[44.92304,41.61995],[44.92287,41.62009],[44.91931,41.62067],[44.91678,41.6214],[44.91603,41.62166],[44.91532,41.62182],[44.91343,41.62218],[44.91149,41.62248],[44.90961,41.62284],[44.90713,41.62329],[44.90681,41.62334],[44.90637,41.62343],[44.90637,41.62304],[44.90624,41.62285],[44.90615,41.62251],[44.90563,41.62146],[44.9005,41.62258],[44.901,41.6232],[44.90149,41.62418],[44.90239,41.62833],[44.9027,41.62904],[44.90291,41.62945],[44.90311,41.63022],[44.90333,41.63053],[44.90367,41.6308],[44.90629,41.63548],[44.90625,41.63601],[44.90571,41.63621],[44.9051,41.63633],[44.9049,41.63625],[44.90231,41.63977],[44.89914,41.63855],[44.88675,41.63891],[44.88657,41.63917],[44.88659,41.63937],[44.88668,41.63959],[44.88665,41.63977],[44.88653,41.63989],[44.88622,41.64034],[44.88577,41.64186],[44.88636,41.64186],[44.88666,41.64188],[44.89017,41.64311],[44.89019,41.64321],[44.88967,41.64341],[44.88832,41.64414],[44.88648,41.64459],[44.88602,41.64491],[44.88585,41.64522],[44.88567,41.64545],[44.88541,41.64554],[44.88381,41.64564],[44.88317,41.64582],[44.8828,41.64593],[44.88061,41.64647],[44.87936,41.64688],[44.87759,41.64733],[44.8762,41.64769],[44.87545,41.64837],[44.87331,41.65028],[44.86931,41.64821],[44.86907,41.64821],[44.86853,41.64894],[44.86874,41.6502],[44.868,41.65101],[44.86779,41.65107],[44.86691,41.6508],[44.86673,41.65126],[44.86636,41.65159],[44.86584,41.65155],[44.86473,41.65275],[44.86454,41.65313],[44.86418,41.65374],[44.86376,41.65404],[44.85552,41.65561],[44.85438,41.65564],[44.85355,41.65566],[44.85327,41.65566],[44.85217,41.65523],[44.85186,41.65523],[44.85151,41.65511],[44.85134,41.65501],[44.85125,41.65485],[44.85084,41.65487],[44.84593,41.65669],[44.84407,41.65714],[44.84299,41.65746],[44.84197,41.65746],[44.84071,41.65757],[44.83997,41.65767],[44.83983,41.65761],[44.83968,41.65763],[44.83887,41.6574],[44.83773,41.65723],[44.83747,41.6571],[44.83743,41.65695],[44.83671,41.65627],[44.83655,41.65609],[44.83634,41.656],[44.83606,41.65601],[44.83582,41.656],[44.83424,41.65639],[44.83385,41.6564],[44.83135,41.65632],[44.83017,41.65631],[44.82908,41.65635],[44.82778,41.65624],[44.82596,41.6562],[44.82501,41.65625],[44.82469,41.65619],[44.82445,41.65618],[44.82364,41.65622],[44.82226,41.65635],[44.82145,41.65646],[44.82092,41.65649],[44.82019,41.65657],[44.81907,41.65673],[44.81618,41.65693],[44.81574,41.65696],[44.81483,41.65696],[44.81469,41.65692],[44.81417,41.65679],[44.81378,41.65665],[44.81288,41.65606],[44.81216,41.65555],[44.81181,41.65535],[44.8109,41.6551],[44.80967,41.65469],[44.80762,41.65408],[44.8067,41.65375],[44.80588,41.6534],[44.80245,41.65154],[44.80195,41.65142],[44.80146,41.65142],[44.80148,41.65136],[44.8012,41.65133],[44.80108,41.65132],[44.801,41.65154],[44.80072,41.65179],[44.79968,41.65254],[44.79893,41.65319],[44.79789,41.6538],[44.79739,41.6543],[44.79673,41.65477],[44.79632,41.6555],[44.79598,41.65587],[44.79516,41.66136],[44.79517,41.66668],[44.79629,41.66846],[44.79882,41.66847],[44.79917,41.66926],[44.79877,41.67044],[44.79759,41.67089],[44.79588,41.67106],[44.79491,41.67111],[44.79434,41.67111],[44.79334,41.67105],[44.79277,41.6711],[44.79186,41.67125],[44.79152,41.6714],[44.79095,41.67163],[44.79069,41.67176],[44.78993,41.67216],[44.78969,41.67216],[44.78781,41.67277],[44.78739,41.67288],[44.78593,41.67277],[44.7844,41.6731],[44.78343,41.67344],[44.78328,41.67339],[44.78259,41.67369],[44.78153,41.67414],[44.78166,41.67445],[44.78129,41.67412],[44.78151,41.67479],[44.7818,41.67512],[44.78203,41.67524],[44.78218,41.67529],[44.78222,41.67538],[44.78237,41.67545],[44.78251,41.67562],[44.7826,41.67568],[44.78271,41.67606],[44.78292,41.67605],[44.78308,41.67629],[44.78351,41.67601],[44.78353,41.67628],[44.7837,41.67639],[44.78382,41.67661],[44.78392,41.67664],[44.7838,41.67691],[44.78368,41.67703],[44.78357,41.67714],[44.7835,41.6773],[44.78341,41.67745],[44.78327,41.6775],[44.78309,41.67766],[44.783,41.67781],[44.78293,41.67794],[44.78304,41.67859],[44.7831,41.67892],[44.78315,41.679],[44.78317,41.67911],[44.78316,41.67925],[44.78314,41.67935],[44.78313,41.67945],[44.78318,41.6796],[44.78328,41.67972],[44.78337,41.67983],[44.78347,41.68001],[44.7837,41.68024],[44.78347,41.68036],[44.78357,41.68062],[44.7837,41.6807],[44.7838,41.68077],[44.78388,41.68079],[44.78402,41.68084],[44.78413,41.68096],[44.78417,41.68113],[44.78442,41.68118],[44.78446,41.6814],[44.78466,41.68148],[44.78478,41.68157],[44.78487,41.68162],[44.78479,41.68161],[44.78528,41.68186],[44.78566,41.6818],[44.78602,41.68171],[44.78641,41.6818],[44.78632,41.68205],[44.78675,41.682],[44.78712,41.68208],[44.78773,41.68202],[44.78756,41.68222],[44.78776,41.68238],[44.78789,41.68244],[44.78806,41.68238],[44.78834,41.68223],[44.78879,41.68195],[44.78878,41.68232],[44.78931,41.68226],[44.78943,41.68256],[44.78954,41.68276],[44.78981,41.6828],[44.79013,41.68297],[44.79029,41.68313],[44.79068,41.68327],[44.79103,41.68339],[44.79123,41.68346],[44.79128,41.68356],[44.79155,41.68367],[44.79192,41.68377],[44.79206,41.68382],[44.79216,41.68397],[44.79223,41.6842],[44.7922,41.68423],[44.79264,41.68432],[44.79312,41.68431],[44.79312,41.68428],[44.7933,41.68424],[44.79349,41.68426],[44.79372,41.68439],[44.79398,41.6843],[44.79411,41.68435],[44.79444,41.6842],[44.79466,41.68404],[44.79467,41.68412],[44.79489,41.68406],[44.79529,41.68426],[44.7953,41.68428],[44.79527,41.6845],[44.79545,41.68458],[44.79578,41.68464],[44.79541,41.68511],[44.79527,41.68531],[44.79544,41.68594],[44.79572,41.68635],[44.79658,41.68714],[44.79678,41.68701],[44.79699,41.68703],[44.79705,41.68704],[44.79719,41.68715],[44.79737,41.68722],[44.79753,41.68719],[44.79761,41.68714],[44.79825,41.68714],[44.79841,41.68725],[44.79859,41.68736],[44.79865,41.68741],[44.79942,41.68751],[44.79954,41.68757],[44.80027,41.68753],[44.80075,41.68784],[44.80093,41.68793],[44.80113,41.68797],[44.80119,41.68795],[44.8012,41.68821],[44.80122,41.68874],[44.80122,41.68896],[44.80168,41.6893],[44.80166,41.68964],[44.80166,41.68967],[44.80171,41.68967],[44.80211,41.6897],[44.80221,41.68971],[44.80211,41.69072],[44.80209,41.69106],[44.80199,41.69217],[44.80194,41.69298]]]}},{"type":"Feature","properties":{"slug":"mtatsminda","name_en":"Mtatsminda","name_ka":"მთაწმინდის რაიონი","name_ru":"Мтацминда","osm_id":13438811},"geometry":{"type":"Polygon","coordinates":[[[44.80194,41.69298],[44.80192,41.69329],[44.80209,41.69381],[44.80216,41.69427],[44.8025,41.69581],[44.80259,41.69595],[44.8027,41.69604],[44.80286,41.69615],[44.8034,41.69643],[44.80591,41.69667],[44.80711,41.69677],[44.80832,41.69686],[44.80802,41.69841],[44.80791,41.69897],[44.80782,41.69937],[44.80756,41.70014],[44.80626,41.70098],[44.80496,41.70148],[44.80371,41.70198],[44.80234,41.70244],[44.79946,41.70315],[44.79892,41.70329],[44.79676,41.70402],[44.79576,41.7045],[44.79464,41.70529],[44.79426,41.70571],[44.79416,41.70584],[44.79277,41.70748],[44.79188,41.70845],[44.79049,41.70972],[44.78982,41.71109],[44.78938,41.71186],[44.78916,41.71224],[44.78902,41.71388],[44.78843,41.71542],[44.78791,41.71616],[44.78738,41.7169],[44.78727,41.71687],[44.78676,41.71667],[44.78621,41.71644],[44.78608,41.71635],[44.78397,41.7147],[44.78358,41.71437],[44.78313,41.7139],[44.78296,41.71366],[44.78271,41.71371],[44.78254,41.71371],[44.7823,41.71367],[44.78225,41.71365],[44.78214,41.7136],[44.78206,41.71355],[44.78203,41.71352],[44.78192,41.71338],[44.78186,41.71324],[44.78186,41.71313],[44.7819,41.7129],[44.78174,41.71274],[44.7815,41.71246],[44.78107,41.71198],[44.78087,41.71175],[44.78055,41.71145],[44.77906,41.70908],[44.7789,41.70875],[44.77888,41.70869],[44.77868,41.70821],[44.77863,41.7081],[44.77835,41.70743],[44.77815,41.70702],[44.77805,41.70684],[44.77751,41.70587],[44.77731,41.70502],[44.77725,41.70463],[44.77732,41.70461],[44.7772,41.70449],[44.77714,41.70443],[44.77711,41.7044],[44.77707,41.70438],[44.77702,41.70435],[44.77695,41.70432],[44.77688,41.70412],[44.77678,41.70406],[44.77651,41.70402],[44.77616,41.70397],[44.77606,41.70398],[44.77585,41.70398],[44.77534,41.70402],[44.77502,41.70402],[44.77495,41.704],[44.77488,41.70397],[44.77481,41.70389],[44.77483,41.70376],[44.77489,41.70349],[44.77489,41.70342],[44.7749,41.70334],[44.77485,41.70327],[44.77452,41.70305],[44.77427,41.70286],[44.77404,41.70279],[44.7736,41.70273],[44.7732,41.70264],[44.77291,41.70258],[44.77264,41.7026],[44.77259,41.70261],[44.77231,41.70268],[44.77227,41.70269],[44.77212,41.70272],[44.77195,41.70271],[44.77172,41.70268],[44.77163,41.70264],[44.77157,41.7026],[44.77155,41.70257],[44.77154,41.70243],[44.77153,41.70233],[44.77148,41.70226],[44.77138,41.70221],[44.77126,41.70216],[44.7712,41.70213],[44.7711,41.70209],[44.77088,41.70193],[44.77074,41.70182],[44.77061,41.70178],[44.7705,41.70174],[44.77049,41.70174],[44.77031,41.70169],[44.77005,41.70162],[44.76975,41.70153],[44.76954,41.70146],[44.76939,41.70142],[44.76915,41.70137],[44.76898,41.70134],[44.76889,41.70133],[44.76891,41.70096],[44.76889,41.70092],[44.76885,41.70089],[44.7688,41.70088],[44.76813,41.70082],[44.768,41.70085],[44.76738,41.70059],[44.76725,41.70055],[44.76701,41.70056],[44.76686,41.70065],[44.76681,41.70071],[44.76613,41.7005],[44.76603,41.70049],[44.76595,41.70052],[44.76581,41.70062],[44.76569,41.70064],[44.76562,41.70061],[44.76543,41.70042],[44.76508,41.70026],[44.76502,41.70021],[44.76495,41.7],[44.76485,41.70002],[44.76479,41.70012],[44.76475,41.70021],[44.76464,41.70026],[44.76452,41.70025],[44.76445,41.70021],[44.76442,41.70014],[44.7644,41.70008],[44.76433,41.70003],[44.76422,41.69999],[44.76416,41.70001],[44.7641,41.70004],[44.76402,41.70008],[44.76393,41.70006],[44.7639,41.70001],[44.76392,41.69981],[44.76388,41.69972],[44.76375,41.6997],[44.76363,41.69973],[44.76351,41.69976],[44.76343,41.69975],[44.76338,41.69969],[44.76335,41.69964],[44.76328,41.69955],[44.76319,41.6995],[44.7631,41.69945],[44.76272,41.69934],[44.76267,41.69938],[44.76261,41.6994],[44.76254,41.69939],[44.7625,41.6994],[44.76242,41.69941],[44.76238,41.6994],[44.76232,41.69935],[44.76231,41.69928],[44.76226,41.69922],[44.76215,41.69925],[44.76211,41.69928],[44.76202,41.69927],[44.76195,41.69925],[44.76183,41.69924],[44.76173,41.69919],[44.76167,41.69911],[44.76163,41.69903],[44.76158,41.69899],[44.76148,41.69899],[44.76139,41.69899],[44.76134,41.69891],[44.7613,41.69883],[44.76109,41.69879],[44.76101,41.69881],[44.76093,41.69885],[44.76087,41.69887],[44.76078,41.69888],[44.76073,41.69883],[44.76075,41.69877],[44.76071,41.69871],[44.76063,41.69868],[44.76055,41.69869],[44.76052,41.69873],[44.76046,41.69871],[44.76037,41.69865],[44.76031,41.6986],[44.76021,41.6986],[44.76014,41.69866],[44.76008,41.69871],[44.76001,41.69875],[44.75989,41.69875],[44.75983,41.69871],[44.75983,41.69865],[44.75977,41.69861],[44.75971,41.69856],[44.75971,41.6985],[44.7597,41.69844],[44.75967,41.69837],[44.75963,41.69834],[44.75952,41.69834],[44.75947,41.69839],[44.75943,41.69843],[44.75935,41.69843],[44.75927,41.69842],[44.75914,41.69836],[44.75914,41.69831],[44.75905,41.69826],[44.75899,41.69827],[44.75888,41.69827],[44.7588,41.69827],[44.75874,41.69824],[44.75867,41.69818],[44.75861,41.69814],[44.75851,41.6981],[44.75843,41.69808],[44.75825,41.69806],[44.75816,41.69808],[44.75807,41.69807],[44.75799,41.69805],[44.75791,41.69804],[44.75779,41.69805],[44.7577,41.69807],[44.75758,41.69808],[44.7575,41.69807],[44.75742,41.69804],[44.75739,41.69802],[44.75732,41.69798],[44.75722,41.69798],[44.75716,41.69799],[44.75706,41.698],[44.75701,41.69799],[44.75695,41.69796],[44.75692,41.69792],[44.75687,41.69788],[44.75686,41.69785],[44.75674,41.69786],[44.75658,41.69787],[44.75649,41.69787],[44.75639,41.69786],[44.75634,41.69782],[44.75621,41.69779],[44.75618,41.69779],[44.75603,41.69778],[44.75594,41.69778],[44.75583,41.69779],[44.75572,41.69776],[44.7557,41.69773],[44.75569,41.69765],[44.75572,41.69762],[44.75574,41.69757],[44.75573,41.69752],[44.75567,41.69746],[44.75566,41.69741],[44.75562,41.69739],[44.7555,41.69739],[44.75537,41.69741],[44.75529,41.69739],[44.75524,41.69734],[44.75521,41.69732],[44.75516,41.69725],[44.75511,41.6972],[44.755,41.69721],[44.75491,41.69723],[44.75475,41.69728],[44.75464,41.6973],[44.75459,41.6973],[44.75456,41.69725],[44.75456,41.6972],[44.75456,41.69715],[44.75456,41.69712],[44.75452,41.69709],[44.75447,41.69707],[44.75439,41.6971],[44.75433,41.69713],[44.75429,41.69718],[44.75426,41.69722],[44.75419,41.69724],[44.75412,41.69724],[44.75401,41.69721],[44.75392,41.69718],[44.75388,41.69715],[44.75376,41.69715],[44.75366,41.69715],[44.75353,41.69715],[44.75347,41.69715],[44.75337,41.69713],[44.75329,41.69709],[44.75325,41.69707],[44.75325,41.69705],[44.75319,41.697],[44.7531,41.69695],[44.75296,41.69691],[44.75287,41.69688],[44.7528,41.69685],[44.75275,41.69677],[44.75273,41.69666],[44.75273,41.69662],[44.75273,41.69652],[44.75275,41.69648],[44.7527,41.6964],[44.75267,41.69634],[44.75267,41.69628],[44.75267,41.69626],[44.75261,41.6962],[44.75254,41.69616],[44.75245,41.69613],[44.75239,41.69612],[44.75232,41.69612],[44.75227,41.69611],[44.75209,41.69601],[44.75205,41.69598],[44.752,41.69595],[44.75178,41.69595],[44.75169,41.69596],[44.75162,41.69595],[44.75155,41.69591],[44.75146,41.69592],[44.75143,41.69596],[44.75138,41.69598],[44.75133,41.69597],[44.75128,41.69592],[44.75121,41.69588],[44.75114,41.69588],[44.75106,41.6959],[44.75098,41.69595],[44.75089,41.69601],[44.75081,41.69607],[44.75077,41.69611],[44.7507,41.69613],[44.75057,41.69614],[44.75032,41.69611],[44.75014,41.6961],[44.74989,41.69609],[44.74976,41.69607],[44.74959,41.69606],[44.74936,41.69601],[44.74873,41.69587],[44.74857,41.69586],[44.7484,41.69585],[44.74827,41.69586],[44.74814,41.69585],[44.74807,41.69584],[44.74793,41.6958],[44.74786,41.69577],[44.74775,41.69571],[44.74769,41.69567],[44.74758,41.69564],[44.74741,41.69562],[44.74728,41.69559],[44.74724,41.69556],[44.74713,41.69554],[44.74699,41.69552],[44.74687,41.69549],[44.7468,41.69542],[44.74676,41.69536],[44.74672,41.69529],[44.74666,41.69523],[44.7466,41.69523],[44.74653,41.69529],[44.74643,41.69538],[44.74638,41.69548],[44.74625,41.69552],[44.74611,41.6955],[44.74602,41.69545],[44.74587,41.69543],[44.74572,41.69543],[44.74559,41.6954],[44.74545,41.69533],[44.74525,41.69526],[44.74507,41.69522],[44.74475,41.6952],[44.7445,41.69522],[44.74429,41.6952],[44.74409,41.69502],[44.744,41.69481],[44.74382,41.69453],[44.74366,41.69409],[44.74353,41.69397],[44.74317,41.69346],[44.74314,41.69327],[44.74332,41.69297],[44.74338,41.69288],[44.74348,41.69275],[44.74358,41.69258],[44.74367,41.69257],[44.74379,41.69256],[44.74373,41.69248],[44.74368,41.69241],[44.74368,41.69239],[44.74367,41.69218],[44.74389,41.69157],[44.74394,41.69115],[44.74394,41.6903],[44.74391,41.69017],[44.74391,41.68994],[44.74378,41.68966],[44.7436,41.6895],[44.74337,41.68943],[44.74317,41.68936],[44.74212,41.68917],[44.74194,41.68914],[44.74112,41.68898],[44.73916,41.68847],[44.73872,41.68833],[44.7386,41.6882],[44.73835,41.68761],[44.73822,41.68746],[44.73802,41.68732],[44.73785,41.68725],[44.73748,41.68717],[44.73661,41.68699],[44.73608,41.68687],[44.7351,41.68677],[44.7347,41.68677],[44.732,41.68651],[44.73105,41.68648],[44.73037,41.68645],[44.7291,41.6865],[44.72821,41.68653],[44.72663,41.68663],[44.72421,41.68711],[44.72344,41.68761],[44.72284,41.68809],[44.72253,41.6882],[44.72034,41.68783],[44.71891,41.68756],[44.71796,41.68731],[44.71786,41.68718],[44.71793,41.6868],[44.7183,41.6861],[44.71861,41.68504],[44.71857,41.6842],[44.71834,41.68366],[44.71813,41.68337],[44.71783,41.68303],[44.71731,41.68272],[44.71558,41.6823],[44.7134,41.68187],[44.70999,41.68138],[44.70941,41.68109],[44.709,41.68033],[44.70665,41.67904],[44.70493,41.67845],[44.70273,41.67698],[44.70125,41.67584],[44.70025,41.67466],[44.69942,41.67164],[44.69843,41.66994],[44.69835,41.66918],[44.6987,41.66757],[44.69856,41.66684],[44.69812,41.66693],[44.69724,41.66728],[44.69576,41.66853],[44.69243,41.66883],[44.68939,41.6693],[44.68885,41.66962],[44.68819,41.67075],[44.6863,41.67252],[44.68112,41.67407],[44.67936,41.67385],[44.67834,41.67358],[44.67732,41.67356],[44.67515,41.67262],[44.67421,41.67241],[44.67302,41.67251],[44.67194,41.6727],[44.67087,41.6725],[44.66982,41.67214],[44.66869,41.672],[44.66749,41.67174],[44.66703,41.67145],[44.66593,41.67092],[44.66498,41.67067],[44.66382,41.6703],[44.66357,41.67003],[44.66121,41.66968],[44.65702,41.67057],[44.65691,41.67083],[44.65558,41.67152],[44.65539,41.67139],[44.65425,41.67133],[44.65417,41.67145],[44.65312,41.67153],[44.65308,41.67166],[44.65106,41.67194],[44.65054,41.67169],[44.65022,41.67156],[44.6489,41.67161],[44.6488,41.67173],[44.64887,41.67219],[44.64862,41.67203],[44.64842,41.67176],[44.64761,41.67178],[44.64733,41.67058],[44.64684,41.67058],[44.64506,41.67027],[44.64453,41.67003],[44.64378,41.67038],[44.6431,41.67032],[44.64092,41.66986],[44.64109,41.66935],[44.63954,41.66902],[44.63992,41.66838],[44.64051,41.66783],[44.63811,41.66642],[44.63838,41.66584],[44.63824,41.66426],[44.63777,41.66364],[44.63697,41.66286],[44.63616,41.6618],[44.63189,41.66086],[44.63114,41.66052],[44.63066,41.66034],[44.62808,41.65992],[44.62637,41.65913],[44.62389,41.65884],[44.62297,41.65885],[44.62344,41.65615],[44.62921,41.6459],[44.63362,41.63794],[44.63445,41.63746],[44.63517,41.63718],[44.63565,41.63714],[44.63618,41.6373],[44.63667,41.6375],[44.63719,41.63789],[44.63731,41.63792],[44.63745,41.63787],[44.63754,41.63765],[44.63757,41.63753],[44.6376,41.63731],[44.63782,41.63707],[44.63812,41.63697],[44.63835,41.63694],[44.63989,41.63621],[44.64068,41.6361],[44.6414,41.63641],[44.64207,41.63656],[44.64284,41.63679],[44.64346,41.63712],[44.6437,41.63775],[44.64429,41.63826],[44.64438,41.63838],[44.64474,41.63938],[44.6454,41.6395],[44.64607,41.63869],[44.64668,41.63759],[44.64746,41.63723],[44.64809,41.63748],[44.64913,41.63748],[44.64994,41.63776],[44.65036,41.63837],[44.65075,41.63859],[44.65239,41.63905],[44.65226,41.63968],[44.65256,41.64009],[44.65362,41.64075],[44.65427,41.64038],[44.65449,41.63916],[44.65508,41.63861],[44.65513,41.63859],[44.65598,41.63825],[44.65717,41.63869],[44.65786,41.63972],[44.65891,41.64035],[44.66192,41.64043],[44.66238,41.64075],[44.66222,41.64108],[44.66214,41.64148],[44.66303,41.64175],[44.66425,41.64197],[44.6644,41.6422],[44.66439,41.6425],[44.66472,41.64273],[44.66512,41.64287],[44.66538,41.64301],[44.66551,41.6432],[44.66553,41.64332],[44.6658,41.64371],[44.66617,41.64382],[44.66664,41.64422],[44.66764,41.64463],[44.66878,41.64491],[44.66983,41.64554],[44.67104,41.64714],[44.67213,41.64786],[44.67355,41.64789],[44.67359,41.64754],[44.67382,41.6472],[44.67374,41.64651],[44.67385,41.64515],[44.67376,41.64438],[44.67346,41.64361],[44.67333,41.64252],[44.6735,41.64213],[44.67355,41.64173],[44.67597,41.64143],[44.67728,41.64171],[44.68157,41.64163],[44.68295,41.64198],[44.68767,41.64087],[44.68998,41.64127],[44.69174,41.64141],[44.69159,41.64175],[44.69162,41.64206],[44.69215,41.64227],[44.69278,41.64245],[44.69323,41.64244],[44.69354,41.64256],[44.69381,41.64273],[44.69398,41.64289],[44.69454,41.64309],[44.69533,41.64317],[44.69612,41.6429],[44.69674,41.64265],[44.69711,41.6425],[44.69783,41.64248],[44.69828,41.64236],[44.6989,41.64237],[44.69951,41.64244],[44.70042,41.64247],[44.70121,41.64256],[44.70186,41.64237],[44.70213,41.6423],[44.70307,41.64245],[44.70394,41.64264],[44.70452,41.64255],[44.70499,41.64237],[44.70547,41.64209],[44.7058,41.64205],[44.70635,41.64214],[44.71015,41.64115],[44.7178,41.64013],[44.72059,41.64021],[44.7217,41.64016],[44.72224,41.64011],[44.72291,41.64014],[44.72379,41.64005],[44.72441,41.63995],[44.72606,41.63962],[44.73034,41.6383],[44.73568,41.63888],[44.73724,41.63932],[44.7382,41.63984],[44.73867,41.63998],[44.73883,41.63979],[44.73885,41.63945],[44.73885,41.63894],[44.73887,41.63884],[44.73906,41.63878],[44.73928,41.63873],[44.73938,41.63865],[44.73955,41.63834],[44.73971,41.63822],[44.73984,41.63821],[44.74008,41.63827],[44.74023,41.63828],[44.74034,41.63827],[44.74038,41.63828],[44.74039,41.63833],[44.74048,41.63836],[44.74065,41.63834],[44.74096,41.63823],[44.74115,41.63819],[44.74136,41.63809],[44.7415,41.63796],[44.7416,41.63772],[44.74171,41.63762],[44.74196,41.63756],[44.74246,41.63754],[44.74263,41.6375],[44.74285,41.6374],[44.74319,41.6373],[44.74344,41.63723],[44.74355,41.63716],[44.74353,41.63699],[44.74343,41.63685],[44.7434,41.63676],[44.74406,41.6364],[44.74437,41.63627],[44.74466,41.63614],[44.74505,41.63611],[44.74524,41.63607],[44.74535,41.636],[44.74538,41.63584],[44.74538,41.63572],[44.74527,41.63559],[44.74516,41.63549],[44.74511,41.63537],[44.74515,41.63527],[44.74524,41.63522],[44.74546,41.63522],[44.7456,41.63522],[44.74573,41.63517],[44.7458,41.63507],[44.74588,41.63483],[44.74594,41.63469],[44.74607,41.63453],[44.74624,41.63442],[44.7465,41.63439],[44.74681,41.63432],[44.74697,41.6343],[44.74714,41.63432],[44.74732,41.63429],[44.74762,41.63416],[44.74775,41.6341],[44.74789,41.6341],[44.74797,41.63406],[44.74801,41.63397],[44.74804,41.63396],[44.7481,41.63398],[44.74812,41.63396],[44.74816,41.6339],[44.74823,41.63389],[44.74837,41.63399],[44.74847,41.63404],[44.74853,41.63401],[44.74859,41.63396],[44.74867,41.63387],[44.74888,41.63372],[44.74914,41.63354],[44.74935,41.63342],[44.74947,41.63327],[44.74953,41.63327],[44.74958,41.63332],[44.74967,41.63334],[44.74977,41.63326],[44.74998,41.63313],[44.75002,41.63299],[44.75015,41.6329],[44.75026,41.63284],[44.75031,41.63264],[44.75036,41.63253],[44.75041,41.63247],[44.75068,41.63243],[44.7509,41.63236],[44.75121,41.63222],[44.75139,41.63223],[44.75154,41.63231],[44.75167,41.63226],[44.75179,41.63212],[44.75174,41.63188],[44.75161,41.63151],[44.75162,41.63138],[44.75212,41.63122],[44.75294,41.63102],[44.75378,41.63092],[44.75405,41.63088],[44.75413,41.6308],[44.75417,41.63067],[44.75417,41.63052],[44.75403,41.63046],[44.75397,41.6304],[44.75402,41.63031],[44.75419,41.6302],[44.75419,41.63004],[44.75425,41.62984],[44.75445,41.62976],[44.75519,41.62963],[44.75541,41.62957],[44.75557,41.62947],[44.75555,41.62932],[44.75541,41.62923],[44.75537,41.6291],[44.75545,41.629],[44.75568,41.629],[44.756,41.62908],[44.75625,41.62907],[44.75647,41.62898],[44.75665,41.62881],[44.75692,41.62868],[44.75727,41.62867],[44.75752,41.62875],[44.75735,41.63495],[44.75809,41.63436],[44.7592,41.63384],[44.7603,41.63319],[44.7606,41.63304],[44.76139,41.63274],[44.76162,41.63271],[44.76202,41.63257],[44.76238,41.63249],[44.7626,41.63246],[44.76331,41.63264],[44.76442,41.63253],[44.76509,41.63255],[44.76544,41.63252],[44.76567,41.63256],[44.76607,41.6326],[44.76642,41.63252],[44.76713,41.63228],[44.7682,41.63184],[44.76929,41.63166],[44.77022,41.63152],[44.77063,41.63153],[44.77113,41.63164],[44.77145,41.63157],[44.77198,41.63139],[44.77228,41.63133],[44.77248,41.63133],[44.77381,41.63154],[44.7741,41.63157],[44.77433,41.63154],[44.77481,41.63148],[44.77555,41.63113],[44.77628,41.63104],[44.77716,41.63113],[44.7781,41.63125],[44.7786,41.63129],[44.77913,41.63143],[44.77941,41.63154],[44.77964,41.63166],[44.78006,41.63193],[44.78015,41.63209],[44.78029,41.63247],[44.78029,41.63262],[44.7802,41.63287],[44.77972,41.63357],[44.77915,41.63426],[44.7809,41.6351],[44.78137,41.63455],[44.78197,41.63418],[44.78232,41.63404],[44.78266,41.63397],[44.78275,41.63391],[44.7828,41.6338],[44.7828,41.63357],[44.78282,41.63349],[44.78294,41.63343],[44.7831,41.6334],[44.78333,41.63342],[44.78347,41.63343],[44.78356,41.63335],[44.78362,41.6332],[44.78376,41.63307],[44.78389,41.633],[44.78407,41.63299],[44.7842,41.63292],[44.7843,41.63272],[44.78439,41.63261],[44.78453,41.63253],[44.7848,41.63245],[44.78505,41.63234],[44.78522,41.63223],[44.7853,41.63209],[44.78524,41.63186],[44.78527,41.63167],[44.78533,41.63162],[44.78545,41.63158],[44.78599,41.63161],[44.78638,41.6317],[44.7868,41.63192],[44.78716,41.6321],[44.78765,41.6325],[44.78776,41.63271],[44.78747,41.63322],[44.78725,41.6337],[44.78732,41.63388],[44.78783,41.63411],[44.78889,41.63449],[44.78933,41.63475],[44.78946,41.63469],[44.78981,41.63452],[44.78997,41.63446],[44.79003,41.6344],[44.79017,41.63384],[44.79022,41.63355],[44.79014,41.63328],[44.79019,41.63302],[44.79016,41.63291],[44.79015,41.6328],[44.79016,41.63265],[44.79015,41.63238],[44.79018,41.63222],[44.7904,41.63195],[44.79043,41.63183],[44.79035,41.63176],[44.79036,41.63168],[44.7905,41.63161],[44.79074,41.63156],[44.79087,41.63144],[44.79111,41.63116],[44.7912,41.63099],[44.79125,41.63095],[44.79141,41.63098],[44.79154,41.63094],[44.79162,41.63085],[44.79163,41.63075],[44.79153,41.6307],[44.79149,41.63065],[44.79155,41.63059],[44.79166,41.63052],[44.79187,41.63048],[44.79205,41.63039],[44.79224,41.63023],[44.7923,41.63004],[44.79238,41.6299],[44.79246,41.62984],[44.79264,41.62976],[44.79268,41.62965],[44.79273,41.62941],[44.79273,41.62929],[44.79264,41.62911],[44.79264,41.62898],[44.79275,41.62887],[44.79291,41.62877],[44.79303,41.62867],[44.79308,41.62849],[44.79308,41.62825],[44.79315,41.62808],[44.79326,41.62802],[44.7934,41.628],[44.79354,41.62802],[44.79364,41.628],[44.79374,41.6279],[44.79385,41.62775],[44.79398,41.62762],[44.79429,41.62746],[44.79468,41.6273],[44.79491,41.62725],[44.79516,41.62723],[44.79529,41.6272],[44.79541,41.62707],[44.79564,41.6268],[44.79583,41.62669],[44.79604,41.62651],[44.79617,41.62634],[44.79628,41.62624],[44.79642,41.62607],[44.79647,41.62595],[44.7964,41.62584],[44.79621,41.6256],[44.79616,41.62537],[44.7963,41.62511],[44.7965,41.62497],[44.79668,41.62491],[44.79684,41.62489],[44.79703,41.6249],[44.79713,41.62497],[44.79716,41.62509],[44.79713,41.62524],[44.79718,41.62531],[44.79728,41.62535],[44.79748,41.62539],[44.79873,41.62547],[44.79888,41.62549],[44.799,41.62553],[44.79908,41.62554],[44.79914,41.62552],[44.79917,41.62553],[44.79918,41.62559],[44.79916,41.62576],[44.79917,41.62585],[44.79982,41.62604],[44.79985,41.62607],[44.79982,41.62633],[44.80003,41.62708],[44.80027,41.62805],[44.80021,41.62819],[44.80053,41.62919],[44.80048,41.62945],[44.80087,41.62948],[44.80112,41.62952],[44.80123,41.62959],[44.80254,41.6304],[44.80256,41.63057],[44.8017,41.63102],[44.80163,41.63114],[44.80195,41.63131],[44.80309,41.63193],[44.80354,41.6321],[44.80365,41.63206],[44.80371,41.63191],[44.80391,41.63176],[44.80425,41.63164],[44.80447,41.6317],[44.80642,41.63294],[44.80659,41.63305],[44.80884,41.63447],[44.80894,41.63459],[44.80898,41.63463],[44.80877,41.63487],[44.80857,41.63513],[44.8082,41.63555],[44.80774,41.63573],[44.80732,41.63589],[44.80698,41.636],[44.8067,41.63617],[44.80643,41.63635],[44.80623,41.63655],[44.80602,41.63669],[44.80583,41.63685],[44.80546,41.63706],[44.80513,41.63718],[44.80447,41.63773],[44.80414,41.63796],[44.80394,41.63806],[44.80378,41.63818],[44.80358,41.63827],[44.80344,41.63839],[44.80285,41.63876],[44.80229,41.63916],[44.80213,41.63924],[44.80205,41.63943],[44.80212,41.63967],[44.80225,41.63972],[44.8025,41.64024],[44.80234,41.6405],[44.8022,41.64067],[44.80191,41.64088],[44.80173,41.64092],[44.80168,41.641],[44.80165,41.64125],[44.80155,41.64135],[44.80139,41.64133],[44.80131,41.64142],[44.80127,41.6416],[44.80111,41.64166],[44.801,41.6418],[44.80081,41.64196],[44.8007,41.64226],[44.80053,41.64239],[44.80049,41.64259],[44.80027,41.64292],[44.80007,41.64312],[44.79974,41.64321],[44.79968,41.6433],[44.79978,41.64341],[44.79973,41.6436],[44.79965,41.64397],[44.79955,41.64424],[44.79944,41.64464],[44.79933,41.64486],[44.79922,41.64516],[44.7991,41.6454],[44.79896,41.64545],[44.79883,41.64562],[44.79871,41.6457],[44.79861,41.64592],[44.79853,41.64617],[44.79832,41.64641],[44.79794,41.64679],[44.79757,41.64712],[44.79743,41.64757],[44.79716,41.64776],[44.79701,41.64803],[44.79672,41.64818],[44.79631,41.6482],[44.79609,41.64844],[44.79562,41.64903],[44.79539,41.64911],[44.79464,41.64951],[44.79446,41.64964],[44.79445,41.64988],[44.79455,41.64995],[44.79515,41.64984],[44.79694,41.64985],[44.79854,41.6499],[44.79902,41.65025],[44.79945,41.65041],[44.80029,41.65036],[44.80049,41.65035],[44.80107,41.65033],[44.80134,41.65039],[44.80154,41.65106],[44.80148,41.65136],[44.8012,41.65133],[44.80108,41.65132],[44.801,41.65154],[44.80072,41.65179],[44.79968,41.65254],[44.79893,41.65319],[44.79789,41.6538],[44.79739,41.6543],[44.79673,41.65477],[44.79632,41.6555],[44.79598,41.65587],[44.79516,41.66136],[44.79517,41.66668],[44.79629,41.66846],[44.79882,41.66847],[44.79917,41.66926],[44.79877,41.67044],[44.79759,41.67089],[44.79588,41.67106],[44.79491,41.67111],[44.79434,41.67111],[44.79334,41.67105],[44.79277,41.6711],[44.79186,41.67125],[44.79152,41.6714],[44.79095,41.67163],[44.79069,41.67176],[44.78993,41.67216],[44.78969,41.67216],[44.78781,41.67277],[44.78739,41.67288],[44.78593,41.67277],[44.7844,41.6731],[44.78343,41.67344],[44.78328,41.67339],[44.78259,41.67369],[44.78153,41.67414],[44.78166,41.67445],[44.78129,41.67412],[44.78151,41.67479],[44.7818,41.67512],[44.78203,41.67524],[44.78218,41.67529],[44.78222,41.67538],[44.78237,41.67545],[44.78251,41.67562],[44.7826,41.67568],[44.78271,41.67606],[44.78292,41.67605],[44.78308,41.67629],[44.78351,41.67601],[44.78353,41.67628],[44.7837,41.67639],[44.78382,41.67661],[44.78392,41.67664],[44.7838,41.67691],[44.78368,41.67703],[44.78357,41.67714],[44.7835,41.6773],[44.78341,41.67745],[44.78327,41.6775],[44.78309,41.67766],[44.783,41.67781],[44.78293,41.67794],[44.78304,41.67859],[44.7831,41.67892],[44.78315,41.679],[44.78317,41.67911],[44.78316,41.67925],[44.78314,41.67935],[44.78313,41.67945],[44.78318,41.6796],[44.78328,41.67972],[44.78337,41.67983],[44.78347,41.68001],[44.7837,41.68024],[44.78347,41.68036],[44.78357,41.68062],[44.7837,41.6807],[44.7838,41.68077],[44.78388,41.68079],[44.78402,41.68084],[44.78413,41.68096],[44.78417,41.68113],[44.78442,41.68118],[44.78446,41.6814],[44.78466,41.68148],[44.78478,41.68157],[44.78487,41.68162],[44.78479,41.68161],[44.78528,41.68186],[44.78566,41.6818],[44.78602,41.68171],[44.78641,41.6818],[44.78632,41.68205],[44.78675,41.682],[44.78712,41.68208],[44.78773,41.68202],[44.78756,41.68222],[44.78776,41.68238],[44.78789,41.68244],[44.78806,41.68238],[44.78834,41.68223],[44.78879,41.68195],[44.78878,41.68232],[44.78931,41.68226],[44.78943,41.68256],[44.78954,41.68276],[44.78981,41.6828],[44.79013,41.68297],[44.79029,41.68313],[44.79068,41.68327],[44.79103,41.68339],[44.79123,41.68346],[44.79128,41.68356],[44.79155,41.68367],[44.79192,41.68377],[44.79206,41.68382],[44.79216,41.68397],[44.79223,41.6842],[44.7922,41.68423],[44.79264,41.68432],[44.79312,41.68431],[44.79312,41.68428],[44.7933,41.68424],[44.79349,41.68426],[44.79372,41.68439],[44.79398,41.6843],[44.79411,41.68435],[44.79444,41.6842],[44.79466,41.68404],[44.79467,41.68412],[44.79489,41.68406],[44.79529,41.68426],[44.7953,41.68428],[44.79527,41.6845],[44.79545,41.68458],[44.79578,41.68464],[44.79541,41.68511],[44.79527,41.68531],[44.79544,41.68594],[44.79572,41.68635],[44.79658,41.68714],[44.79678,41.68701],[44.79699,41.68703],[44.79705,41.68704],[44.79719,41.68715],[44.79737,41.68722],[44.79753,41.68719],[44.79761,41.68714],[44.79825,41.68714],[44.79841,41.68725],[44.79859,41.68736],[44.79865,41.68741],[44.79942,41.68751],[44.79954,41.68757],[44.80027,41.68753],[44.80075,41.68784],[44.80093,41.68793],[44.80113,41.68797],[44.80119,41.68795],[44.8012,41.68821],[44.80122,41.68874],[44.80122,41.68896],[44.80168,41.6893],[44.80166,41.68964],[44.80166,41.68967],[44.80171,41.68967],[44.80211,41.6897],[44.80221,41.68971],[44.80211,41.69072],[44.80209,41.69106],[44.80199,41.69217],[44.80194,41.69298]]]}},{"type":"Feature","properties":{"slug":"nadzaladevi","name_en":"Nadzaladevi","name_ka":"ნაძალადევის რაიონი","name_ru":"Надзаладеви","osm_id":11300438},"geometry":{"type":"Polygon","coordinates":[[[44.87521,41.76347],[44.87508,41.76353],[44.87449,41.76392],[44.87414,41.76409],[44.87389,41.76417],[44.87375,41.76423],[44.8736,41.76425],[44.87349,41.76422],[44.87342,41.76429],[44.8733,41.76443],[44.87306,41.76435],[44.87292,41.76413],[44.87301,41.76371],[44.87292,41.76342],[44.87263,41.76318],[44.87235,41.76291],[44.87226,41.76273],[44.8722,41.76242],[44.87212,41.76211],[44.87197,41.76188],[44.87169,41.76131],[44.87167,41.76113],[44.87154,41.76097],[44.87118,41.76062],[44.8708,41.75999],[44.87064,41.7599],[44.87036,41.75988],[44.87011,41.75975],[44.87,41.75951],[44.86992,41.75911],[44.86985,41.75898],[44.86968,41.75883],[44.86954,41.75873],[44.86937,41.75872],[44.86924,41.75879],[44.86803,41.75985],[44.86746,41.76027],[44.86734,41.76043],[44.86737,41.76052],[44.86746,41.76056],[44.86756,41.76064],[44.86757,41.7608],[44.8675,41.76119],[44.8676,41.76147],[44.86765,41.76159],[44.8677,41.76176],[44.86758,41.76182],[44.86741,41.76181],[44.86719,41.76164],[44.86704,41.76144],[44.86661,41.76106],[44.86562,41.76042],[44.86536,41.76032],[44.86522,41.7603],[44.8649,41.76034],[44.86472,41.76033],[44.8643,41.76015],[44.86405,41.76001],[44.86381,41.75984],[44.86352,41.75987],[44.86258,41.76041],[44.86234,41.76051],[44.8622,41.7605],[44.86191,41.76034],[44.86009,41.76145],[44.8599,41.76159],[44.85945,41.76189],[44.85922,41.76209],[44.85906,41.76231],[44.85894,41.76236],[44.85895,41.76247],[44.85883,41.76256],[44.85832,41.76275],[44.85822,41.76285],[44.85818,41.76297],[44.85798,41.76305],[44.85785,41.76308],[44.8578,41.76304],[44.85768,41.76312],[44.85761,41.76323],[44.85753,41.76331],[44.85734,41.76338],[44.85694,41.76368],[44.85575,41.76458],[44.85562,41.76464],[44.85556,41.76472],[44.85553,41.76483],[44.85536,41.76495],[44.85512,41.76534],[44.85498,41.7654],[44.85485,41.76543],[44.85475,41.76547],[44.85472,41.76553],[44.8544,41.76565],[44.85433,41.76574],[44.85424,41.76579],[44.85409,41.76581],[44.85394,41.7658],[44.85378,41.76583],[44.85366,41.76589],[44.85359,41.76598],[44.85337,41.7661],[44.85311,41.76634],[44.85302,41.76643],[44.85291,41.7665],[44.85234,41.76706],[44.85217,41.76731],[44.85203,41.76759],[44.85188,41.76764],[44.85177,41.76781],[44.85166,41.76787],[44.85151,41.768],[44.85137,41.76822],[44.85125,41.76825],[44.85117,41.76831],[44.85108,41.76848],[44.85092,41.76859],[44.85082,41.76878],[44.85072,41.76885],[44.85065,41.76897],[44.85055,41.76903],[44.8499,41.76914],[44.84969,41.76926],[44.84951,41.76943],[44.84798,41.77043],[44.8472,41.77099],[44.84712,41.77116],[44.84698,41.77125],[44.84666,41.77139],[44.84636,41.7716],[44.84622,41.7716],[44.846,41.77165],[44.84536,41.77241],[44.84415,41.77309],[44.84375,41.77315],[44.84344,41.77325],[44.84255,41.77369],[44.84227,41.77393],[44.84137,41.77474],[44.84115,41.77504],[44.84046,41.77538],[44.84028,41.77555],[44.84002,41.7757],[44.83946,41.77592],[44.83927,41.77605],[44.83857,41.7764],[44.83772,41.77674],[44.83754,41.77678],[44.83655,41.77719],[44.83583,41.77748],[44.83501,41.7776],[44.83452,41.77737],[44.83367,41.77718],[44.83312,41.77695],[44.83296,41.77707],[44.83234,41.77744],[44.8322,41.77732],[44.83104,41.77626],[44.82969,41.77646],[44.82947,41.77652],[44.8287,41.77689],[44.82472,41.77939],[44.82393,41.77987],[44.82384,41.77993],[44.82371,41.78],[44.82345,41.78015],[44.82338,41.78024],[44.82316,41.78025],[44.82268,41.78025],[44.82199,41.78039],[44.82195,41.78036],[44.82141,41.78041],[44.82134,41.78015],[44.8202,41.78049],[44.82011,41.78061],[44.81988,41.78116],[44.81967,41.78132],[44.81933,41.78146],[44.81822,41.78177],[44.81683,41.78183],[44.81606,41.7819],[44.8138,41.78344],[44.81359,41.7837],[44.81305,41.78418],[44.81345,41.78446],[44.81278,41.78519],[44.81226,41.78549],[44.81194,41.78579],[44.81166,41.78599],[44.81144,41.78622],[44.8114,41.78639],[44.81129,41.78659],[44.81107,41.78682],[44.81091,41.7869],[44.81073,41.78692],[44.81055,41.78712],[44.81043,41.78721],[44.81026,41.78741],[44.81006,41.7875],[44.80982,41.78752],[44.80963,41.78761],[44.80956,41.78772],[44.80952,41.78783],[44.80955,41.78794],[44.80945,41.7881],[44.80928,41.78821],[44.8091,41.78824],[44.80903,41.78823],[44.80878,41.78821],[44.80846,41.78807],[44.80762,41.7879],[44.80747,41.78783],[44.8068,41.78763],[44.80646,41.78758],[44.80622,41.78761],[44.80584,41.78757],[44.8057,41.78754],[44.80508,41.78744],[44.8049,41.78743],[44.80454,41.78733],[44.80368,41.78703],[44.80353,41.78694],[44.80346,41.78687],[44.80347,41.78681],[44.80339,41.78672],[44.80326,41.78662],[44.80315,41.7866],[44.8031,41.78655],[44.80286,41.78643],[44.80226,41.7863],[44.80226,41.78651],[44.80204,41.78663],[44.80155,41.78638],[44.80061,41.78588],[44.80042,41.78579],[44.79933,41.78546],[44.79809,41.78514],[44.7977,41.78509],[44.79739,41.78507],[44.7901,41.78579],[44.79014,41.78598],[44.78738,41.78629],[44.78714,41.78552],[44.78695,41.78493],[44.78679,41.78449],[44.78666,41.7841],[44.78656,41.78379],[44.78634,41.78319],[44.78647,41.78284],[44.78706,41.78217],[44.78707,41.78205],[44.78712,41.78193],[44.7872,41.7818],[44.78725,41.7817],[44.78731,41.78157],[44.78736,41.78147],[44.78799,41.78038],[44.78761,41.77947],[44.78706,41.77784],[44.78679,41.77697],[44.78637,41.77621],[44.78571,41.77538],[44.7847,41.77466],[44.78268,41.77368],[44.7811,41.77214],[44.78057,41.77097],[44.78046,41.76984],[44.78083,41.76869],[44.78212,41.76625],[44.7824,41.76512],[44.78251,41.76344],[44.78245,41.76239],[44.78227,41.76129],[44.78189,41.7604],[44.78136,41.75938],[44.78055,41.75688],[44.7787,41.75396],[44.78055,41.75318],[44.78051,41.75311],[44.78061,41.75308],[44.7805,41.75302],[44.78011,41.75212],[44.77994,41.7516],[44.77979,41.751],[44.7797,41.7506],[44.77967,41.74993],[44.77963,41.74906],[44.77967,41.74854],[44.7798,41.74754],[44.77998,41.74648],[44.78022,41.74539],[44.78047,41.74469],[44.78066,41.74418],[44.78098,41.74355],[44.78119,41.74319],[44.7816,41.74258],[44.7819,41.74224],[44.78215,41.74199],[44.78279,41.74139],[44.78837,41.73674],[44.78938,41.73571],[44.78999,41.73504],[44.79036,41.73456],[44.79071,41.73406],[44.79094,41.73365],[44.7915,41.73267],[44.79232,41.73119],[44.79339,41.72923],[44.79373,41.72933],[44.79465,41.72795],[44.79576,41.72623],[44.79615,41.72632],[44.7963,41.72621],[44.79647,41.7263],[44.79664,41.72639],[44.79692,41.72647],[44.79666,41.72672],[44.79703,41.7269],[44.79811,41.72498],[44.79875,41.7241],[44.79902,41.72419],[44.79912,41.72395],[44.79933,41.72403],[44.79954,41.72407],[44.79963,41.7241],[44.79985,41.72429],[44.80003,41.72438],[44.80198,41.72496],[44.80217,41.72499],[44.80267,41.72501],[44.8039,41.72484],[44.80511,41.72517],[44.80529,41.7252],[44.80659,41.72511],[44.80701,41.72504],[44.80824,41.72471],[44.81159,41.72542],[44.81245,41.72572],[44.8128,41.72577],[44.81458,41.72569],[44.81484,41.72571],[44.81499,41.72587],[44.81497,41.72601],[44.81479,41.72614],[44.8145,41.72619],[44.81363,41.72623],[44.81295,41.72638],[44.81236,41.72655],[44.81207,41.7267],[44.81197,41.72687],[44.81199,41.72702],[44.81208,41.72711],[44.81223,41.72717],[44.81241,41.72718],[44.81701,41.72678],[44.81722,41.72681],[44.81732,41.72686],[44.81736,41.72692],[44.81731,41.72702],[44.81713,41.72715],[44.81611,41.72732],[44.81587,41.7274],[44.81579,41.72758],[44.81587,41.72786],[44.816,41.72798],[44.8162,41.72804],[44.81685,41.72817],[44.81855,41.72851],[44.82013,41.72879],[44.82075,41.72887],[44.82157,41.72894],[44.82258,41.72897],[44.8256,41.729],[44.82643,41.72915],[44.82758,41.72946],[44.82866,41.72988],[44.82868,41.72989],[44.83135,41.73062],[44.83417,41.73179],[44.8371,41.73383],[44.8389,41.7352],[44.83959,41.73563],[44.84123,41.73666],[44.84129,41.73701],[44.84125,41.73718],[44.84103,41.73818],[44.84067,41.73911],[44.84052,41.73922],[44.8415,41.73904],[44.84273,41.73878],[44.84357,41.73837],[44.84555,41.73799],[44.84813,41.73797],[44.85016,41.7371],[44.85147,41.73659],[44.85231,41.73564],[44.85727,41.73427],[44.8595,41.73267],[44.86202,41.73102],[44.86637,41.72929],[44.87329,41.72682],[44.87526,41.72535],[44.87593,41.72475],[44.87805,41.72536],[44.87978,41.7259],[44.88019,41.72603],[44.88271,41.72657],[44.88301,41.72635],[44.88533,41.72604],[44.88591,41.72597],[44.88865,41.72532],[44.89396,41.73028],[44.89437,41.73011],[44.89465,41.73001],[44.90419,41.72787],[44.90501,41.72799],[44.9049,41.72882],[44.90467,41.72944],[44.90442,41.72992],[44.9046,41.73017],[44.90459,41.7304],[44.90348,41.7324],[44.90078,41.73292],[44.90011,41.73341],[44.89865,41.73416],[44.89699,41.73462],[44.89574,41.73515],[44.89456,41.73598],[44.89301,41.73714],[44.89181,41.73807],[44.89058,41.7391],[44.88868,41.74066],[44.88604,41.74272],[44.88395,41.74437],[44.87991,41.7463],[44.87836,41.7472],[44.87582,41.74822],[44.87493,41.74887],[44.87422,41.74957],[44.87347,41.75055],[44.87301,41.75142],[44.87288,41.75224],[44.87282,41.75353],[44.87325,41.75476],[44.87368,41.75569],[44.87605,41.76083],[44.87653,41.7626],[44.87669,41.76362],[44.87669,41.76374],[44.87665,41.76381],[44.87661,41.76386],[44.8764,41.76388],[44.87619,41.76388],[44.87604,41.76383],[44.87595,41.76372],[44.87589,41.76367],[44.87578,41.76363],[44.87571,41.76364],[44.8756,41.76362],[44.87547,41.76355],[44.87541,41.76352],[44.87531,41.7635],[44.87521,41.76347]]]}},{"type":"Feature","properties":{"slug":"saburtalo","name_en":"Saburtalo","name_ka":"საბურთალოს რაიონი","name_ru":"Сабуртало","osm_id":11300446},"geometry":{"type":"Polygon","coordinates":[[[44.78174,41.71274],[44.7819,41.7129],[44.78186,41.71313],[44.78186,41.71324],[44.78192,41.71338],[44.78203,41.71352],[44.78206,41.71355],[44.78214,41.7136],[44.78225,41.71365],[44.7823,41.71367],[44.78254,41.71371],[44.78271,41.71371],[44.78296,41.71366],[44.78313,41.7139],[44.78358,41.71437],[44.78397,41.7147],[44.78608,41.71635],[44.78621,41.71644],[44.78676,41.71667],[44.78727,41.71687],[44.78738,41.7169],[44.78666,41.71779],[44.78506,41.71981],[44.78423,41.72102],[44.78343,41.72231],[44.78292,41.72337],[44.78191,41.7255],[44.78156,41.7261],[44.78087,41.72691],[44.77951,41.72801],[44.77552,41.73071],[44.77468,41.73185],[44.77405,41.73298],[44.77322,41.73457],[44.77254,41.73597],[44.77187,41.73806],[44.77145,41.73954],[44.77109,41.74079],[44.77082,41.74183],[44.7706,41.74278],[44.77062,41.74378],[44.77073,41.7448],[44.77079,41.74533],[44.77141,41.74649],[44.77195,41.74729],[44.774,41.74978],[44.77553,41.75154],[44.77528,41.7517],[44.77388,41.75237],[44.77369,41.75267],[44.77351,41.75283],[44.77328,41.75319],[44.77304,41.75335],[44.77282,41.75384],[44.77263,41.75417],[44.77257,41.75423],[44.7724,41.75438],[44.77221,41.75461],[44.77193,41.75486],[44.77155,41.755],[44.7713,41.75521],[44.77105,41.75534],[44.77074,41.75556],[44.77061,41.75566],[44.7705,41.75582],[44.77041,41.75613],[44.77023,41.75646],[44.77009,41.75683],[44.76997,41.75712],[44.76988,41.75734],[44.76965,41.75769],[44.76947,41.7578],[44.76926,41.75791],[44.76906,41.75797],[44.76862,41.75798],[44.76854,41.75882],[44.76854,41.76027],[44.76857,41.76096],[44.76859,41.76108],[44.76867,41.76144],[44.7687,41.76157],[44.76873,41.76198],[44.76873,41.76214],[44.7688,41.76308],[44.76882,41.76451],[44.76883,41.76519],[44.76883,41.76549],[44.76898,41.76625],[44.769,41.76635],[44.769,41.76643],[44.76893,41.76807],[44.76891,41.76859],[44.76891,41.76903],[44.76885,41.7724],[44.76878,41.77629],[44.76876,41.77688],[44.76876,41.77834],[44.76877,41.77844],[44.76887,41.7794],[44.76893,41.77988],[44.76916,41.78129],[44.76918,41.78143],[44.76948,41.78398],[44.76955,41.78482],[44.76974,41.78715],[44.77124,41.78727],[44.77263,41.78745],[44.77696,41.78744],[44.77799,41.78732],[44.77935,41.78712],[44.78106,41.78696],[44.78231,41.78682],[44.78738,41.78629],[44.78748,41.78654],[44.78776,41.78708],[44.78798,41.78765],[44.78821,41.78815],[44.78838,41.78873],[44.78854,41.7892],[44.78867,41.78961],[44.78954,41.7923],[44.78998,41.79372],[44.79029,41.79491],[44.79019,41.79694],[44.78917,41.79796],[44.78748,41.79964],[44.78662,41.80133],[44.78653,41.8033],[44.78707,41.80462],[44.78748,41.80597],[44.78753,41.80674],[44.78787,41.80934],[44.78809,41.81146],[44.78722,41.81345],[44.7833,41.81753],[44.78184,41.81924],[44.77992,41.82123],[44.77851,41.82235],[44.77714,41.82289],[44.77637,41.82294],[44.77422,41.82299],[44.7732,41.82307],[44.77256,41.82325],[44.76976,41.82424],[44.76894,41.82436],[44.76833,41.82432],[44.76723,41.82426],[44.76471,41.82376],[44.76411,41.8229],[44.76347,41.82241],[44.76227,41.82182],[44.76229,41.82174],[44.76078,41.82083],[44.75996,41.82022],[44.75959,41.81987],[44.75894,41.81954],[44.75852,41.81926],[44.75794,41.819],[44.75702,41.81878],[44.75411,41.81827],[44.75153,41.81795],[44.74981,41.81777],[44.74958,41.81767],[44.74934,41.81764],[44.74903,41.81774],[44.74862,41.8177],[44.74716,41.81786],[44.74536,41.81814],[44.74475,41.81828],[44.74208,41.81912],[44.74158,41.81899],[44.74088,41.81786],[44.73863,41.81688],[44.73837,41.81639],[44.73837,41.81611],[44.73819,41.81601],[44.73788,41.81593],[44.7374,41.81545],[44.73707,41.81505],[44.7361,41.81482],[44.73615,41.8146],[44.73596,41.8143],[44.73489,41.81376],[44.7334,41.81374],[44.73324,41.81359],[44.73294,41.81352],[44.73265,41.81352],[44.73227,41.81365],[44.73203,41.81376],[44.73169,41.81364],[44.73047,41.81343],[44.72976,41.81318],[44.72921,41.81277],[44.72896,41.81241],[44.72846,41.81219],[44.72729,41.8119],[44.72654,41.8119],[44.72546,41.81163],[44.72493,41.81167],[44.72377,41.81181],[44.723,41.81231],[44.72268,41.81242],[44.72214,41.81268],[44.72105,41.81306],[44.7207,41.81309],[44.72003,41.81305],[44.71929,41.81317],[44.71802,41.81319],[44.7168,41.81327],[44.71633,41.81344],[44.71591,41.81374],[44.71568,41.81371],[44.71543,41.81378],[44.71505,41.81376],[44.71288,41.8181],[44.71212,41.81803],[44.71175,41.81812],[44.71138,41.81812],[44.7112,41.8182],[44.71066,41.81824],[44.71056,41.81813],[44.71005,41.81812],[44.7099,41.81822],[44.70966,41.81823],[44.7093,41.81829],[44.7091,41.81826],[44.70891,41.81821],[44.70879,41.81819],[44.70864,41.81822],[44.70858,41.81828],[44.70863,41.81841],[44.70878,41.81848],[44.70882,41.8186],[44.70873,41.81865],[44.70863,41.81866],[44.70852,41.81858],[44.70846,41.81849],[44.70825,41.81842],[44.70804,41.81844],[44.70798,41.81825],[44.70696,41.8184],[44.70664,41.81839],[44.70654,41.8185],[44.70622,41.81848],[44.70619,41.81823],[44.70521,41.81818],[44.7048,41.81836],[44.70239,41.81817],[44.70054,41.8182],[44.69842,41.81754],[44.69734,41.81733],[44.69655,41.81741],[44.69517,41.8177],[44.69476,41.81808],[44.69465,41.81849],[44.69447,41.81866],[44.69401,41.81883],[44.69297,41.81871],[44.69263,41.81858],[44.69231,41.81837],[44.69162,41.81818],[44.69113,41.81808],[44.69091,41.81797],[44.69017,41.8179],[44.68926,41.81777],[44.68905,41.8175],[44.69473,41.81295],[44.6936,41.81285],[44.69327,41.81276],[44.69315,41.81255],[44.69308,41.81234],[44.69283,41.81218],[44.69252,41.8121],[44.69229,41.81196],[44.69238,41.8117],[44.6923,41.81143],[44.69217,41.81118],[44.69161,41.81084],[44.69058,41.80999],[44.69012,41.80924],[44.68967,41.80903],[44.6896,41.80921],[44.68921,41.80934],[44.68886,41.80928],[44.68825,41.80839],[44.68789,41.80828],[44.68771,41.80813],[44.6869,41.80794],[44.68669,41.80751],[44.68624,41.80719],[44.68571,41.807],[44.68523,41.80677],[44.68389,41.80574],[44.68126,41.80472],[44.6808,41.80421],[44.67947,41.80258],[44.67941,41.80227],[44.67362,41.79869],[44.67253,41.79839],[44.66544,41.79402],[44.66316,41.78853],[44.65971,41.78653],[44.65963,41.78593],[44.65979,41.78562],[44.66015,41.7853],[44.66036,41.7846],[44.6605,41.7845],[44.66085,41.78467],[44.66116,41.78461],[44.66142,41.78436],[44.66185,41.78429],[44.66251,41.78411],[44.66296,41.78377],[44.6635,41.78343],[44.66399,41.78282],[44.66428,41.78278],[44.66481,41.78307],[44.66508,41.78301],[44.66522,41.7828],[44.66558,41.78258],[44.66624,41.78208],[44.6663,41.78167],[44.66673,41.7815],[44.66726,41.78113],[44.66751,41.78071],[44.66771,41.7806],[44.66791,41.78058],[44.66817,41.78046],[44.66834,41.78019],[44.66835,41.77993],[44.66847,41.7798],[44.66862,41.77969],[44.66885,41.7797],[44.66926,41.77949],[44.66934,41.77936],[44.6697,41.77914],[44.66986,41.779],[44.66987,41.77886],[44.66993,41.77885],[44.67006,41.77887],[44.67014,41.77895],[44.67038,41.77893],[44.67062,41.77876],[44.67083,41.77858],[44.67083,41.77838],[44.67098,41.77826],[44.67137,41.77829],[44.67177,41.77822],[44.67246,41.77794],[44.67276,41.77771],[44.67286,41.77757],[44.67283,41.77714],[44.67296,41.77692],[44.67319,41.77679],[44.6734,41.77671],[44.67422,41.77672],[44.67441,41.77665],[44.6745,41.77657],[44.67457,41.77639],[44.67466,41.77632],[44.67485,41.77633],[44.67551,41.77609],[44.67555,41.77592],[44.67552,41.77574],[44.67552,41.77558],[44.67547,41.77523],[44.67514,41.77519],[44.67479,41.77511],[44.67422,41.77505],[44.67348,41.77486],[44.67253,41.77491],[44.67235,41.7749],[44.67228,41.77479],[44.67235,41.77457],[44.67253,41.7744],[44.67287,41.77435],[44.67337,41.77436],[44.67419,41.77425],[44.67463,41.77407],[44.67505,41.77397],[44.67564,41.77373],[44.67586,41.77364],[44.67607,41.77359],[44.67647,41.77344],[44.67686,41.77328],[44.67727,41.77318],[44.67776,41.77282],[44.67819,41.77238],[44.67838,41.77199],[44.67851,41.77199],[44.67875,41.7721],[44.67904,41.77201],[44.6791,41.77183],[44.67866,41.7716],[44.67852,41.77145],[44.67839,41.77143],[44.67841,41.77131],[44.67861,41.77118],[44.67855,41.77106],[44.67845,41.77096],[44.67839,41.77079],[44.67851,41.77058],[44.67851,41.77034],[44.67916,41.7701],[44.67924,41.76999],[44.67913,41.76985],[44.67898,41.76973],[44.67898,41.76938],[44.67925,41.76832],[44.67955,41.76749],[44.67977,41.76722],[44.68022,41.76692],[44.68076,41.76671],[44.68109,41.76647],[44.68157,41.76635],[44.68168,41.76624],[44.68157,41.76613],[44.68044,41.76605],[44.67944,41.76608],[44.67904,41.76595],[44.67904,41.76579],[44.6792,41.76563],[44.67925,41.76537],[44.67921,41.76509],[44.6789,41.76464],[44.67955,41.76463],[44.6823,41.76439],[44.68321,41.76431],[44.68411,41.76426],[44.68451,41.76429],[44.68503,41.76417],[44.68533,41.76419],[44.68609,41.76404],[44.68654,41.76386],[44.68708,41.76372],[44.68781,41.76346],[44.6882,41.76346],[44.68912,41.75809],[44.68916,41.75758],[44.68961,41.75611],[44.69009,41.75447],[44.69007,41.75407],[44.68978,41.75283],[44.68979,41.7527],[44.69222,41.75201],[44.69497,41.75125],[44.69516,41.7512],[44.69837,41.7503],[44.70741,41.74774],[44.71047,41.74687],[44.71881,41.74431],[44.71999,41.74384],[44.72006,41.74381],[44.72143,41.74275],[44.72155,41.74267],[44.72228,41.74224],[44.72484,41.74264],[44.72501,41.74267],[44.72517,41.74267],[44.72796,41.74209],[44.73049,41.74142],[44.73194,41.74083],[44.73574,41.74026],[44.73748,41.73979],[44.73996,41.73911],[44.74154,41.73848],[44.74383,41.73753],[44.74632,41.73656],[44.74699,41.73613],[44.74709,41.73588],[44.74694,41.73577],[44.74687,41.73573],[44.74685,41.73564],[44.74668,41.73556],[44.74613,41.73527],[44.74546,41.7349],[44.74534,41.73484],[44.74521,41.73477],[44.74467,41.73448],[44.74431,41.73428],[44.74421,41.73422],[44.74303,41.73371],[44.74289,41.73365],[44.74252,41.73349],[44.74082,41.73311],[44.74026,41.73301],[44.73976,41.73294],[44.73958,41.73291],[44.73883,41.73279],[44.73865,41.73276],[44.7384,41.73272],[44.73829,41.7327],[44.73768,41.73261],[44.73744,41.73257],[44.73728,41.73254],[44.73711,41.73251],[44.73683,41.73246],[44.73608,41.73231],[44.73615,41.73214],[44.73659,41.73214],[44.73667,41.73205],[44.73679,41.7319],[44.73696,41.73185],[44.7371,41.7319],[44.73732,41.73192],[44.7374,41.73188],[44.73748,41.7318],[44.73762,41.7316],[44.7379,41.73159],[44.73816,41.73156],[44.7383,41.73159],[44.73847,41.73155],[44.73851,41.73149],[44.73858,41.73144],[44.73879,41.73143],[44.73902,41.73128],[44.73914,41.73126],[44.73919,41.73124],[44.73928,41.7312],[44.73932,41.73112],[44.73937,41.73101],[44.7396,41.73101],[44.73973,41.73106],[44.73973,41.731],[44.73982,41.73095],[44.73987,41.7308],[44.73998,41.73076],[44.74009,41.73077],[44.74021,41.73083],[44.74034,41.73085],[44.74036,41.73042],[44.741,41.73008],[44.74141,41.7299],[44.74238,41.72945],[44.74307,41.72909],[44.74344,41.72881],[44.74363,41.72863],[44.74383,41.7285],[44.74437,41.7254],[44.7452,41.72547],[44.74542,41.72413],[44.7457,41.72247],[44.74598,41.72088],[44.74598,41.72081],[44.74588,41.71987],[44.74582,41.71904],[44.74546,41.71562],[44.74558,41.71559],[44.74598,41.71552],[44.74603,41.71551],[44.74626,41.71553],[44.75098,41.71603],[44.75178,41.71591],[44.75317,41.71567],[44.75408,41.71574],[44.75605,41.71641],[44.75998,41.71639],[44.76103,41.71599],[44.76131,41.71589],[44.76322,41.71467],[44.76586,41.71403],[44.76824,41.71374],[44.76998,41.71376],[44.77132,41.71372],[44.77678,41.7121],[44.77775,41.71201],[44.77956,41.71221],[44.78128,41.71249],[44.7815,41.71246],[44.78174,41.71274]]]}},{"type":"Feature","properties":{"slug":"samgori","name_en":"Samgori","name_ka":"სამგორის რაიონი","name_ru":"Самгори","osm_id":11300436},"geometry":{"type":"Polygon","coordinates":[[[44.87773,41.7642],[44.87765,41.76425],[44.87757,41.76437],[44.8774,41.76435],[44.87726,41.7643],[44.87729,41.76421],[44.87733,41.76409],[44.8768,41.764],[44.87665,41.76381],[44.87669,41.76374],[44.87669,41.76362],[44.87653,41.7626],[44.87605,41.76083],[44.87368,41.75569],[44.87325,41.75476],[44.87282,41.75353],[44.87288,41.75224],[44.87301,41.75142],[44.87347,41.75055],[44.87422,41.74957],[44.87493,41.74887],[44.87582,41.74822],[44.87836,41.7472],[44.87991,41.7463],[44.88395,41.74437],[44.88604,41.74272],[44.88868,41.74066],[44.89058,41.7391],[44.89181,41.73807],[44.89301,41.73714],[44.89456,41.73598],[44.89574,41.73515],[44.89699,41.73462],[44.89865,41.73416],[44.90011,41.73341],[44.90078,41.73292],[44.90348,41.7324],[44.90459,41.7304],[44.9046,41.73017],[44.90442,41.72992],[44.90467,41.72944],[44.9049,41.72882],[44.90501,41.72799],[44.90419,41.72787],[44.89465,41.73001],[44.89437,41.73011],[44.89396,41.73028],[44.88865,41.72532],[44.88591,41.72597],[44.88533,41.72604],[44.88301,41.72635],[44.88271,41.72657],[44.88019,41.72603],[44.87978,41.7259],[44.87805,41.72536],[44.87593,41.72475],[44.87346,41.72476],[44.87279,41.72464],[44.87247,41.72459],[44.87191,41.7245],[44.8651,41.72251],[44.86502,41.72247],[44.86306,41.72172],[44.86122,41.72101],[44.86017,41.72058],[44.85222,41.71734],[44.8513,41.71711],[44.85086,41.71705],[44.84976,41.71715],[44.84947,41.71715],[44.84897,41.7171],[44.8482,41.71716],[44.84763,41.71712],[44.84682,41.71695],[44.84298,41.71689],[44.84279,41.71688],[44.84807,41.71357],[44.85003,41.71189],[44.85554,41.70687],[44.85818,41.7047],[44.85916,41.70325],[44.85988,41.70188],[44.85998,41.70067],[44.86016,41.70051],[44.86037,41.70031],[44.8608,41.70003],[44.86107,41.69975],[44.86131,41.6994],[44.86154,41.69927],[44.86173,41.69895],[44.86189,41.69882],[44.86195,41.69874],[44.86232,41.69843],[44.86246,41.69836],[44.86274,41.69818],[44.8628,41.69805],[44.86277,41.69787],[44.86279,41.69773],[44.8631,41.69751],[44.86328,41.69736],[44.86364,41.69716],[44.86369,41.69707],[44.86378,41.69677],[44.86384,41.69671],[44.86385,41.69659],[44.86399,41.69638],[44.86405,41.69622],[44.86406,41.6961],[44.86405,41.69605],[44.86423,41.69597],[44.8642,41.69591],[44.86402,41.69586],[44.86404,41.6957],[44.86419,41.69546],[44.86428,41.69523],[44.86432,41.69518],[44.86439,41.6951],[44.86447,41.69487],[44.86463,41.69473],[44.8649,41.69426],[44.8655,41.69305],[44.86567,41.69278],[44.86624,41.69176],[44.86641,41.69128],[44.86635,41.69115],[44.86667,41.69063],[44.86677,41.69028],[44.86683,41.69021],[44.86692,41.69018],[44.86701,41.69016],[44.86763,41.69011],[44.86796,41.69007],[44.86899,41.68995],[44.87068,41.68974],[44.87067,41.68969],[44.87058,41.68806],[44.87056,41.68779],[44.87047,41.68603],[44.87046,41.68587],[44.87039,41.68533],[44.87032,41.6842],[44.87032,41.68397],[44.87031,41.68266],[44.87031,41.6823],[44.8703,41.68175],[44.87051,41.68064],[44.87052,41.68037],[44.87049,41.68023],[44.87042,41.68007],[44.87067,41.68002],[44.87096,41.67991],[44.87133,41.67972],[44.87186,41.67942],[44.87198,41.67936],[44.87234,41.67907],[44.87284,41.67866],[44.87368,41.67781],[44.874,41.67749],[44.87666,41.67565],[44.87709,41.67544],[44.87699,41.67525],[44.87696,41.67511],[44.87697,41.67451],[44.87709,41.67411],[44.87723,41.67382],[44.87735,41.67355],[44.87745,41.67337],[44.87769,41.67308],[44.87795,41.67284],[44.87812,41.67271],[44.87843,41.67251],[44.87828,41.67237],[44.87823,41.67227],[44.87811,41.67203],[44.87637,41.67245],[44.87626,41.67243],[44.87558,41.67111],[44.87548,41.67081],[44.87524,41.67023],[44.8752,41.67019],[44.87509,41.67017],[44.875,41.67017],[44.87456,41.67023],[44.87444,41.67018],[44.87441,41.67014],[44.87441,41.67008],[44.87446,41.66998],[44.87486,41.66979],[44.87466,41.66927],[44.8744,41.66915],[44.87374,41.66918],[44.87321,41.66921],[44.87286,41.6692],[44.87251,41.66901],[44.87227,41.66886],[44.87216,41.6688],[44.87209,41.66872],[44.87209,41.66861],[44.87219,41.66854],[44.8723,41.6685],[44.87238,41.66843],[44.87259,41.66813],[44.87288,41.6675],[44.87306,41.66713],[44.87311,41.66697],[44.87311,41.66675],[44.87314,41.66657],[44.87314,41.66641],[44.8732,41.66618],[44.874,41.66478],[44.87447,41.66452],[44.87547,41.66411],[44.87907,41.66346],[44.88359,41.66239],[44.88853,41.66127],[44.88936,41.66116],[44.89057,41.661],[44.89353,41.66029],[44.89723,41.659],[44.90122,41.65722],[44.90629,41.65388],[44.90724,41.65329],[44.91091,41.65276],[44.91154,41.6528],[44.91415,41.65294],[44.91848,41.65377],[44.91856,41.65377],[44.92086,41.6538],[44.92376,41.65419],[44.92618,41.65368],[44.92902,41.65169],[44.92942,41.65107],[44.93114,41.64845],[44.93365,41.64479],[44.93588,41.64276],[44.93485,41.63879],[44.93903,41.63965],[44.93962,41.63948],[44.93988,41.63928],[44.94002,41.63901],[44.94094,41.6378],[44.94084,41.63753],[44.94096,41.63737],[44.94119,41.63718],[44.94134,41.63692],[44.94147,41.63664],[44.9421,41.63582],[44.94234,41.63568],[44.94245,41.6355],[44.94244,41.63532],[44.94261,41.63517],[44.94299,41.6351],[44.94333,41.63507],[44.94356,41.63506],[44.94406,41.63517],[44.94494,41.63559],[44.94571,41.63585],[44.94642,41.63594],[44.94726,41.63592],[44.94733,41.63601],[44.94731,41.63627],[44.94754,41.63652],[44.94774,41.63664],[44.94786,41.63691],[44.94809,41.63706],[44.94852,41.63712],[44.9488,41.63719],[44.94917,41.6374],[44.94947,41.63771],[44.94974,41.6381],[44.95,41.63827],[44.95066,41.63851],[44.95102,41.6388],[44.95092,41.63903],[44.95079,41.63923],[44.951,41.63941],[44.95137,41.63948],[44.95203,41.63949],[44.9527,41.63942],[44.95312,41.63946],[44.95364,41.63958],[44.95384,41.63958],[44.9542,41.63944],[44.95479,41.6391],[44.95522,41.63893],[44.95588,41.63883],[44.95612,41.6388],[44.95635,41.63877],[44.95664,41.6388],[44.95691,41.63881],[44.95715,41.63884],[44.95756,41.6389],[44.95792,41.63899],[44.95809,41.63903],[44.95828,41.63909],[44.95848,41.63918],[44.95879,41.63928],[44.95915,41.6395],[44.95955,41.63972],[44.95998,41.63997],[44.96023,41.6401],[44.96042,41.64033],[44.96059,41.64074],[44.96062,41.64096],[44.96083,41.64101],[44.9613,41.64114],[44.96153,41.64133],[44.96163,41.64157],[44.96168,41.64203],[44.96162,41.64223],[44.96147,41.64254],[44.96138,41.64272],[44.96139,41.64297],[44.9615,41.64328],[44.96153,41.6435],[44.96155,41.64364],[44.96156,41.64375],[44.9615,41.64403],[44.96141,41.64444],[44.9614,41.64473],[44.96144,41.64493],[44.96148,41.64527],[44.96143,41.64561],[44.96136,41.64578],[44.96125,41.64604],[44.96103,41.64643],[44.9607,41.64673],[44.96042,41.64693],[44.96002,41.64706],[44.95981,41.64716],[44.95955,41.6474],[44.95914,41.64782],[44.95904,41.64798],[44.95895,41.64806],[44.9588,41.64814],[44.9582,41.64839],[44.95807,41.64846],[44.958,41.64855],[44.95804,41.64865],[44.9583,41.64906],[44.95872,41.64942],[44.95977,41.6502],[44.96013,41.65044],[44.9603,41.65049],[44.96052,41.65046],[44.96071,41.65035],[44.96083,41.65029],[44.96099,41.65021],[44.9612,41.6501],[44.96138,41.65007],[44.96149,41.65007],[44.96168,41.65011],[44.96191,41.65022],[44.96207,41.65028],[44.96241,41.65028],[44.96264,41.6503],[44.96276,41.65031],[44.96301,41.65026],[44.96316,41.65019],[44.96329,41.65017],[44.96345,41.65019],[44.9636,41.65019],[44.96375,41.65017],[44.96389,41.6502],[44.96397,41.65025],[44.96401,41.65033],[44.96409,41.65051],[44.96417,41.6506],[44.96437,41.65067],[44.96455,41.6507],[44.96473,41.65071],[44.96501,41.65073],[44.96517,41.65071],[44.96526,41.6507],[44.96534,41.65073],[44.96586,41.65118],[44.96625,41.65151],[44.96644,41.65164],[44.96661,41.6517],[44.96675,41.65177],[44.96692,41.65188],[44.96699,41.65196],[44.96707,41.65203],[44.96718,41.65206],[44.96733,41.65204],[44.96764,41.65198],[44.96783,41.65197],[44.96802,41.65201],[44.96817,41.6521],[44.96829,41.65231],[44.9683,41.65259],[44.96835,41.65279],[44.96845,41.65309],[44.96849,41.65335],[44.96852,41.65349],[44.9686,41.65357],[44.96873,41.65365],[44.96905,41.65373],[44.96956,41.65393],[44.97028,41.65441],[44.97118,41.65457],[44.97232,41.65477],[44.9733,41.65456],[44.97348,41.65453],[44.97374,41.65458],[44.97399,41.65466],[44.97484,41.65498],[44.97556,41.65529],[44.9757,41.65537],[44.97579,41.65543],[44.97587,41.6555],[44.97609,41.6557],[44.97628,41.656],[44.97642,41.65628],[44.97657,41.65675],[44.97666,41.65692],[44.97688,41.65727],[44.97728,41.65758],[44.97751,41.65786],[44.97767,41.65822],[44.97807,41.65967],[44.9786,41.66008],[44.97899,41.66024],[44.97941,41.66034],[44.97995,41.66035],[44.98044,41.66032],[44.98098,41.66018],[44.9813,41.66001],[44.98162,41.65981],[44.98188,41.65969],[44.98209,41.65968],[44.98234,41.65967],[44.98254,41.65964],[44.98274,41.65952],[44.98306,41.65933],[44.98341,41.65909],[44.9836,41.65905],[44.98382,41.6591],[44.98398,41.65915],[44.98416,41.65911],[44.98428,41.65904],[44.98453,41.65882],[44.98485,41.65868],[44.98521,41.65864],[44.98555,41.65869],[44.98609,41.65888],[44.98638,41.65896],[44.98675,41.65898],[44.98723,41.65896],[44.98755,41.659],[44.98783,41.65906],[44.98812,41.65919],[44.98905,41.65974],[44.9903,41.6608],[44.99046,41.66081],[44.99072,41.66074],[44.99089,41.66068],[44.99116,41.6607],[44.99148,41.66088],[44.99164,41.66103],[44.99192,41.66137],[44.99228,41.66188],[44.99265,41.66214],[44.99342,41.66277],[44.99381,41.66299],[44.99438,41.66338],[44.99474,41.66349],[44.99509,41.66361],[44.99543,41.66379],[44.9955,41.66396],[44.99557,41.66422],[44.99583,41.66449],[44.99624,41.66478],[44.99651,41.66487],[44.99662,41.66505],[44.99661,41.66516],[44.99645,41.66537],[44.99628,41.66585],[44.99605,41.66615],[44.99581,41.66633],[44.99552,41.66658],[44.99543,41.66679],[44.99543,41.66701],[44.9954,41.66722],[44.99531,41.66741],[44.99495,41.66811],[44.9947,41.66886],[44.99473,41.66903],[44.99486,41.66931],[44.99509,41.67016],[44.99511,41.67044],[44.99499,41.67083],[44.99497,41.67111],[44.99505,41.67145],[44.99529,41.67178],[44.99557,41.67204],[44.99582,41.67229],[44.99605,41.67251],[44.99647,41.67276],[44.99692,41.67296],[44.99694,41.67302],[44.99694,41.67309],[44.99702,41.67315],[44.99724,41.67324],[44.99745,41.67328],[44.9977,41.67325],[44.99789,41.67324],[44.99801,41.6733],[44.99863,41.67401],[44.99929,41.67463],[44.99944,41.67472],[44.99962,41.67475],[44.99972,41.67474],[44.99982,41.67471],[44.99991,41.67475],[45.00003,41.67484],[45.00012,41.67498],[45.00031,41.67564],[45.00033,41.67607],[45.00038,41.67627],[45.00051,41.67642],[45.00061,41.67654],[45.00065,41.6767],[45.00061,41.67719],[45.00052,41.67743],[45.00031,41.67771],[45.00012,41.6781],[44.99987,41.67865],[44.9999,41.6793],[44.99996,41.67985],[45.00011,41.68036],[45.00017,41.68067],[45.00018,41.68113],[45.00026,41.68152],[45.00036,41.68184],[45.00055,41.68217],[45.00086,41.6825],[45.00124,41.68296],[45.00157,41.68351],[45.00184,41.68372],[45.00233,41.68399],[45.00247,41.68406],[45.00274,41.68414],[45.0031,41.68424],[45.00382,41.68453],[45.00419,41.68467],[45.00443,41.68471],[45.00474,41.68473],[45.00517,41.68489],[45.00538,41.68495],[45.00567,41.68499],[45.00606,41.6851],[45.00632,41.68513],[45.00654,41.68515],[45.00675,41.68521],[45.00696,41.68528],[45.00713,41.68527],[45.00734,41.68527],[45.00744,41.68532],[45.00759,41.68545],[45.00775,41.68549],[45.00807,41.68554],[45.0084,41.68566],[45.00866,41.68573],[45.00881,41.68571],[45.00891,41.68572],[45.009,41.68575],[45.0092,41.68587],[45.00941,41.68594],[45.01007,41.68599],[45.01044,41.68601],[45.0106,41.68652],[45.01068,41.68664],[45.01088,41.68677],[45.01116,41.68688],[45.01139,41.68694],[45.01153,41.68707],[45.01156,41.68721],[45.01162,41.68741],[45.0116,41.68763],[45.01149,41.68789],[45.01141,41.68807],[45.01142,41.68827],[45.0118,41.68855],[45.01205,41.68867],[45.01216,41.68891],[45.01213,41.68904],[45.01218,41.68925],[45.0123,41.6894],[45.01254,41.68952],[45.01294,41.68962],[45.01326,41.68971],[45.01351,41.6898],[45.01383,41.68999],[45.01402,41.69023],[45.01408,41.69041],[45.01412,41.69053],[45.01412,41.69063],[45.01408,41.69087],[45.01411,41.69119],[45.01418,41.6915],[45.01437,41.69187],[45.0146,41.6922],[45.01496,41.6925],[45.01543,41.69279],[45.01617,41.69324],[45.01629,41.69338],[45.01628,41.69356],[45.01609,41.69378],[45.01592,41.69405],[45.01599,41.69432],[45.01612,41.69456],[45.01625,41.69475],[45.01636,41.69495],[45.01639,41.69532],[45.01687,41.69675],[45.01691,41.69689],[45.017,41.69725],[45.01701,41.6974],[45.01689,41.69768],[45.01606,41.6989],[45.01594,41.69917],[45.01603,41.69936],[45.01615,41.69949],[45.01635,41.69963],[45.01652,41.69978],[45.01664,41.70005],[45.01679,41.70046],[45.01685,41.7009],[45.01683,41.7014],[45.01691,41.70178],[45.01702,41.70201],[45.01727,41.70244],[45.01729,41.70262],[45.01729,41.70285],[45.01728,41.70298],[45.01724,41.7031],[45.01717,41.7032],[45.01684,41.70346],[45.01642,41.70376],[45.01619,41.70399],[45.01593,41.70425],[45.01571,41.70437],[45.01538,41.70449],[45.01496,41.70452],[45.01466,41.7045],[45.01426,41.70445],[45.01415,41.70492],[45.014,41.70523],[45.01396,41.70555],[45.01402,41.70594],[45.01421,41.70625],[45.01443,41.70648],[45.01461,41.70669],[45.01471,41.70695],[45.01472,41.7073],[45.01478,41.7075],[45.015,41.70772],[45.01515,41.70783],[45.01526,41.70799],[45.01545,41.70836],[45.01558,41.70871],[45.01568,41.70905],[45.01565,41.70927],[45.01565,41.70949],[45.01546,41.70976],[45.01513,41.70993],[45.01461,41.71019],[45.01412,41.71063],[45.0138,41.71086],[45.01345,41.71099],[45.0128,41.71112],[45.0125,41.71161],[45.01247,41.71205],[45.01249,41.71236],[45.01239,41.71264],[45.01236,41.71289],[45.01244,41.71307],[45.01254,41.71325],[45.01254,41.7134],[45.01235,41.71372],[45.01233,41.71404],[45.01246,41.71445],[45.01253,41.71502],[45.01228,41.71562],[45.01218,41.71611],[45.01224,41.71687],[45.01226,41.71753],[45.01224,41.71773],[45.01222,41.71786],[45.01235,41.71795],[45.01247,41.71804],[45.01246,41.71815],[45.01252,41.71827],[45.01262,41.71835],[45.01262,41.71844],[45.01263,41.71861],[45.01281,41.71876],[45.01318,41.71889],[45.01409,41.71928],[45.01489,41.7197],[45.01534,41.72002],[45.01551,41.72019],[45.01554,41.72034],[45.01552,41.72047],[45.01543,41.72063],[45.01538,41.72085],[45.01539,41.72103],[45.01564,41.72138],[45.01574,41.7216],[45.01577,41.7218],[45.01574,41.72286],[45.01594,41.72332],[45.01613,41.72355],[45.01616,41.7237],[45.01609,41.7239],[45.01614,41.72417],[45.01591,41.72448],[45.01571,41.72461],[45.0141,41.72517],[45.01342,41.72586],[45.0133,41.72605],[45.01335,41.72637],[45.01337,41.72662],[45.01287,41.72759],[45.01236,41.72824],[45.01157,41.72864],[45.00977,41.73135],[45.00933,41.73154],[45.00899,41.73225],[45.00879,41.73237],[45.00884,41.73261],[45.00827,41.73382],[45.00726,41.73404],[45.0072,41.73437],[45.00758,41.73483],[45.00618,41.73754],[45.00531,41.73747],[45.00442,41.73727],[45.00265,41.73511],[44.99963,41.73179],[44.99893,41.73167],[44.99704,41.73089],[44.99658,41.73057],[44.99589,41.72968],[44.99585,41.72941],[44.99146,41.72947],[44.98997,41.73085],[44.98578,41.73657],[44.98555,41.73888],[44.98606,41.73915],[44.98672,41.7392],[44.987,41.73942],[44.98703,41.73983],[44.9869,41.74002],[44.98695,41.7402],[44.98717,41.74023],[44.98772,41.74011],[44.98817,41.7401],[44.98853,41.74021],[44.98984,41.74103],[44.99023,41.7412],[44.99083,41.74131],[44.99131,41.74102],[44.9919,41.7408],[44.99231,41.7408],[44.99268,41.74117],[44.99307,41.74176],[44.99311,41.74185],[44.99285,41.74264],[44.99258,41.74313],[44.99258,41.74339],[44.99283,41.74354],[44.99347,41.74351],[44.99394,41.74356],[44.99421,41.74366],[44.99431,41.74399],[44.99421,41.74432],[44.99383,41.74467],[44.99385,41.74489],[44.99406,41.74512],[44.99409,41.74545],[44.99449,41.7463],[44.9862,41.75086],[44.97584,41.75387],[44.97569,41.7542],[44.9737,41.75335],[44.97208,41.7539],[44.97088,41.75461],[44.97007,41.75518],[44.96957,41.75569],[44.96933,41.75622],[44.96901,41.75635],[44.96857,41.75638],[44.96795,41.75628],[44.96754,41.75622],[44.96673,41.7561],[44.96576,41.75596],[44.96473,41.75591],[44.96368,41.75604],[44.96299,41.75619],[44.96251,41.7564],[44.96229,41.7567],[44.96216,41.75707],[44.9621,41.75756],[44.96202,41.75776],[44.96179,41.75785],[44.96143,41.75784],[44.9605,41.75776],[44.95922,41.75782],[44.95765,41.75798],[44.95704,41.75814],[44.95659,41.75846],[44.95635,41.75892],[44.95628,41.75948],[44.95634,41.75974],[44.95611,41.75983],[44.95588,41.75982],[44.95561,41.75969],[44.95515,41.75966],[44.95257,41.75996],[44.9517,41.76014],[44.95148,41.75987],[44.95132,41.75979],[44.95109,41.75974],[44.95081,41.75981],[44.95047,41.76],[44.95035,41.76006],[44.9502,41.76001],[44.9499,41.7598],[44.94953,41.75976],[44.94891,41.75981],[44.94874,41.75992],[44.94875,41.7602],[44.94895,41.76028],[44.94923,41.76028],[44.94945,41.76038],[44.94943,41.76051],[44.94891,41.76111],[44.94855,41.76122],[44.94801,41.76088],[44.94717,41.76062],[44.94648,41.76061],[44.94398,41.76082],[44.94292,41.76105],[44.94189,41.76168],[44.94084,41.76217],[44.94007,41.76316],[44.93968,41.76373],[44.93868,41.76441],[44.93833,41.76473],[44.93792,41.76499],[44.93828,41.76607],[44.93819,41.76636],[44.9379,41.76645],[44.93739,41.76643],[44.93732,41.76639],[44.93727,41.76628],[44.93748,41.76615],[44.93739,41.76589],[44.93709,41.7656],[44.93684,41.76543],[44.93634,41.76538],[44.9358,41.76546],[44.93555,41.76535],[44.93557,41.76506],[44.93498,41.76482],[44.93441,41.76489],[44.933,41.76549],[44.93231,41.76575],[44.93124,41.76648],[44.93103,41.76647],[44.93081,41.76644],[44.93025,41.76657],[44.92991,41.76675],[44.92967,41.7668],[44.92949,41.76668],[44.92901,41.76651],[44.92843,41.76606],[44.928,41.76605],[44.92764,41.76592],[44.92643,41.76551],[44.92582,41.76494],[44.92547,41.76482],[44.92509,41.76469],[44.92489,41.76446],[44.9249,41.76423],[44.92497,41.76412],[44.92479,41.76397],[44.92466,41.76378],[44.92469,41.76361],[44.92445,41.76361],[44.92371,41.7636],[44.92322,41.76356],[44.92245,41.76413],[44.92103,41.76472],[44.91963,41.76549],[44.9186,41.76581],[44.91807,41.76585],[44.91777,41.76566],[44.91761,41.76565],[44.91746,41.76528],[44.91741,41.76467],[44.91578,41.76279],[44.91601,41.76184],[44.91593,41.76115],[44.91541,41.7607],[44.91497,41.76002],[44.9131,41.75844],[44.91246,41.75821],[44.91211,41.75798],[44.91199,41.7578],[44.91176,41.75782],[44.91142,41.7576],[44.91067,41.75741],[44.90956,41.7576],[44.90843,41.75779],[44.90783,41.75807],[44.90722,41.75854],[44.90621,41.75912],[44.90475,41.75952],[44.9043,41.75962],[44.90366,41.75953],[44.90314,41.75969],[44.90269,41.75982],[44.90187,41.75998],[44.9014,41.7596],[44.90076,41.75919],[44.89972,41.7587],[44.89868,41.7585],[44.89743,41.7585],[44.89612,41.75849],[44.89429,41.75843],[44.89399,41.75834],[44.89369,41.75816],[44.89313,41.75793],[44.89304,41.75788],[44.89298,41.75792],[44.89302,41.75807],[44.89255,41.75817],[44.88729,41.75957],[44.88457,41.76044],[44.8834,41.76107],[44.88176,41.76124],[44.87924,41.76249],[44.87738,41.76293],[44.87768,41.76369],[44.87773,41.7642]]]}},{"type":"Feature","properties":{"slug":"vake","name_en":"Vake","name_ka":"ვაკის რაიონი","name_ru":"Ваке","osm_id":11300449},"geometry":{"type":"Polygon","coordinates":[[[44.68979,41.7527],[44.69222,41.75201],[44.69497,41.75125],[44.69516,41.7512],[44.69837,41.7503],[44.70741,41.74774],[44.71047,41.74687],[44.71881,41.74431],[44.71999,41.74384],[44.72006,41.74381],[44.72143,41.74275],[44.72155,41.74267],[44.72228,41.74224],[44.72484,41.74264],[44.72501,41.74267],[44.72517,41.74267],[44.72796,41.74209],[44.73049,41.74142],[44.73194,41.74083],[44.73574,41.74026],[44.73748,41.73979],[44.73996,41.73911],[44.74154,41.73848],[44.74383,41.73753],[44.74632,41.73656],[44.74699,41.73613],[44.74709,41.73588],[44.74694,41.73577],[44.74687,41.73573],[44.74685,41.73564],[44.74668,41.73556],[44.74613,41.73527],[44.74546,41.7349],[44.74534,41.73484],[44.74521,41.73477],[44.74467,41.73448],[44.74431,41.73428],[44.74421,41.73422],[44.74303,41.73371],[44.74289,41.73365],[44.74252,41.73349],[44.74082,41.73311],[44.74026,41.73301],[44.73976,41.73294],[44.73958,41.73291],[44.73883,41.73279],[44.73865,41.73276],[44.7384,41.73272],[44.73829,41.7327],[44.73768,41.73261],[44.73744,41.73257],[44.73728,41.73254],[44.73711,41.73251],[44.73683,41.73246],[44.73608,41.73231],[44.73615,41.73214],[44.73659,41.73214],[44.73667,41.73205],[44.73679,41.7319],[44.73696,41.73185],[44.7371,41.7319],[44.73732,41.73192],[44.7374,41.73188],[44.73748,41.7318],[44.73762,41.7316],[44.7379,41.73159],[44.73816,41.73156],[44.7383,41.73159],[44.73847,41.73155],[44.73851,41.73149],[44.73858,41.73144],[44.73879,41.73143],[44.73902,41.73128],[44.73914,41.73126],[44.73919,41.73124],[44.73928,41.7312],[44.73932,41.73112],[44.73937,41.73101],[44.7396,41.73101],[44.73973,41.73106],[44.73973,41.731],[44.73982,41.73095],[44.73987,41.7308],[44.73998,41.73076],[44.74009,41.73077],[44.74021,41.73083],[44.74034,41.73085],[44.74036,41.73042],[44.741,41.73008],[44.74141,41.7299],[44.74238,41.72945],[44.74307,41.72909],[44.74344,41.72881],[44.74363,41.72863],[44.74383,41.7285],[44.74437,41.7254],[44.7452,41.72547],[44.74542,41.72413],[44.7457,41.72247],[44.74598,41.72088],[44.74598,41.72081],[44.74588,41.71987],[44.74582,41.71904],[44.74546,41.71562],[44.74558,41.71559],[44.74598,41.71552],[44.74603,41.71551],[44.74626,41.71553],[44.75098,41.71603],[44.75178,41.71591],[44.75317,41.71567],[44.75408,41.71574],[44.75605,41.71641],[44.75998,41.71639],[44.76103,41.71599],[44.76131,41.71589],[44.76322,41.71467],[44.76586,41.71403],[44.76824,41.71374],[44.76998,41.71376],[44.77132,41.71372],[44.77678,41.7121],[44.77775,41.71201],[44.77956,41.71221],[44.78128,41.71249],[44.7815,41.71246],[44.78107,41.71198],[44.78087,41.71175],[44.78055,41.71145],[44.77906,41.70908],[44.7789,41.70875],[44.77888,41.70869],[44.77868,41.70821],[44.77863,41.7081],[44.77835,41.70743],[44.77815,41.70702],[44.77805,41.70684],[44.77751,41.70587],[44.77731,41.70502],[44.77725,41.70463],[44.77732,41.70461],[44.7772,41.70449],[44.77714,41.70443],[44.77711,41.7044],[44.77707,41.70438],[44.77702,41.70435],[44.77695,41.70432],[44.77688,41.70412],[44.77678,41.70406],[44.77651,41.70402],[44.77616,41.70397],[44.77606,41.70398],[44.77585,41.70398],[44.77534,41.70402],[44.77502,41.70402],[44.77495,41.704],[44.77488,41.70397],[44.77481,41.70389],[44.77483,41.70376],[44.77489,41.70349],[44.77489,41.70342],[44.7749,41.70334],[44.77485,41.70327],[44.77452,41.70305],[44.77427,41.70286],[44.77404,41.70279],[44.7736,41.70273],[44.7732,41.70264],[44.77291,41.70258],[44.77264,41.7026],[44.77259,41.70261],[44.77231,41.70268],[44.77227,41.70269],[44.77212,41.70272],[44.77195,41.70271],[44.77172,41.70268],[44.77163,41.70264],[44.77157,41.7026],[44.77155,41.70257],[44.77154,41.70243],[44.77153,41.70233],[44.77148,41.70226],[44.77138,41.70221],[44.77126,41.70216],[44.7712,41.70213],[44.7711,41.70209],[44.77088,41.70193],[44.77074,41.70182],[44.77061,41.70178],[44.7705,41.70174],[44.77049,41.70174],[44.77031,41.70169],[44.77005,41.70162],[44.76975,41.70153],[44.76954,41.70146],[44.76939,41.70142],[44.76915,41.70137],[44.76898,41.70134],[44.76889,41.70133],[44.76891,41.70096],[44.76889,41.70092],[44.76885,41.70089],[44.7688,41.70088],[44.76813,41.70082],[44.768,41.70085],[44.76738,41.70059],[44.76725,41.70055],[44.76701,41.70056],[44.76686,41.70065],[44.76681,41.70071],[44.76613,41.7005],[44.76603,41.70049],[44.76595,41.70052],[44.76581,41.70062],[44.76569,41.70064],[44.76562,41.70061],[44.76543,41.70042],[44.76508,41.70026],[44.76502,41.70021],[44.76495,41.7],[44.76485,41.70002],[44.76479,41.70012],[44.76475,41.70021],[44.76464,41.70026],[44.76452,41.70025],[44.76445,41.70021],[44.76442,41.70014],[44.7644,41.70008],[44.76433,41.70003],[44.76422,41.69999],[44.76416,41.70001],[44.7641,41.70004],[44.76402,41.70008],[44.76393,41.70006],[44.7639,41.70001],[44.76392,41.69981],[44.76388,41.69972],[44.76375,41.6997],[44.76363,41.69973],[44.76351,41.69976],[44.76343,41.69975],[44.76338,41.69969],[44.76335,41.69964],[44.76328,41.69955],[44.76319,41.6995],[44.7631,41.69945],[44.76272,41.69934],[44.76267,41.69938],[44.76261,41.6994],[44.76254,41.69939],[44.7625,41.6994],[44.76242,41.69941],[44.76238,41.6994],[44.76232,41.69935],[44.76231,41.69928],[44.76226,41.69922],[44.76215,41.69925],[44.76211,41.69928],[44.76202,41.69927],[44.76195,41.69925],[44.76183,41.69924],[44.76173,41.69919],[44.76167,41.69911],[44.76163,41.69903],[44.76158,41.69899],[44.76148,41.69899],[44.76139,41.69899],[44.76134,41.69891],[44.7613,41.69883],[44.76109,41.69879],[44.76101,41.69881],[44.76093,41.69885],[44.76087,41.69887],[44.76078,41.69888],[44.76073,41.69883],[44.76075,41.69877],[44.76071,41.69871],[44.76063,41.69868],[44.76055,41.69869],[44.76052,41.69873],[44.76046,41.69871],[44.76037,41.69865],[44.76031,41.6986],[44.76021,41.6986],[44.76014,41.69866],[44.76008,41.69871],[44.76001,41.69875],[44.75989,41.69875],[44.75983,41.69871],[44.75983,41.69865],[44.75977,41.69861],[44.75971,41.69856],[44.75971,41.6985],[44.7597,41.69844],[44.75967,41.69837],[44.75963,41.69834],[44.75952,41.69834],[44.75947,41.69839],[44.75943,41.69843],[44.75935,41.69843],[44.75927,41.69842],[44.75914,41.69836],[44.75914,41.69831],[44.75905,41.69826],[44.75899,41.69827],[44.75888,41.69827],[44.7588,41.69827],[44.75874,41.69824],[44.75867,41.69818],[44.75861,41.69814],[44.75851,41.6981],[44.75843,41.69808],[44.75825,41.69806],[44.75816,41.69808],[44.75807,41.69807],[44.75799,41.69805],[44.75791,41.69804],[44.75779,41.69805],[44.7577,41.69807],[44.75758,41.69808],[44.7575,41.69807],[44.75742,41.69804],[44.75739,41.69802],[44.75732,41.69798],[44.75722,41.69798],[44.75716,41.69799],[44.75706,41.698],[44.75701,41.69799],[44.75695,41.69796],[44.75692,41.69792],[44.75687,41.69788],[44.75686,41.69785],[44.75674,41.69786],[44.75658,41.69787],[44.75649,41.69787],[44.75639,41.69786],[44.75634,41.69782],[44.75621,41.69779],[44.75618,41.69779],[44.75603,41.69778],[44.75594,41.69778],[44.75583,41.69779],[44.75572,41.69776],[44.7557,41.69773],[44.75569,41.69765],[44.75572,41.69762],[44.75574,41.69757],[44.75573,41.69752],[44.75567,41.69746],[44.75566,41.69741],[44.75562,41.69739],[44.7555,41.69739],[44.75537,41.69741],[44.75529,41.69739],[44.75524,41.69734],[44.75521,41.69732],[44.75516,41.69725],[44.75511,41.6972],[44.755,41.69721],[44.75491,41.69723],[44.75475,41.69728],[44.75464,41.6973],[44.75459,41.6973],[44.75456,41.69725],[44.75456,41.6972],[44.75456,41.69715],[44.75456,41.69712],[44.75452,41.69709],[44.75447,41.69707],[44.75439,41.6971],[44.75433,41.69713],[44.75429,41.69718],[44.75426,41.69722],[44.75419,41.69724],[44.75412,41.69724],[44.75401,41.69721],[44.75392,41.69718],[44.75388,41.69715],[44.75376,41.69715],[44.75366,41.69715],[44.75353,41.69715],[44.75347,41.69715],[44.75337,41.69713],[44.75329,41.69709],[44.75325,41.69707],[44.75325,41.69705],[44.75319,41.697],[44.7531,41.69695],[44.75296,41.69691],[44.75287,41.69688],[44.7528,41.69685],[44.75275,41.69677],[44.75273,41.69666],[44.75273,41.69662],[44.75273,41.69652],[44.75275,41.69648],[44.7527,41.6964],[44.75267,41.69634],[44.75267,41.69628],[44.75267,41.69626],[44.75261,41.6962],[44.75254,41.69616],[44.75245,41.69613],[44.75239,41.69612],[44.75232,41.69612],[44.75227,41.69611],[44.75209,41.69601],[44.75205,41.69598],[44.752,41.69595],[44.75178,41.69595],[44.75169,41.69596],[44.75162,41.69595],[44.75155,41.69591],[44.75146,41.69592],[44.75143,41.69596],[44.75138,41.69598],[44.75133,41.69597],[44.75128,41.69592],[44.75121,41.69588],[44.75114,41.69588],[44.75106,41.6959],[44.75098,41.69595],[44.75089,41.69601],[44.75081,41.69607],[44.75077,41.69611],[44.7507,41.69613],[44.75057,41.69614],[44.75032,41.69611],[44.75014,41.6961],[44.74989,41.69609],[44.74976,41.69607],[44.74959,41.69606],[44.74936,41.69601],[44.74873,41.69587],[44.74857,41.69586],[44.7484,41.69585],[44.74827,41.69586],[44.74814,41.69585],[44.74807,41.69584],[44.74793,41.6958],[44.74786,41.69577],[44.74775,41.69571],[44.74769,41.69567],[44.74758,41.69564],[44.74741,41.69562],[44.74728,41.69559],[44.74724,41.69556],[44.74713,41.69554],[44.74699,41.69552],[44.74687,41.69549],[44.7468,41.69542],[44.74676,41.69536],[44.74672,41.69529],[44.74666,41.69523],[44.7466,41.69523],[44.74653,41.69529],[44.74643,41.69538],[44.74638,41.69548],[44.74625,41.69552],[44.74611,41.6955],[44.74602,41.69545],[44.74587,41.69543],[44.74572,41.69543],[44.74559,41.6954],[44.74545,41.69533],[44.74525,41.69526],[44.74507,41.69522],[44.74475,41.6952],[44.7445,41.69522],[44.74429,41.6952],[44.74409,41.69502],[44.744,41.69481],[44.74382,41.69453],[44.74366,41.69409],[44.74353,41.69397],[44.74317,41.69346],[44.74314,41.69327],[44.74332,41.69297],[44.74338,41.69288],[44.74348,41.69275],[44.74358,41.69258],[44.74367,41.69257],[44.74379,41.69256],[44.74373,41.69248],[44.74368,41.69241],[44.74368,41.69239],[44.74367,41.69218],[44.74389,41.69157],[44.74394,41.69115],[44.74394,41.6903],[44.74391,41.69017],[44.74391,41.68994],[44.74378,41.68966],[44.7436,41.6895],[44.74337,41.68943],[44.74317,41.68936],[44.74212,41.68917],[44.74194,41.68914],[44.74112,41.68898],[44.73916,41.68847],[44.73872,41.68833],[44.7386,41.6882],[44.73835,41.68761],[44.73822,41.68746],[44.73802,41.68732],[44.73785,41.68725],[44.73748,41.68717],[44.73661,41.68699],[44.73608,41.68687],[44.7351,41.68677],[44.7347,41.68677],[44.732,41.68651],[44.73105,41.68648],[44.73037,41.68645],[44.7291,41.6865],[44.72821,41.68653],[44.72663,41.68663],[44.72421,41.68711],[44.72344,41.68761],[44.72284,41.68809],[44.72253,41.6882],[44.72034,41.68783],[44.71891,41.68756],[44.71796,41.68731],[44.71786,41.68718],[44.71793,41.6868],[44.7183,41.6861],[44.71861,41.68504],[44.71857,41.6842],[44.71834,41.68366],[44.71813,41.68337],[44.71783,41.68303],[44.71731,41.68272],[44.71558,41.6823],[44.7134,41.68187],[44.70999,41.68138],[44.70941,41.68109],[44.709,41.68033],[44.70665,41.67904],[44.70493,41.67845],[44.70273,41.67698],[44.70125,41.67584],[44.70025,41.67466],[44.69942,41.67164],[44.69843,41.66994],[44.69835,41.66918],[44.6987,41.66757],[44.69856,41.66684],[44.69812,41.66693],[44.69724,41.66728],[44.69576,41.66853],[44.69243,41.66883],[44.68939,41.6693],[44.68885,41.66962],[44.68819,41.67075],[44.6863,41.67252],[44.68112,41.67407],[44.67936,41.67385],[44.67834,41.67358],[44.67732,41.67356],[44.67515,41.67262],[44.67421,41.67241],[44.67302,41.67251],[44.67194,41.6727],[44.67087,41.6725],[44.66982,41.67214],[44.66869,41.672],[44.66749,41.67174],[44.66703,41.67145],[44.66593,41.67092],[44.66498,41.67067],[44.66382,41.6703],[44.66357,41.67003],[44.66121,41.66968],[44.65702,41.67057],[44.65691,41.67083],[44.65558,41.67152],[44.65539,41.67139],[44.65425,41.67133],[44.65417,41.67145],[44.65312,41.67153],[44.65308,41.67166],[44.65106,41.67194],[44.65054,41.67169],[44.65022,41.67156],[44.6489,41.67161],[44.6488,41.67173],[44.64887,41.67219],[44.64862,41.67203],[44.64842,41.67176],[44.64761,41.67178],[44.64733,41.67058],[44.64684,41.67058],[44.64506,41.67027],[44.64453,41.67003],[44.64378,41.67038],[44.6431,41.67032],[44.64092,41.66986],[44.64109,41.66935],[44.63954,41.66902],[44.63992,41.66838],[44.64051,41.66783],[44.63811,41.66642],[44.63838,41.66584],[44.63824,41.66426],[44.63777,41.66364],[44.63697,41.66286],[44.63616,41.6618],[44.63189,41.66086],[44.63114,41.66052],[44.63066,41.66034],[44.62808,41.65992],[44.62637,41.65913],[44.62389,41.65884],[44.62297,41.65885],[44.62293,41.65892],[44.62099,41.65903],[44.6205,41.65913],[44.61815,41.65909],[44.61727,41.65933],[44.61635,41.65993],[44.61552,41.66072],[44.61512,41.66145],[44.61502,41.66239],[44.61515,41.66341],[44.61567,41.66404],[44.61601,41.66439],[44.61607,41.6646],[44.61608,41.66487],[44.61617,41.66524],[44.61623,41.6655],[44.61618,41.66563],[44.6159,41.66568],[44.61579,41.66562],[44.61559,41.66539],[44.61539,41.66533],[44.61518,41.66543],[44.6149,41.66554],[44.61477,41.66571],[44.61423,41.66599],[44.61327,41.6666],[44.61253,41.66713],[44.61177,41.6674],[44.61109,41.66808],[44.60996,41.66912],[44.60932,41.67177],[44.60909,41.67219],[44.60896,41.6731],[44.6088,41.67344],[44.60795,41.67419],[44.60693,41.67479],[44.60562,41.67516],[44.605,41.67544],[44.60387,41.67595],[44.6027,41.67693],[44.6017,41.67804],[44.60147,41.67857],[44.60098,41.6791],[44.60163,41.68037],[44.60123,41.68062],[44.60098,41.68094],[44.60075,41.68166],[44.60047,41.68192],[44.60023,41.6823],[44.60005,41.68277],[44.60016,41.68339],[44.60008,41.68396],[44.59957,41.68493],[44.59909,41.68534],[44.59762,41.68582],[44.5969,41.68622],[44.59655,41.68675],[44.5962,41.68775],[44.59688,41.68777],[44.59704,41.68788],[44.59707,41.688],[44.59699,41.68821],[44.59707,41.68836],[44.59741,41.68849],[44.59776,41.68867],[44.5981,41.6887],[44.5984,41.68866],[44.5986,41.68871],[44.59868,41.68884],[44.5986,41.68901],[44.59867,41.68919],[44.59909,41.68935],[44.60022,41.68964],[44.60052,41.68979],[44.60066,41.68997],[44.60098,41.69012],[44.60128,41.69023],[44.6015,41.6902],[44.60188,41.6901],[44.60214,41.69012],[44.60257,41.69027],[44.60287,41.69045],[44.60287,41.69066],[44.60273,41.69088],[44.60276,41.691],[44.60296,41.69109],[44.60324,41.69108],[44.60345,41.69091],[44.60373,41.69068],[44.60394,41.69037],[44.60415,41.69021],[44.60433,41.69022],[44.60449,41.69033],[44.60449,41.69042],[44.60445,41.69064],[44.6045,41.69076],[44.60466,41.69079],[44.60482,41.69072],[44.60492,41.69056],[44.60493,41.69035],[44.60493,41.6902],[44.60502,41.69011],[44.60529,41.69012],[44.60556,41.69029],[44.60574,41.69041],[44.60577,41.69064],[44.60576,41.69084],[44.60599,41.69098],[44.60637,41.69104],[44.60677,41.691],[44.60693,41.69105],[44.60706,41.69109],[44.60728,41.69113],[44.60738,41.69115],[44.60752,41.69108],[44.60766,41.69096],[44.60789,41.69097],[44.60844,41.69123],[44.60868,41.69156],[44.60894,41.69179],[44.6091,41.69211],[44.60926,41.69236],[44.60939,41.69245],[44.61,41.69263],[44.61026,41.69265],[44.61042,41.69258],[44.61055,41.69235],[44.61075,41.6922],[44.61097,41.69223],[44.61105,41.69231],[44.61102,41.69254],[44.61119,41.69283],[44.61151,41.69306],[44.61193,41.69328],[44.61209,41.69326],[44.61235,41.69322],[44.61253,41.69335],[44.6129,41.69357],[44.61305,41.6936],[44.61321,41.69352],[44.6134,41.69317],[44.6134,41.69267],[44.61343,41.69229],[44.61309,41.69186],[44.61317,41.69174],[44.61338,41.69167],[44.61359,41.69172],[44.61379,41.69182],[44.6141,41.69195],[44.6144,41.69211],[44.61452,41.69214],[44.61475,41.69203],[44.61488,41.69201],[44.61507,41.6921],[44.61518,41.69237],[44.61502,41.69275],[44.615,41.69276],[44.61515,41.69292],[44.61544,41.69299],[44.61575,41.69298],[44.61599,41.693],[44.61612,41.69292],[44.61621,41.69276],[44.61643,41.69267],[44.61694,41.69265],[44.61719,41.69258],[44.61738,41.69242],[44.6175,41.69229],[44.61763,41.69224],[44.61781,41.69229],[44.61786,41.69244],[44.61778,41.6929],[44.6178,41.69304],[44.61792,41.6931],[44.61809,41.69308],[44.61858,41.69307],[44.61896,41.69308],[44.61919,41.69316],[44.61945,41.69336],[44.61956,41.69342],[44.61972,41.69335],[44.61971,41.69328],[44.61962,41.69314],[44.61957,41.69298],[44.61965,41.6928],[44.61982,41.69262],[44.61998,41.69254],[44.62014,41.69251],[44.62029,41.69254],[44.62043,41.69269],[44.62048,41.69284],[44.62045,41.69305],[44.62042,41.69317],[44.62049,41.69322],[44.6208,41.69326],[44.62093,41.69323],[44.62101,41.69316],[44.6212,41.69294],[44.62137,41.69284],[44.62173,41.69273],[44.62213,41.69265],[44.6225,41.69261],[44.62274,41.69269],[44.62296,41.69283],[44.62344,41.69328],[44.62383,41.69371],[44.62419,41.69396],[44.62434,41.69396],[44.62441,41.69392],[44.62467,41.69371],[44.62485,41.69352],[44.62505,41.6934],[44.62528,41.6934],[44.62576,41.69349],[44.62586,41.69352],[44.62595,41.69366],[44.62605,41.69373],[44.62624,41.69375],[44.62633,41.69369],[44.62642,41.69351],[44.62642,41.69336],[44.62656,41.6931],[44.62682,41.69276],[44.62692,41.69262],[44.62701,41.69258],[44.62714,41.6926],[44.62737,41.69274],[44.62759,41.69291],[44.62772,41.69293],[44.6278,41.6929],[44.62796,41.69276],[44.62822,41.69265],[44.6283,41.69267],[44.62888,41.69317],[44.6291,41.69325],[44.62937,41.69319],[44.6298,41.6928],[44.63001,41.69273],[44.63014,41.69278],[44.63047,41.69303],[44.63051,41.69315],[44.63042,41.69342],[44.63052,41.69357],[44.6307,41.69366],[44.63089,41.69373],[44.63122,41.69374],[44.63167,41.69361],[44.63222,41.69335],[44.63239,41.6933],[44.63266,41.69334],[44.63291,41.69361],[44.63303,41.69386],[44.63317,41.69392],[44.63343,41.69397],[44.63367,41.69394],[44.63395,41.69385],[44.63393,41.69358],[44.634,41.6933],[44.63408,41.69318],[44.63436,41.69307],[44.63492,41.69299],[44.63529,41.69274],[44.63577,41.69259],[44.63628,41.69261],[44.63648,41.69275],[44.63669,41.69337],[44.63698,41.69353],[44.63716,41.69352],[44.63777,41.69328],[44.63812,41.6932],[44.6385,41.69317],[44.63928,41.69342],[44.6397,41.69332],[44.6401,41.69308],[44.64059,41.69288],[44.64095,41.69251],[44.64091,41.6923],[44.6407,41.69211],[44.64019,41.69187],[44.6401,41.69173],[44.64018,41.69153],[44.64049,41.69141],[44.64063,41.69151],[44.64089,41.69181],[44.64109,41.69224],[44.6414,41.69264],[44.64189,41.6929],[44.64206,41.69325],[44.64234,41.69351],[44.64259,41.69362],[44.64281,41.69364],[44.64313,41.69358],[44.64388,41.69332],[44.64439,41.69255],[44.64455,41.69257],[44.64467,41.69264],[44.64486,41.69277],[44.64498,41.69346],[44.64503,41.69359],[44.64517,41.69371],[44.64566,41.69396],[44.64582,41.69411],[44.64582,41.69422],[44.64556,41.69458],[44.64552,41.69477],[44.6456,41.69497],[44.64573,41.69503],[44.64616,41.69511],[44.64656,41.69507],[44.64677,41.69497],[44.64691,41.69455],[44.64701,41.69447],[44.6472,41.69432],[44.6478,41.69399],[44.64813,41.6939],[44.64879,41.69386],[44.6493,41.6939],[44.64951,41.69396],[44.64977,41.69407],[44.65003,41.69428],[44.65006,41.69437],[44.65007,41.69456],[44.65035,41.69483],[44.65049,41.6949],[44.65067,41.69492],[44.65105,41.69479],[44.65109,41.69452],[44.65138,41.69417],[44.65148,41.69408],[44.6517,41.6941],[44.65179,41.69417],[44.65176,41.69426],[44.65185,41.69466],[44.65179,41.69484],[44.65183,41.69505],[44.65181,41.69528],[44.65202,41.69571],[44.65243,41.6961],[44.65294,41.69619],[44.65317,41.69635],[44.65355,41.69644],[44.65397,41.69661],[44.65418,41.69667],[44.65447,41.69664],[44.65498,41.69646],[44.65559,41.69617],[44.65599,41.69586],[44.65612,41.69571],[44.65654,41.69571],[44.65696,41.69609],[44.65734,41.69628],[44.65789,41.69644],[44.65828,41.69678],[44.65846,41.69711],[44.65838,41.69733],[44.65847,41.6975],[44.65827,41.69752],[44.65759,41.69752],[44.6574,41.69765],[44.65723,41.69785],[44.6572,41.69826],[44.65723,41.69838],[44.65737,41.69848],[44.65754,41.69856],[44.65785,41.69904],[44.65819,41.69938],[44.65849,41.69953],[44.65864,41.69956],[44.65907,41.69942],[44.65967,41.69906],[44.65995,41.69896],[44.66012,41.69896],[44.66024,41.69903],[44.6603,41.6993],[44.65996,41.69949],[44.65981,41.69965],[44.65982,41.69981],[44.65975,41.70022],[44.65982,41.7004],[44.65995,41.70052],[44.66018,41.70056],[44.66037,41.70055],[44.66064,41.70045],[44.66084,41.70025],[44.66138,41.70001],[44.66229,41.69988],[44.66259,41.69998],[44.66272,41.7001],[44.66321,41.70082],[44.6634,41.70101],[44.66356,41.70131],[44.6636,41.70157],[44.66353,41.70173],[44.66367,41.70207],[44.66395,41.7025],[44.66461,41.70303],[44.66525,41.70327],[44.6654,41.7033],[44.66576,41.70319],[44.66619,41.70291],[44.66665,41.70277],[44.66678,41.70282],[44.66699,41.70297],[44.66713,41.70317],[44.66709,41.70331],[44.66699,41.70342],[44.66692,41.70354],[44.66711,41.70432],[44.66733,41.70484],[44.6677,41.70518],[44.66826,41.70532],[44.66905,41.70539],[44.66936,41.70548],[44.66957,41.70579],[44.66962,41.70695],[44.67011,41.7075],[44.67074,41.70763],[44.67137,41.70753],[44.67204,41.70748],[44.6726,41.70785],[44.67284,41.70827],[44.67305,41.70841],[44.67341,41.7083],[44.6738,41.70846],[44.67417,41.70845],[44.6746,41.70829],[44.67483,41.70839],[44.67498,41.70859],[44.67485,41.70884],[44.67451,41.70926],[44.67423,41.70955],[44.67365,41.71008],[44.6735,41.71038],[44.67357,41.71084],[44.67407,41.71092],[44.67461,41.71084],[44.67526,41.71058],[44.67581,41.71021],[44.67657,41.71023],[44.6794,41.71019],[44.67987,41.71028],[44.68101,41.71072],[44.682,41.71118],[44.68249,41.71144],[44.68308,41.7119],[44.68379,41.71232],[44.68427,41.7125],[44.6846,41.71254],[44.68511,41.71255],[44.6856,41.71259],[44.68586,41.71272],[44.68594,41.71285],[44.68589,41.71299],[44.68557,41.71329],[44.68552,41.71341],[44.68556,41.7136],[44.68564,41.71371],[44.6858,41.71376],[44.68626,41.7137],[44.68646,41.71337],[44.68647,41.71322],[44.68661,41.71296],[44.6868,41.71288],[44.68715,41.71303],[44.68729,41.71307],[44.68766,41.71309],[44.68825,41.71302],[44.68835,41.71304],[44.68842,41.7131],[44.68843,41.71318],[44.68842,41.71339],[44.68826,41.71359],[44.68837,41.71381],[44.68853,41.71392],[44.6887,41.7139],[44.689,41.71391],[44.68952,41.71403],[44.68997,41.71406],[44.69104,41.71409],[44.69114,41.71405],[44.69133,41.71405],[44.69212,41.71423],[44.69227,41.71433],[44.69229,41.71466],[44.69233,41.71484],[44.69235,41.71492],[44.69251,41.71506],[44.69292,41.71511],[44.69329,41.71529],[44.69335,41.71535],[44.69335,41.71543],[44.69331,41.7155],[44.69322,41.7156],[44.69272,41.71586],[44.69263,41.71599],[44.69275,41.71612],[44.69288,41.71612],[44.69329,41.71612],[44.69345,41.7162],[44.69359,41.71631],[44.69365,41.71641],[44.69361,41.71652],[44.69357,41.71658],[44.69354,41.71663],[44.69346,41.71672],[44.69341,41.71677],[44.69328,41.71685],[44.69323,41.71691],[44.6932,41.71698],[44.69317,41.71708],[44.6932,41.7172],[44.69325,41.71731],[44.69311,41.71749],[44.69284,41.71764],[44.6943,41.71879],[44.69514,41.72066],[44.69539,41.72119],[44.69486,41.72143],[44.69443,41.72154],[44.69427,41.72159],[44.69401,41.72178],[44.69352,41.72203],[44.69328,41.72216],[44.69324,41.72231],[44.69336,41.7224],[44.69361,41.72243],[44.69392,41.72238],[44.69442,41.72239],[44.69452,41.72247],[44.6945,41.72255],[44.69433,41.72265],[44.69386,41.7229],[44.6923,41.72377],[44.6922,41.7239],[44.69203,41.72426],[44.69189,41.72437],[44.69171,41.72445],[44.69033,41.7251],[44.68935,41.72552],[44.68854,41.72609],[44.6876,41.72737],[44.68585,41.72835],[44.685,41.72913],[44.68418,41.73032],[44.68382,41.73148],[44.68342,41.73199],[44.68274,41.73248],[44.68148,41.73305],[44.67953,41.73355],[44.67759,41.73412],[44.67702,41.73456],[44.6766,41.735],[44.67675,41.73532],[44.67731,41.73648],[44.67835,41.73725],[44.68053,41.73834],[44.67854,41.73902],[44.67864,41.73916],[44.67902,41.73915],[44.67939,41.73916],[44.67994,41.73919],[44.68069,41.73918],[44.68171,41.73927],[44.68191,41.73941],[44.68205,41.73967],[44.68207,41.73993],[44.68214,41.7401],[44.68228,41.7402],[44.6828,41.74052],[44.6832,41.74048],[44.68336,41.7408],[44.68364,41.74081],[44.68457,41.74138],[44.68509,41.74164],[44.68524,41.74176],[44.68554,41.74191],[44.68693,41.74301],[44.68724,41.74335],[44.68828,41.74473],[44.68839,41.74509],[44.68942,41.74486],[44.68996,41.74486],[44.69047,41.74491],[44.69093,41.74487],[44.69126,41.7448],[44.69172,41.74495],[44.6921,41.74502],[44.69269,41.74527],[44.69334,41.74561],[44.69384,41.746],[44.69401,41.74607],[44.69436,41.74617],[44.69492,41.74623],[44.6953,41.74627],[44.69519,41.74664],[44.69509,41.74708],[44.69504,41.74733],[44.6948,41.74868],[44.69407,41.74984],[44.69392,41.75],[44.6933,41.75051],[44.69212,41.75132],[44.69108,41.75191],[44.68973,41.75263],[44.68979,41.7527]]]}}]}